2026.07.13 14:22:03 INFO  Started: Metals version 1.6.7 in folders '/nfs/home/yanglucheng/workspace/test/AxiInfra/ut/AxiReorder' for client Visual Studio Code 1.128.0.
2026.07.13 14:22:03 INFO  Memory monitor started
2026.07.13 14:22:03 WARN  Using H2 2.4.240 which is newer than the version Flyway has been verified with. The latest verified version of H2 is 2.3.232.
2026.07.13 14:22:04 WARN  scala-cli >= 0.1.3 not found in PATH, fetching and starting a JVM-based Scala CLI
2026.07.13 14:22:03 INFO  no build target found for /nfs/home/yanglucheng/workspace/CodeReading/AxiInfra/src/main/scala/xs/infra/axi/AxiReorder.scala. Using presentation compiler with project's scala-library version: 3.3.7
2026.07.13 14:22:04 INFO  no build target found for /nfs/home/yanglucheng/workspace/CodeReading/AxiInfra/src/main/scala/xs/infra/axi/AxiReorder.scala. Using presentation compiler with project's scala-library version: 3.3.7
2026.07.13 14:22:04 WARN  Using H2 2.4.240 which is newer than the version Flyway has been verified with. The latest verified version of H2 is 2.3.232.
2026.07.13 14:22:06 INFO  time: code lens generation in 1.59s
2026.07.13 14:22:30 INFO  mill version 1.1.3 detected to use as a bsp server.
2026.07.13 14:22:31 INFO  Overwriting BSP connection file: /nfs/home/yanglucheng/workspace/CodeReading/AxiInfra/.bsp/mill-bsp.json
2026.07.13 14:22:31 INFO  time: ran 'mill-bsp bspConfig' in 1.49s
2026.07.13 14:22:31 INFO  Attempting to connect to the build server...
2026.07.13 14:22:31 INFO  Regenerating mill-bsp json config to latest.
2026.07.13 14:22:31 INFO  mill version 1.1.3 detected to use as a bsp server.
2026.07.13 14:22:32 INFO  Creating BSP connection file: /nfs/home/yanglucheng/workspace/CodeReading/AxiInfra/.bsp/mill-bsp.json
2026.07.13 14:22:31 INFO  time: ran 'mill-bsp bspConfig' in 0.31s
2026.07.13 14:22:32 INFO  Attempting to connect to the build server...
2026.07.13 14:22:32 INFO  Running BSP server List(/nfs/home/yanglucheng/.cache/mill/download/1.0.6, --bsp, --ticker, false, --color, false, --jobs, 0)
2026.07.13 14:22:31 INFO  tracing is disabled for protocol BSP, to enable tracing of incoming and outgoing JSON messages create an empty file at /nfs/home/yanglucheng/workspace/test/AxiInfra/ut/AxiReorder/.metals/bsp.trace.json or /nfs/home/yanglucheng/.cache/metals/bsp.trace.json
2026.07.13 14:22:32 INFO  BSP server: Mill is running in BSP mode, using a separate output directory 'out/mill-bsp-out'. If you would like to reuse the regular `out/` directory, set the 'MILL_NO_SEPARATE_BSP_OUTPUT_DIR' environment variable. This will reduce the CPU usage of the BSP server but make it less responsive.
2026.07.13 14:22:32 INFO  BSP server: [bsp] Trying to load BSP server...
2026.07.13 14:22:32 INFO  BSP server: [bsp] BSP server started
2026.07.13 14:22:32 INFO  BSP server: [1-buildInitialize] Entered buildInitialize
2026.07.13 14:22:32 INFO  BSP server: [1-buildInitialize] Got client semanticdbVersion: 4.15.2. Enabling SemanticDB support.
2026.07.13 14:22:32 INFO  BSP server: [1-buildInitialize] buildInitialize took 8 msec
2026.07.13 14:22:33 INFO  BSP server: [2-onBuildInitialized] Build initialized
2026.07.13 14:22:33 INFO  time: Connected to build server in 1.86s
2026.07.13 14:22:33 INFO  Connected to Build server: mill-bsp v1.0.6
2026.07.13 14:22:34 INFO  no build target found for /nfs/home/yanglucheng/workspace/CodeReading/AxiInfra/src/main/scala/xs/infra/axi/AxiReorder.scala. Using presentation compiler with project's scala-library version: 3.3.7
2026.07.13 14:22:35 INFO  BSP server: [bsp-init] 1.0.6
2026.07.13 14:22:35 INFO  BSP server: [bsp-watch] Watching for changes to 4 paths (via fsnotify) and 5 other values...
2026.07.13 14:22:35 INFO  BSP server: [3-workspaceBuildTargets] Entered workspaceBuildTargets
2026.07.13 14:22:35 INFO  BSP server: [3-workspaceBuildTargets] Evaluating 30 tasks
2026.07.13 14:22:35 INFO  BSP server: [3-workspaceBuildTargets] Done
2026.07.13 14:22:35 INFO  BSP server: [3-workspaceBuildTargets] Evaluating 1 task
2026.07.13 14:22:35 INFO  BSP server: [3-workspaceBuildTargets] Done
2026.07.13 14:22:35 INFO  BSP server: [3-workspaceBuildTargets] workspaceBuildTargets took 262 msec
2026.07.13 14:22:35 INFO  BSP server: [4-scalacOptions] Entered buildTargetScalacOptions
2026.07.13 14:22:35 INFO  BSP server: [4-scalacOptions] Evaluating 30 tasks
2026.07.13 14:22:36 INFO  no build target found for /nfs/home/yanglucheng/workspace/CodeReading/AxiInfra/src/main/scala/xs/infra/axi/AxiReorder.scala. Using presentation compiler with project's scala-library version: 3.3.7
2026.07.13 14:22:35 INFO  BSP server: [4-scalacOptions] Done
2026.07.13 14:22:35 INFO  BSP server: [4-scalacOptions] Evaluating 1 task
2026.07.13 14:22:35 INFO  BSP server: [4-scalacOptions] Done
2026.07.13 14:22:35 INFO  BSP server: [4-scalacOptions] buildTargetScalacOptions took 228 msec
2026.07.13 14:22:35 INFO  BSP server: [5-javacOptions] Entered buildTargetJavacOptions
2026.07.13 14:22:35 INFO  BSP server: [5-javacOptions] Evaluating 30 tasks
2026.07.13 14:22:37 INFO  BSP server: [5-javacOptions] Done
2026.07.13 14:22:37 INFO  BSP server: [5-javacOptions] Evaluating 1 task
2026.07.13 14:22:37 INFO  BSP server: [5-javacOptions] Done
2026.07.13 14:22:37 INFO  BSP server: [5-javacOptions] buildTargetJavacOptions took 1337 msec
2026.07.13 14:22:37 INFO  BSP server: [6-sources] Entered buildTargetSources
2026.07.13 14:22:37 INFO  BSP server: [6-sources] Evaluating 30 tasks
2026.07.13 14:22:37 INFO  BSP server: [6-sources] Done
2026.07.13 14:22:37 INFO  BSP server: [6-sources] Evaluating 1 task
2026.07.13 14:22:37 INFO  BSP server: [6-sources] Done
2026.07.13 14:22:37 INFO  BSP server: [6-sources] buildTargetSources took 301 msec
2026.07.13 14:22:37 INFO  BSP server: [7-dependencySources] Entered buildTargetDependencySources
2026.07.13 14:22:37 INFO  BSP server: [7-dependencySources] Evaluating 30 tasks
2026.07.13 14:22:37 INFO  BSP server: [7-dependencySources] Done
2026.07.13 14:22:37 INFO  BSP server: [7-dependencySources] Evaluating 1 task
2026.07.13 14:22:37 INFO  BSP server: [7-dependencySources] Done
2026.07.13 14:22:37 INFO  BSP server: [7-dependencySources] buildTargetDependencySources took 205 msec
2026.07.13 14:22:37 INFO  BSP server: [8-dependencyModules] Entered buildTargetDependencyModules
2026.07.13 14:22:37 INFO  BSP server: [8-dependencyModules] Evaluating 30 tasks
2026.07.13 14:22:37 INFO  BSP server: [8-dependencyModules] Done
2026.07.13 14:22:37 INFO  BSP server: [8-dependencyModules] Evaluating 1 task
2026.07.13 14:22:37 INFO  BSP server: [8-dependencyModules] Done
2026.07.13 14:22:37 INFO  BSP server: [8-dependencyModules] buildTargetDependencyModules took 137 msec
2026.07.13 14:22:38 INFO  time: Imported build in 4.91s
2026.07.13 14:22:41 INFO  BSP server: [9-jvmCompileClasspath] Entered buildTargetJvmCompileClasspath
2026.07.13 14:22:41 INFO  BSP server: [9-jvmCompileClasspath] Evaluating 1 task
2026.07.13 14:22:41 INFO  BSP server: [9-jvmCompileClasspath] Done
2026.07.13 14:22:41 INFO  BSP server: [9-jvmCompileClasspath] buildTargetJvmCompileClasspath took 56 msec
2026.07.13 14:22:43 INFO  Created report: Optional[file:///nfs/home/yanglucheng/workspace/test/AxiInfra/ut/AxiReorder/file:/nfs/home/yanglucheng/workspace/CodeReading/AxiInfra/dep/rocket-chip/src/main/scala/prci/ClockDomain.scala]
2026.07.13 14:22:43 INFO  expected identifier; obtained this (full report at: "/nfs/home/yanglucheng/workspace/test/AxiInfra/ut/AxiReorder/.metals/.reports/metals/2026-07-13/r_scala-toplevel-mtags_14-22-43-931.md")
2026.07.13 14:22:44 WARN  Using H2 2.4.240 which is newer than the version Flyway has been verified with. The latest verified version of H2 is 2.3.232.
2026.07.13 14:22:49 INFO  time: indexed workspace in 10s
2026.07.13 14:22:49 INFO  BSP server: [10-scalaMainClasses] Entered buildTargetScalaMainClasses
2026.07.13 14:22:49 INFO  BSP server: [10-scalaMainClasses] Evaluating 30 tasks
2026.07.13 14:22:49 INFO  BSP server: [10-scalaMainClasses-0248] Compiling compiler interface...
2026.07.13 14:22:56 INFO  compiling target dep.chisel[3].core[3]
2026.07.13 14:22:56 INFO  compiling target dep.chisel[3]
2026.07.13 14:22:56 INFO  compiling target dep.chisel[2.13.18].core[3]
2026.07.13 14:22:57 INFO  BSP server: [10-scalaMainClasses-1574] [info] compiling 121 Scala sources to /nfs/home/yanglucheng/workspace/CodeReading/AxiInfra/out/mill-bsp-out/dep/chisel/3/compile.dest/classes ...
2026.07.13 14:22:57 INFO  BSP server: [10-scalaMainClasses-1518] [info] compiling 144 Scala sources to /nfs/home/yanglucheng/workspace/CodeReading/AxiInfra/out/mill-bsp-out/dep/chisel/3/core/3/compile.dest/classes ...
2026.07.13 14:22:57 INFO  BSP server: [10-scalaMainClasses-1495] [info] compiling 144 Scala sources to /nfs/home/yanglucheng/workspace/CodeReading/AxiInfra/out/mill-bsp-out/dep/chisel/2.13.18/core/3/compile.dest/classes ...
2026.07.13 14:22:58 INFO  BSP server: [10-scalaMainClasses-1495] [error] /nfs/home/yanglucheng/workspace/CodeReading/AxiInfra/dep/chisel/core/src/main/scala-3/chisel3/AggregateIntf.scala:19:28: ':' expected but identifier found.
2026.07.13 14:22:58 INFO  BSP server: [10-scalaMainClasses-1574] [error] /nfs/home/yanglucheng/workspace/CodeReading/AxiInfra/dep/chisel/src/main/scala-3/chisel3/choice/ModuleChoiceIntf.scala:33:11: ':' expected but identifier found.
2026.07.13 14:22:58 INFO  BSP server: [10-scalaMainClasses-1518] [error] /nfs/home/yanglucheng/workspace/CodeReading/AxiInfra/dep/chisel/core/src/main/scala-3/chisel3/AggregateIntf.scala:19:28: ':' expected but identifier found.
2026.07.13 14:22:58 INFO  BSP server: [10-scalaMainClasses-1495] [error]   def apply(p: UInt)(using SourceInfo): T = _applyImpl(p)
2026.07.13 14:22:58 INFO  BSP server: [10-scalaMainClasses-1495] [error]                            ^
2026.07.13 14:22:58 INFO  BSP server: [10-scalaMainClasses-1518] [error]   def apply(p: UInt)(using SourceInfo): T = _applyImpl(p)
2026.07.13 14:22:58 INFO  BSP server: [10-scalaMainClasses-1518] [error]                            ^
2026.07.13 14:22:58 INFO  BSP server: [10-scalaMainClasses-1574] [error]     using SourceInfo
2026.07.13 14:22:58 INFO  BSP server: [10-scalaMainClasses-1574] [error]           ^
2026.07.13 14:22:58 INFO  BSP server: [10-scalaMainClasses-1518] [error] /nfs/home/yanglucheng/workspace/CodeReading/AxiInfra/dep/chisel/core/src/main/scala-3/chisel3/AggregateIntf.scala:44:1: identifier expected but '}' found.
2026.07.13 14:22:58 INFO  BSP server: [10-scalaMainClasses-1518] [error] }
2026.07.13 14:22:58 INFO  BSP server: [10-scalaMainClasses-1518] [error] ^
2026.07.13 14:22:58 INFO  BSP server: [10-scalaMainClasses-1574] [error] /nfs/home/yanglucheng/workspace/CodeReading/AxiInfra/dep/chisel/src/main/scala-3/chisel3/choice/ModuleChoiceIntf.scala:35:1: identifier expected but '}' found.
2026.07.13 14:22:58 INFO  BSP server: [10-scalaMainClasses-1574] [error] }
2026.07.13 14:22:58 INFO  BSP server: [10-scalaMainClasses-1574] [error] ^
2026.07.13 14:22:58 INFO  BSP server: [10-scalaMainClasses-1518] [error] /nfs/home/yanglucheng/workspace/CodeReading/AxiInfra/dep/chisel/core/src/main/scala-3/chisel3/AggregateIntf.scala:57:44: ':' expected but identifier found.
2026.07.13 14:22:58 INFO  BSP server: [10-scalaMainClasses-1495] [error] /nfs/home/yanglucheng/workspace/CodeReading/AxiInfra/dep/chisel/core/src/main/scala-3/chisel3/AggregateIntf.scala:44:1: identifier expected but '}' found.
2026.07.13 14:22:58 INFO  BSP server: [10-scalaMainClasses-1518] [error]   def apply[T <: Data](elts: Seq[T])(using SourceInfo): Vec[T] = _applyImpl(elts)
2026.07.13 14:22:58 INFO  BSP server: [10-scalaMainClasses-1518] [error]                                            ^
2026.07.13 14:22:58 INFO  BSP server: [10-scalaMainClasses-1495] [error] }
2026.07.13 14:22:58 INFO  BSP server: [10-scalaMainClasses-1495] [error] ^
2026.07.13 14:22:58 INFO  BSP server: [10-scalaMainClasses-1518] [error] /nfs/home/yanglucheng/workspace/CodeReading/AxiInfra/dep/chisel/core/src/main/scala-3/chisel3/AggregateIntf.scala:171:1: identifier expected but '}' found.
2026.07.13 14:22:58 INFO  BSP server: [10-scalaMainClasses-1518] [error] }
2026.07.13 14:22:58 INFO  BSP server: [10-scalaMainClasses-1518] [error] ^
2026.07.13 14:22:58 INFO  BSP server: [10-scalaMainClasses-1495] [error] /nfs/home/yanglucheng/workspace/CodeReading/AxiInfra/dep/chisel/core/src/main/scala-3/chisel3/AggregateIntf.scala:57:44: ':' expected but identifier found.
2026.07.13 14:22:58 INFO  BSP server: [10-scalaMainClasses-1518] [error] /nfs/home/yanglucheng/workspace/CodeReading/AxiInfra/dep/chisel/core/src/main/scala-3/chisel3/AggregateIntf.scala:177:28: ':' expected but identifier found.
2026.07.13 14:22:58 INFO  BSP server: [10-scalaMainClasses-1518] [error]   def apply(p: UInt)(using SourceInfo): T
2026.07.13 14:22:58 INFO  BSP server: [10-scalaMainClasses-1518] [error]                            ^
2026.07.13 14:22:58 INFO  BSP server: [10-scalaMainClasses-1495] [error]   def apply[T <: Data](elts: Seq[T])(using SourceInfo): Vec[T] = _applyImpl(elts)
2026.07.13 14:22:58 INFO  BSP server: [10-scalaMainClasses-1518] [error] /nfs/home/yanglucheng/workspace/CodeReading/AxiInfra/dep/chisel/core/src/main/scala-3/chisel3/AggregateIntf.scala:215:1: identifier expected but '}' found.
2026.07.13 14:22:58 INFO  BSP server: [10-scalaMainClasses-1518] [error] }
2026.07.13 14:22:58 INFO  BSP server: [10-scalaMainClasses-1518] [error] ^
2026.07.13 14:22:58 INFO  BSP server: [10-scalaMainClasses-1495] [error]                                            ^
2026.07.13 14:22:58 INFO  BSP server: [10-scalaMainClasses-1495] [error] /nfs/home/yanglucheng/workspace/CodeReading/AxiInfra/dep/chisel/core/src/main/scala-3/chisel3/AggregateIntf.scala:171:1: identifier expected but '}' found.
2026.07.13 14:22:58 INFO  BSP server: [10-scalaMainClasses-1495] [error] }
2026.07.13 14:22:58 INFO  BSP server: [10-scalaMainClasses-1495] [error] ^
2026.07.13 14:22:58 INFO  BSP server: [10-scalaMainClasses-1495] [error] /nfs/home/yanglucheng/workspace/CodeReading/AxiInfra/dep/chisel/core/src/main/scala-3/chisel3/AggregateIntf.scala:177:28: ':' expected but identifier found.
2026.07.13 14:22:58 INFO  BSP server: [10-scalaMainClasses-1495] [error]   def apply(p: UInt)(using SourceInfo): T
2026.07.13 14:22:58 INFO  BSP server: [10-scalaMainClasses-1495] [error]                            ^
2026.07.13 14:22:58 INFO  BSP server: [10-scalaMainClasses-1495] [error] /nfs/home/yanglucheng/workspace/CodeReading/AxiInfra/dep/chisel/core/src/main/scala-3/chisel3/AggregateIntf.scala:215:1: identifier expected but '}' found.
2026.07.13 14:22:58 INFO  BSP server: [10-scalaMainClasses-1495] [error] }
2026.07.13 14:22:58 INFO  BSP server: [10-scalaMainClasses-1495] [error] ^
2026.07.13 14:22:58 INFO  BSP server: [10-scalaMainClasses-1574] [error] /nfs/home/yanglucheng/workspace/CodeReading/AxiInfra/dep/chisel/src/main/scala-3/chisel3/ltl/LTLIntf.scala:11:35: ':' expected but identifier found.
2026.07.13 14:22:58 INFO  BSP server: [10-scalaMainClasses-1574] [error]   def delay(delay: Int = 1)(using SourceInfo): Sequence = _delayImpl(delay)
2026.07.13 14:22:58 INFO  BSP server: [10-scalaMainClasses-1574] [error]                                   ^
2026.07.13 14:22:58 INFO  BSP server: [10-scalaMainClasses-1574] [error] /nfs/home/yanglucheng/workspace/CodeReading/AxiInfra/dep/chisel/src/main/scala-3/chisel3/ltl/LTLIntf.scala:76:1: identifier expected but '}' found.
2026.07.13 14:22:58 INFO  BSP server: [10-scalaMainClasses-1574] [error] }
2026.07.13 14:22:58 INFO  BSP server: [10-scalaMainClasses-1574] [error] ^
2026.07.13 14:22:58 INFO  BSP server: [10-scalaMainClasses-1574] [error] /nfs/home/yanglucheng/workspace/CodeReading/AxiInfra/dep/chisel/src/main/scala-3/chisel3/ltl/LTLIntf.scala:81:17: ':' expected but identifier found.
2026.07.13 14:22:58 INFO  BSP server: [10-scalaMainClasses-1574] [error]   def not(using SourceInfo): Property = _notImpl
2026.07.13 14:22:58 INFO  BSP server: [10-scalaMainClasses-1574] [error]                 ^
2026.07.13 14:22:58 INFO  BSP server: [10-scalaMainClasses-1574] [error] /nfs/home/yanglucheng/workspace/CodeReading/AxiInfra/dep/chisel/src/main/scala-3/chisel3/ltl/LTLIntf.scala:100:1: identifier expected but '}' found.
2026.07.13 14:22:58 INFO  BSP server: [10-scalaMainClasses-1574] [error] }
2026.07.13 14:22:58 INFO  BSP server: [10-scalaMainClasses-1574] [error] ^
2026.07.13 14:22:58 INFO  BSP server: [10-scalaMainClasses-1518] [error] /nfs/home/yanglucheng/workspace/CodeReading/AxiInfra/dep/chisel/core/src/main/scala-3/chisel3/BitsIntf.scala:27:26: ':' expected but identifier found.
2026.07.13 14:22:58 INFO  BSP server: [10-scalaMainClasses-1518] [error]   def tail(n: Int)(using SourceInfo): UInt = _tailImpl(n)
2026.07.13 14:22:58 INFO  BSP server: [10-scalaMainClasses-1518] [error]                          ^
2026.07.13 14:22:58 INFO  BSP server: [10-scalaMainClasses-1518] [error] /nfs/home/yanglucheng/workspace/CodeReading/AxiInfra/dep/chisel/core/src/main/scala-3/chisel3/BitsIntf.scala:188:1: identifier expected but '}' found.
2026.07.13 14:22:58 INFO  BSP server: [10-scalaMainClasses-1574] [error] /nfs/home/yanglucheng/workspace/CodeReading/AxiInfra/dep/chisel/src/main/scala-3/chisel3/ltl/LTLIntf.scala:107:50: ':' expected but identifier found.
2026.07.13 14:22:58 INFO  BSP server: [10-scalaMainClasses-1518] [error] }
2026.07.13 14:22:58 INFO  BSP server: [10-scalaMainClasses-1495] [error] /nfs/home/yanglucheng/workspace/CodeReading/AxiInfra/dep/chisel/core/src/main/scala-3/chisel3/BitsIntf.scala:27:26: ':' expected but identifier found.
2026.07.13 14:22:58 INFO  BSP server: [10-scalaMainClasses-1518] [error] ^
2026.07.13 14:22:58 INFO  BSP server: [10-scalaMainClasses-1495] [error]   def tail(n: Int)(using SourceInfo): UInt = _tailImpl(n)
2026.07.13 14:22:58 INFO  BSP server: [10-scalaMainClasses-1495] [error]                          ^
2026.07.13 14:22:58 INFO  BSP server: [10-scalaMainClasses-1518] [error] /nfs/home/yanglucheng/workspace/CodeReading/AxiInfra/dep/chisel/core/src/main/scala-3/chisel3/BitsIntf.scala:199:21: ':' expected but identifier found.
2026.07.13 14:22:58 INFO  BSP server: [10-scalaMainClasses-1574] [error]   def delay(seq: Sequence, delay: Int = 1)(using SourceInfo): Sequence = _delay(seq, delay)
2026.07.13 14:22:58 INFO  BSP server: [10-scalaMainClasses-1518] [error]   def unary_-(using SourceInfo): UInt = _impl_unary_-
2026.07.13 14:22:58 INFO  BSP server: [10-scalaMainClasses-1518] [error]                     ^
2026.07.13 14:22:58 INFO  BSP server: [10-scalaMainClasses-1574] [error]                                                  ^
2026.07.13 14:22:58 INFO  BSP server: [10-scalaMainClasses-1518] [error] /nfs/home/yanglucheng/workspace/CodeReading/AxiInfra/dep/chisel/core/src/main/scala-3/chisel3/BitsIntf.scala:388:1: identifier expected but '}' found.
2026.07.13 14:22:58 INFO  BSP server: [10-scalaMainClasses-1495] [error] /nfs/home/yanglucheng/workspace/CodeReading/AxiInfra/dep/chisel/core/src/main/scala-3/chisel3/BitsIntf.scala:188:1: identifier expected but '}' found.
2026.07.13 14:22:58 INFO  BSP server: [10-scalaMainClasses-1518] [error] }
2026.07.13 14:22:58 INFO  BSP server: [10-scalaMainClasses-1495] [error] }
2026.07.13 14:22:58 INFO  BSP server: [10-scalaMainClasses-1518] [error] ^
2026.07.13 14:22:58 INFO  BSP server: [10-scalaMainClasses-1495] [error] ^
2026.07.13 14:22:58 INFO  BSP server: [10-scalaMainClasses-1518] [error] /nfs/home/yanglucheng/workspace/CodeReading/AxiInfra/dep/chisel/core/src/main/scala-3/chisel3/BitsIntf.scala:398:27: ':' expected but identifier found.
2026.07.13 14:22:58 INFO  BSP server: [10-scalaMainClasses-1495] [error] /nfs/home/yanglucheng/workspace/CodeReading/AxiInfra/dep/chisel/core/src/main/scala-3/chisel3/BitsIntf.scala:199:21: ':' expected but identifier found.
2026.07.13 14:22:58 INFO  BSP server: [10-scalaMainClasses-1574] [error] /nfs/home/yanglucheng/workspace/CodeReading/AxiInfra/dep/chisel/src/main/scala-3/chisel3/ltl/LTLIntf.scala:192:1: identifier expected but '}' found.
2026.07.13 14:22:58 INFO  BSP server: [10-scalaMainClasses-1495] [error]   def unary_-(using SourceInfo): UInt = _impl_unary_-
2026.07.13 14:22:58 INFO  BSP server: [10-scalaMainClasses-1495] [error]                     ^
2026.07.13 14:22:58 INFO  BSP server: [10-scalaMainClasses-1518] [error]   final def unary_-(using SourceInfo): SInt = _impl_unary_-
2026.07.13 14:22:58 INFO  BSP server: [10-scalaMainClasses-1518] [error]                           ^
2026.07.13 14:22:58 INFO  BSP server: [10-scalaMainClasses-1574] [error] }
2026.07.13 14:22:58 INFO  BSP server: [10-scalaMainClasses-1495] [error] /nfs/home/yanglucheng/workspace/CodeReading/AxiInfra/dep/chisel/core/src/main/scala-3/chisel3/BitsIntf.scala:388:1: identifier expected but '}' found.
2026.07.13 14:22:58 INFO  BSP server: [10-scalaMainClasses-1495] [error] }
2026.07.13 14:22:58 INFO  BSP server: [10-scalaMainClasses-1495] [error] ^
2026.07.13 14:22:58 INFO  BSP server: [10-scalaMainClasses-1574] [error] ^
2026.07.13 14:22:58 INFO  BSP server: [10-scalaMainClasses-1518] [error] /nfs/home/yanglucheng/workspace/CodeReading/AxiInfra/dep/chisel/core/src/main/scala-3/chisel3/BitsIntf.scala:525:1: identifier expected but '}' found.
2026.07.13 14:22:58 INFO  BSP server: [10-scalaMainClasses-1518] [error] }
2026.07.13 14:22:58 INFO  BSP server: [10-scalaMainClasses-1518] [error] ^
2026.07.13 14:22:58 INFO  BSP server: [10-scalaMainClasses-1495] [error] /nfs/home/yanglucheng/workspace/CodeReading/AxiInfra/dep/chisel/core/src/main/scala-3/chisel3/BitsIntf.scala:398:27: ':' expected but identifier found.
2026.07.13 14:22:58 INFO  BSP server: [10-scalaMainClasses-1495] [error]   final def unary_-(using SourceInfo): SInt = _impl_unary_-
2026.07.13 14:22:58 INFO  BSP server: [10-scalaMainClasses-1495] [error]                           ^
2026.07.13 14:22:58 INFO  BSP server: [10-scalaMainClasses-1518] [error] /nfs/home/yanglucheng/workspace/CodeReading/AxiInfra/dep/chisel/core/src/main/scala-3/chisel3/BitsIntf.scala:528:26: ':' expected but identifier found.
2026.07.13 14:22:58 INFO  BSP server: [10-scalaMainClasses-1495] [error] /nfs/home/yanglucheng/workspace/CodeReading/AxiInfra/dep/chisel/core/src/main/scala-3/chisel3/BitsIntf.scala:525:1: identifier expected but '}' found.
2026.07.13 14:22:58 INFO  BSP server: [10-scalaMainClasses-1574] [error] /nfs/home/yanglucheng/workspace/CodeReading/AxiInfra/dep/chisel/src/main/scala-3/chisel3/ltl/LTLIntf.scala:197:33: ':' expected but identifier found.
2026.07.13 14:22:58 INFO  BSP server: [10-scalaMainClasses-1495] [error] }
2026.07.13 14:22:58 INFO  BSP server: [10-scalaMainClasses-1574] [error]   def not(prop: Property)(using SourceInfo): Property = _not(prop)
2026.07.13 14:22:58 INFO  BSP server: [10-scalaMainClasses-1495] [error] ^
2026.07.13 14:22:58 INFO  BSP server: [10-scalaMainClasses-1574] [error]                                 ^
2026.07.13 14:22:58 INFO  BSP server: [10-scalaMainClasses-1518] [error]   def asAsyncReset(using SourceInfo): AsyncReset
2026.07.13 14:22:58 INFO  BSP server: [10-scalaMainClasses-1518] [error]                          ^
2026.07.13 14:22:58 INFO  BSP server: [10-scalaMainClasses-1574] [error] /nfs/home/yanglucheng/workspace/CodeReading/AxiInfra/dep/chisel/src/main/scala-3/chisel3/ltl/LTLIntf.scala:246:1: identifier expected but '}' found.
2026.07.13 14:22:58 INFO  BSP server: [10-scalaMainClasses-1495] [error] /nfs/home/yanglucheng/workspace/CodeReading/AxiInfra/dep/chisel/core/src/main/scala-3/chisel3/BitsIntf.scala:528:26: ':' expected but identifier found.
2026.07.13 14:22:58 INFO  BSP server: [10-scalaMainClasses-1495] [error]   def asAsyncReset(using SourceInfo): AsyncReset
2026.07.13 14:22:58 INFO  BSP server: [10-scalaMainClasses-1495] [error]                          ^
2026.07.13 14:22:58 INFO  BSP server: [10-scalaMainClasses-1574] [error] }
2026.07.13 14:22:58 INFO  BSP server: [10-scalaMainClasses-1495] [error] /nfs/home/yanglucheng/workspace/CodeReading/AxiInfra/dep/chisel/core/src/main/scala-3/chisel3/BitsIntf.scala:530:1: identifier expected but '}' found.
2026.07.13 14:22:58 INFO  BSP server: [10-scalaMainClasses-1518] [error] /nfs/home/yanglucheng/workspace/CodeReading/AxiInfra/dep/chisel/core/src/main/scala-3/chisel3/BitsIntf.scala:530:1: identifier expected but '}' found.
2026.07.13 14:22:58 INFO  BSP server: [10-scalaMainClasses-1574] [error] ^
2026.07.13 14:22:58 INFO  BSP server: [10-scalaMainClasses-1495] [error] }
2026.07.13 14:22:58 INFO  BSP server: [10-scalaMainClasses-1495] [error] ^
2026.07.13 14:22:58 INFO  BSP server: [10-scalaMainClasses-1518] [error] }
2026.07.13 14:22:58 INFO  BSP server: [10-scalaMainClasses-1518] [error] ^
2026.07.13 14:22:58 INFO  BSP server: [10-scalaMainClasses-1495] [error] /nfs/home/yanglucheng/workspace/CodeReading/AxiInfra/dep/chisel/core/src/main/scala-3/chisel3/BitsIntf.scala:533:26: ':' expected but identifier found.
2026.07.13 14:22:58 INFO  BSP server: [10-scalaMainClasses-1495] [error]   def asAsyncReset(using SourceInfo): AsyncReset = _asAsyncResetImpl
2026.07.13 14:22:58 INFO  BSP server: [10-scalaMainClasses-1518] [error] /nfs/home/yanglucheng/workspace/CodeReading/AxiInfra/dep/chisel/core/src/main/scala-3/chisel3/BitsIntf.scala:533:26: ':' expected but identifier found.
2026.07.13 14:22:58 INFO  BSP server: [10-scalaMainClasses-1574] [error] /nfs/home/yanglucheng/workspace/CodeReading/AxiInfra/dep/chisel/src/main/scala-3/chisel3/ltl/LTLIntf.scala:268:11: ':' expected but identifier found.
2026.07.13 14:22:58 INFO  BSP server: [10-scalaMainClasses-1495] [error]                          ^
2026.07.13 14:22:58 INFO  BSP server: [10-scalaMainClasses-1574] [error]   )(using SourceInfo): Unit = _applyImpl(prop, clock, disable, label)
2026.07.13 14:22:58 INFO  BSP server: [10-scalaMainClasses-1574] [error]           ^
2026.07.13 14:22:58 INFO  BSP server: [10-scalaMainClasses-1518] [error]   def asAsyncReset(using SourceInfo): AsyncReset = _asAsyncResetImpl
2026.07.13 14:22:58 INFO  BSP server: [10-scalaMainClasses-1518] [error]                          ^
2026.07.13 14:22:58 INFO  BSP server: [10-scalaMainClasses-1495] [error] /nfs/home/yanglucheng/workspace/CodeReading/AxiInfra/dep/chisel/core/src/main/scala-3/chisel3/BitsIntf.scala:536:1: identifier expected but '}' found.
2026.07.13 14:22:58 INFO  BSP server: [10-scalaMainClasses-1495] [error] }
2026.07.13 14:22:58 INFO  BSP server: [10-scalaMainClasses-1495] [error] ^
2026.07.13 14:22:58 INFO  BSP server: [10-scalaMainClasses-1574] [error] /nfs/home/yanglucheng/workspace/CodeReading/AxiInfra/dep/chisel/src/main/scala-3/chisel3/ltl/LTLIntf.scala:307:1: identifier expected but '}' found.
2026.07.13 14:22:58 INFO  BSP server: [10-scalaMainClasses-1518] [error] /nfs/home/yanglucheng/workspace/CodeReading/AxiInfra/dep/chisel/core/src/main/scala-3/chisel3/BitsIntf.scala:536:1: identifier expected but '}' found.
2026.07.13 14:22:58 INFO  BSP server: [10-scalaMainClasses-1495] [error] /nfs/home/yanglucheng/workspace/CodeReading/AxiInfra/dep/chisel/core/src/main/scala-3/chisel3/BitsIntf.scala:540:26: ':' expected but identifier found.
2026.07.13 14:22:58 INFO  BSP server: [10-scalaMainClasses-1518] [error] }
2026.07.13 14:22:58 INFO  BSP server: [10-scalaMainClasses-1495] [error]   def asAsyncReset(using SourceInfo): AsyncReset = _asAsyncResetImpl
2026.07.13 14:22:58 INFO  BSP server: [10-scalaMainClasses-1518] [error] ^
2026.07.13 14:22:58 INFO  BSP server: [10-scalaMainClasses-1495] [error]                          ^
2026.07.13 14:22:58 INFO  BSP server: [10-scalaMainClasses-1574] [error] }
2026.07.13 14:22:58 INFO  BSP server: [10-scalaMainClasses-1574] [error] ^
2026.07.13 14:22:58 INFO  BSP server: [10-scalaMainClasses-1495] [error] /nfs/home/yanglucheng/workspace/CodeReading/AxiInfra/dep/chisel/core/src/main/scala-3/chisel3/BitsIntf.scala:543:1: identifier expected but '}' found.
2026.07.13 14:22:58 INFO  BSP server: [10-scalaMainClasses-1518] [error] /nfs/home/yanglucheng/workspace/CodeReading/AxiInfra/dep/chisel/core/src/main/scala-3/chisel3/BitsIntf.scala:540:26: ':' expected but identifier found.
2026.07.13 14:22:58 INFO  BSP server: [10-scalaMainClasses-1495] [error] }
2026.07.13 14:22:58 INFO  BSP server: [10-scalaMainClasses-1518] [error]   def asAsyncReset(using SourceInfo): AsyncReset = _asAsyncResetImpl
2026.07.13 14:22:58 INFO  BSP server: [10-scalaMainClasses-1495] [error] ^
2026.07.13 14:22:58 INFO  BSP server: [10-scalaMainClasses-1518] [error]                          ^
2026.07.13 14:22:58 INFO  BSP server: [10-scalaMainClasses-1495] [error] /nfs/home/yanglucheng/workspace/CodeReading/AxiInfra/dep/chisel/core/src/main/scala-3/chisel3/BitsIntf.scala:556:27: ':' expected but identifier found.
2026.07.13 14:22:58 INFO  BSP server: [10-scalaMainClasses-1495] [error]   def &(that: Bool)(using SourceInfo): Bool = _impl_&(that)
2026.07.13 14:22:58 INFO  BSP server: [10-scalaMainClasses-1495] [error]                           ^
2026.07.13 14:22:58 INFO  BSP server: [10-scalaMainClasses-1518] [error] /nfs/home/yanglucheng/workspace/CodeReading/AxiInfra/dep/chisel/core/src/main/scala-3/chisel3/BitsIntf.scala:543:1: identifier expected but '}' found.
2026.07.13 14:22:58 INFO  BSP server: [10-scalaMainClasses-1518] [error] }
2026.07.13 14:22:58 INFO  BSP server: [10-scalaMainClasses-1518] [error] ^
2026.07.13 14:22:58 INFO  BSP server: [10-scalaMainClasses-1495] [error] /nfs/home/yanglucheng/workspace/CodeReading/AxiInfra/dep/chisel/core/src/main/scala-3/chisel3/BitsIntf.scala:607:1: identifier expected but '}' found.
2026.07.13 14:22:58 INFO  BSP server: [10-scalaMainClasses-1518] [error] /nfs/home/yanglucheng/workspace/CodeReading/AxiInfra/dep/chisel/core/src/main/scala-3/chisel3/BitsIntf.scala:556:27: ':' expected but identifier found.
2026.07.13 14:22:58 INFO  BSP server: [10-scalaMainClasses-1495] [error] }
2026.07.13 14:22:58 INFO  BSP server: [10-scalaMainClasses-1495] [error] ^
2026.07.13 14:22:58 INFO  BSP server: [10-scalaMainClasses-1518] [error]   def &(that: Bool)(using SourceInfo): Bool = _impl_&(that)
2026.07.13 14:22:58 INFO  BSP server: [10-scalaMainClasses-1518] [error]                           ^
2026.07.13 14:22:58 INFO  BSP server: [10-scalaMainClasses-1495] [error] /nfs/home/yanglucheng/workspace/CodeReading/AxiInfra/dep/chisel/core/src/main/scala-3/chisel3/BundleSelect.scala:15:1: expected class or object definition
2026.07.13 14:22:58 INFO  BSP server: [10-scalaMainClasses-1518] [error] /nfs/home/yanglucheng/workspace/CodeReading/AxiInfra/dep/chisel/core/src/main/scala-3/chisel3/BitsIntf.scala:607:1: identifier expected but '}' found.
2026.07.13 14:22:58 INFO  BSP server: [10-scalaMainClasses-1495] [error] extension (b: Bundle) {
2026.07.13 14:22:58 INFO  BSP server: [10-scalaMainClasses-1495] [error] ^
2026.07.13 14:22:58 INFO  BSP server: [10-scalaMainClasses-1518] [error] }
2026.07.13 14:22:58 INFO  BSP server: [10-scalaMainClasses-1518] [error] ^
2026.07.13 14:22:58 INFO  BSP server: [10-scalaMainClasses-1518] [error] /nfs/home/yanglucheng/workspace/CodeReading/AxiInfra/dep/chisel/core/src/main/scala-3/chisel3/BundleSelect.scala:15:1: expected class or object definition
2026.07.13 14:22:58 INFO  BSP server: [10-scalaMainClasses-1518] [error] extension (b: Bundle) {
2026.07.13 14:22:58 INFO  BSP server: [10-scalaMainClasses-1518] [error] ^
2026.07.13 14:22:58 INFO  BSP server: [10-scalaMainClasses-1574] [error] /nfs/home/yanglucheng/workspace/CodeReading/AxiInfra/dep/chisel/src/main/scala-3/chisel3/util/BitPatIntf.scala:12:33: ':' expected but identifier found.
2026.07.13 14:22:58 INFO  BSP server: [10-scalaMainClasses-1574] [error]     def ===(that: BitPat)(using SourceInfo): Bool = that === x
2026.07.13 14:22:58 INFO  BSP server: [10-scalaMainClasses-1574] [error]                                 ^
2026.07.13 14:22:58 INFO  BSP server: [10-scalaMainClasses-1495] [error] /nfs/home/yanglucheng/workspace/CodeReading/AxiInfra/dep/chisel/core/src/main/scala-3/chisel3/ChiselEnumIntf.scala:20:39: unclosed character literal
2026.07.13 14:22:58 INFO  BSP server: [10-scalaMainClasses-1495] [error]     ${ ChiselEnumMacros.valImpl[Type]('{ this }) }
2026.07.13 14:22:58 INFO  BSP server: [10-scalaMainClasses-1574] [error] /nfs/home/yanglucheng/workspace/CodeReading/AxiInfra/dep/chisel/src/main/scala-3/chisel3/util/BitPatIntf.scala:14:3: identifier expected but '}' found.
2026.07.13 14:22:58 INFO  BSP server: [10-scalaMainClasses-1495] [error]                                       ^
2026.07.13 14:22:58 INFO  BSP server: [10-scalaMainClasses-1518] [error] /nfs/home/yanglucheng/workspace/CodeReading/AxiInfra/dep/chisel/core/src/main/scala-3/chisel3/ChiselEnumIntf.scala:20:39: unclosed character literal
2026.07.13 14:22:58 INFO  BSP server: [10-scalaMainClasses-1574] [error]   }
2026.07.13 14:22:58 INFO  BSP server: [10-scalaMainClasses-1574] [error]   ^
2026.07.13 14:22:58 INFO  BSP server: [10-scalaMainClasses-1518] [error]     ${ ChiselEnumMacros.valImpl[Type]('{ this }) }
2026.07.13 14:22:58 INFO  BSP server: [10-scalaMainClasses-1518] [error]                                       ^
2026.07.13 14:22:58 INFO  BSP server: [10-scalaMainClasses-1495] [error] /nfs/home/yanglucheng/workspace/CodeReading/AxiInfra/dep/chisel/core/src/main/scala-3/chisel3/ChiselEnumIntf.scala:23:45: unclosed character literal (or use " not ' for string literal)
2026.07.13 14:22:58 INFO  BSP server: [10-scalaMainClasses-1574] [error] /nfs/home/yanglucheng/workspace/CodeReading/AxiInfra/dep/chisel/src/main/scala-3/chisel3/util/BitPatIntf.scala:21:28: ':' expected but identifier found.
2026.07.13 14:22:58 INFO  BSP server: [10-scalaMainClasses-1495] [error]     ${ ChiselEnumMacros.valCustomImpl[Type]('{ this }, '{ id }) }
2026.07.13 14:22:58 INFO  BSP server: [10-scalaMainClasses-1574] [error]   def apply(x:  Int)(using SourceInfo):         BitPat = _applyImpl(x)
2026.07.13 14:22:58 INFO  BSP server: [10-scalaMainClasses-1495] [error]                                             ^
2026.07.13 14:22:58 INFO  BSP server: [10-scalaMainClasses-1574] [error]                            ^
2026.07.13 14:22:58 INFO  BSP server: [10-scalaMainClasses-1518] [error] /nfs/home/yanglucheng/workspace/CodeReading/AxiInfra/dep/chisel/core/src/main/scala-3/chisel3/ChiselEnumIntf.scala:23:45: unclosed character literal (or use " not ' for string literal)
2026.07.13 14:22:58 INFO  BSP server: [10-scalaMainClasses-1574] [error] /nfs/home/yanglucheng/workspace/CodeReading/AxiInfra/dep/chisel/src/main/scala-3/chisel3/util/BitPatIntf.scala:26:1: identifier expected but '}' found.
2026.07.13 14:22:58 INFO  BSP server: [10-scalaMainClasses-1495] [error] /nfs/home/yanglucheng/workspace/CodeReading/AxiInfra/dep/chisel/core/src/main/scala-3/chisel3/ChiselEnumIntf.scala:23:56: unclosed character literal (or use " not ' for string literal)
2026.07.13 14:22:58 INFO  BSP server: [10-scalaMainClasses-1518] [error]     ${ ChiselEnumMacros.valCustomImpl[Type]('{ this }, '{ id }) }
2026.07.13 14:22:58 INFO  BSP server: [10-scalaMainClasses-1574] [error] }
2026.07.13 14:22:58 INFO  BSP server: [10-scalaMainClasses-1495] [error]     ${ ChiselEnumMacros.valCustomImpl[Type]('{ this }, '{ id }) }
2026.07.13 14:22:58 INFO  BSP server: [10-scalaMainClasses-1518] [error]                                             ^
2026.07.13 14:22:58 INFO  BSP server: [10-scalaMainClasses-1574] [error] ^
2026.07.13 14:22:58 INFO  BSP server: [10-scalaMainClasses-1495] [error]                                                        ^
2026.07.13 14:22:58 INFO  BSP server: [10-scalaMainClasses-1518] [error] /nfs/home/yanglucheng/workspace/CodeReading/AxiInfra/dep/chisel/core/src/main/scala-3/chisel3/ChiselEnumIntf.scala:23:56: unclosed character literal (or use " not ' for string literal)
2026.07.13 14:22:58 INFO  BSP server: [10-scalaMainClasses-1518] [error]     ${ ChiselEnumMacros.valCustomImpl[Type]('{ this }, '{ id }) }
2026.07.13 14:22:58 INFO  BSP server: [10-scalaMainClasses-1518] [error]                                                        ^
2026.07.13 14:22:58 INFO  BSP server: [10-scalaMainClasses-1574] [error] /nfs/home/yanglucheng/workspace/CodeReading/AxiInfra/dep/chisel/src/main/scala-3/chisel3/util/BitwiseIntf.scala:17:37: ':' expected but identifier found.
2026.07.13 14:22:58 INFO  BSP server: [10-scalaMainClasses-1574] [error]   def apply(n: Int, in: UInt)(using SourceInfo): UInt = _applyImpl(n, in)
2026.07.13 14:22:58 INFO  BSP server: [10-scalaMainClasses-1574] [error]                                     ^
2026.07.13 14:22:58 INFO  BSP server: [10-scalaMainClasses-1574] [error] /nfs/home/yanglucheng/workspace/CodeReading/AxiInfra/dep/chisel/src/main/scala-3/chisel3/util/BitwiseIntf.scala:24:1: identifier expected but '}' found.
2026.07.13 14:22:58 INFO  BSP server: [10-scalaMainClasses-1574] [error] }
2026.07.13 14:22:58 INFO  BSP server: [10-scalaMainClasses-1574] [error] ^
2026.07.13 14:22:58 INFO  BSP server: [10-scalaMainClasses-1495] [error] /nfs/home/yanglucheng/workspace/CodeReading/AxiInfra/dep/chisel/core/src/main/scala-3/chisel3/ChiselEnumIntf.scala:10:39: ':' expected but identifier found.
2026.07.13 14:22:58 INFO  BSP server: [10-scalaMainClasses-1518] [error] /nfs/home/yanglucheng/workspace/CodeReading/AxiInfra/dep/chisel/core/src/main/scala-3/chisel3/ChiselEnumIntf.scala:10:39: ':' expected but identifier found.
2026.07.13 14:22:58 INFO  BSP server: [10-scalaMainClasses-1574] [error] /nfs/home/yanglucheng/workspace/CodeReading/AxiInfra/dep/chisel/src/main/scala-3/chisel3/util/BitwiseIntf.scala:28:39: ':' expected but identifier found.
2026.07.13 14:22:58 INFO  BSP server: [10-scalaMainClasses-1495] [error]   final def ===(that: EnumType)(using SourceInfo): Bool = _impl_===(that)
2026.07.13 14:22:58 INFO  BSP server: [10-scalaMainClasses-1518] [error]   final def ===(that: EnumType)(using SourceInfo): Bool = _impl_===(that)
2026.07.13 14:22:58 INFO  BSP server: [10-scalaMainClasses-1574] [error]   def apply(in: Iterable[Bool])(using SourceInfo): UInt = _applyImpl(in)
2026.07.13 14:22:58 INFO  BSP server: [10-scalaMainClasses-1518] [error]                                       ^
2026.07.13 14:22:58 INFO  BSP server: [10-scalaMainClasses-1574] [error]                                       ^
2026.07.13 14:22:58 INFO  BSP server: [10-scalaMainClasses-1495] [error]                                       ^
2026.07.13 14:22:58 INFO  BSP server: [10-scalaMainClasses-1574] [error] /nfs/home/yanglucheng/workspace/CodeReading/AxiInfra/dep/chisel/src/main/scala-3/chisel3/util/BitwiseIntf.scala:30:1: identifier expected but '}' found.
2026.07.13 14:22:58 INFO  BSP server: [10-scalaMainClasses-1574] [error] }
2026.07.13 14:22:58 INFO  BSP server: [10-scalaMainClasses-1574] [error] ^
2026.07.13 14:22:58 INFO  BSP server: [10-scalaMainClasses-1518] [error] /nfs/home/yanglucheng/workspace/CodeReading/AxiInfra/dep/chisel/core/src/main/scala-3/chisel3/ChiselEnumIntf.scala:16:1: identifier expected but '}' found.
2026.07.13 14:22:58 INFO  BSP server: [10-scalaMainClasses-1495] [error] /nfs/home/yanglucheng/workspace/CodeReading/AxiInfra/dep/chisel/core/src/main/scala-3/chisel3/ChiselEnumIntf.scala:16:1: identifier expected but '}' found.
2026.07.13 14:22:58 INFO  BSP server: [10-scalaMainClasses-1518] [error] }
2026.07.13 14:22:58 INFO  BSP server: [10-scalaMainClasses-1495] [error] }
2026.07.13 14:22:58 INFO  BSP server: [10-scalaMainClasses-1518] [error] ^
2026.07.13 14:22:58 INFO  BSP server: [10-scalaMainClasses-1574] [error] /nfs/home/yanglucheng/workspace/CodeReading/AxiInfra/dep/chisel/src/main/scala-3/chisel3/util/BitwiseIntf.scala:39:36: ':' expected but identifier found.
2026.07.13 14:22:58 INFO  BSP server: [10-scalaMainClasses-1495] [error] ^
2026.07.13 14:22:58 INFO  BSP server: [10-scalaMainClasses-1574] [error]   def apply(n: Int, x: UInt)(using SourceInfo): UInt = _applyImpl(n, x)
2026.07.13 14:22:58 INFO  BSP server: [10-scalaMainClasses-1574] [error]                                    ^
2026.07.13 14:22:58 INFO  BSP server: [10-scalaMainClasses-1574] [error] /nfs/home/yanglucheng/workspace/CodeReading/AxiInfra/dep/chisel/src/main/scala-3/chisel3/util/BitwiseIntf.scala:40:1: identifier expected but '}' found.
2026.07.13 14:22:58 INFO  BSP server: [10-scalaMainClasses-1574] [error] }
2026.07.13 14:22:58 INFO  BSP server: [10-scalaMainClasses-1574] [error] ^
2026.07.13 14:22:58 INFO  BSP server: [10-scalaMainClasses-1574] [error] /nfs/home/yanglucheng/workspace/CodeReading/AxiInfra/dep/chisel/src/main/scala-3/chisel3/util/BitwiseIntf.scala:44:29: ':' expected but identifier found.
2026.07.13 14:22:58 INFO  BSP server: [10-scalaMainClasses-1574] [error]   def apply(in: UInt)(using SourceInfo): UInt = _applyImpl(in)
2026.07.13 14:22:58 INFO  BSP server: [10-scalaMainClasses-1495] [error] /nfs/home/yanglucheng/workspace/CodeReading/AxiInfra/dep/chisel/core/src/main/scala-3/chisel3/ChiselEnumIntf.scala:19:13: expected start of definition
2026.07.13 14:22:58 INFO  BSP server: [10-scalaMainClasses-1518] [error] /nfs/home/yanglucheng/workspace/CodeReading/AxiInfra/dep/chisel/core/src/main/scala-3/chisel3/ChiselEnumIntf.scala:19:13: expected start of definition
2026.07.13 14:22:58 INFO  BSP server: [10-scalaMainClasses-1518] [error]   protected inline def Value: Type =
2026.07.13 14:22:58 INFO  BSP server: [10-scalaMainClasses-1518] [error]             ^
2026.07.13 14:22:58 INFO  BSP server: [10-scalaMainClasses-1574] [error]                             ^
2026.07.13 14:22:58 INFO  BSP server: [10-scalaMainClasses-1495] [error]   protected inline def Value: Type =
2026.07.13 14:22:58 INFO  BSP server: [10-scalaMainClasses-1495] [error]             ^
2026.07.13 14:22:58 INFO  BSP server: [10-scalaMainClasses-1574] [error] /nfs/home/yanglucheng/workspace/CodeReading/AxiInfra/dep/chisel/src/main/scala-3/chisel3/util/BitwiseIntf.scala:45:1: identifier expected but '}' found.
2026.07.13 14:22:58 INFO  BSP server: [10-scalaMainClasses-1518] [error] /nfs/home/yanglucheng/workspace/CodeReading/AxiInfra/dep/chisel/core/src/main/scala-3/chisel3/ChiselEnumIntf.scala:20:50: Unmatched closing brace '}' ignored here
2026.07.13 14:22:58 INFO  BSP server: [10-scalaMainClasses-1518] [error]     ${ ChiselEnumMacros.valImpl[Type]('{ this }) }
2026.07.13 14:22:58 INFO  BSP server: [10-scalaMainClasses-1518] [error]                                                  ^
2026.07.13 14:22:58 INFO  BSP server: [10-scalaMainClasses-1495] [error] /nfs/home/yanglucheng/workspace/CodeReading/AxiInfra/dep/chisel/core/src/main/scala-3/chisel3/ChiselEnumIntf.scala:20:50: Unmatched closing brace '}' ignored here
2026.07.13 14:22:58 INFO  BSP server: [10-scalaMainClasses-1518] [error] /nfs/home/yanglucheng/workspace/CodeReading/AxiInfra/dep/chisel/core/src/main/scala-3/chisel3/ChiselEnumIntf.scala:22:13: expected start of definition
2026.07.13 14:22:58 INFO  BSP server: [10-scalaMainClasses-1574] [error] }
2026.07.13 14:22:58 INFO  BSP server: [10-scalaMainClasses-1518] [error]   protected inline def Value(id: UInt): Type =
2026.07.13 14:22:58 INFO  BSP server: [10-scalaMainClasses-1574] [error] ^
2026.07.13 14:22:58 INFO  BSP server: [10-scalaMainClasses-1518] [error]             ^
2026.07.13 14:22:58 INFO  BSP server: [10-scalaMainClasses-1495] [error]     ${ ChiselEnumMacros.valImpl[Type]('{ this }) }
2026.07.13 14:22:58 INFO  BSP server: [10-scalaMainClasses-1495] [error]                                                  ^
2026.07.13 14:22:58 INFO  BSP server: [10-scalaMainClasses-1518] [error] /nfs/home/yanglucheng/workspace/CodeReading/AxiInfra/dep/chisel/core/src/main/scala-3/chisel3/ChiselEnumIntf.scala:23:62: Unmatched closing brace '}' ignored here
2026.07.13 14:22:58 INFO  BSP server: [10-scalaMainClasses-1518] [error]     ${ ChiselEnumMacros.valCustomImpl[Type]('{ this }, '{ id }) }
2026.07.13 14:22:58 INFO  BSP server: [10-scalaMainClasses-1518] [error]                                                              ^
2026.07.13 14:22:58 INFO  BSP server: [10-scalaMainClasses-1495] [error] /nfs/home/yanglucheng/workspace/CodeReading/AxiInfra/dep/chisel/core/src/main/scala-3/chisel3/ChiselEnumIntf.scala:22:13: expected start of definition
2026.07.13 14:22:58 INFO  BSP server: [10-scalaMainClasses-1495] [error]   protected inline def Value(id: UInt): Type =
2026.07.13 14:22:58 INFO  BSP server: [10-scalaMainClasses-1495] [error]             ^
2026.07.13 14:22:58 INFO  BSP server: [10-scalaMainClasses-1518] [error] /nfs/home/yanglucheng/workspace/CodeReading/AxiInfra/dep/chisel/core/src/main/scala-3/chisel3/ChiselEnumIntf.scala:23:65: Unmatched closing brace '}' ignored here
2026.07.13 14:22:58 INFO  BSP server: [10-scalaMainClasses-1518] [error]     ${ ChiselEnumMacros.valCustomImpl[Type]('{ this }, '{ id }) }
2026.07.13 14:22:58 INFO  BSP server: [10-scalaMainClasses-1518] [error]                                                                 ^
2026.07.13 14:22:58 INFO  BSP server: [10-scalaMainClasses-1495] [error] /nfs/home/yanglucheng/workspace/CodeReading/AxiInfra/dep/chisel/core/src/main/scala-3/chisel3/ChiselEnumIntf.scala:23:62: Unmatched closing brace '}' ignored here
2026.07.13 14:22:58 INFO  BSP server: [10-scalaMainClasses-1518] [error] /nfs/home/yanglucheng/workspace/CodeReading/AxiInfra/dep/chisel/core/src/main/scala-3/chisel3/ChiselEnumIntf.scala:33:35: ':' expected but identifier found.
2026.07.13 14:22:58 INFO  BSP server: [10-scalaMainClasses-1574] [error] /nfs/home/yanglucheng/workspace/CodeReading/AxiInfra/dep/chisel/src/main/scala-3/chisel3/util/CatIntf.scala:12:43: ':' expected but identifier found.
2026.07.13 14:22:58 INFO  BSP server: [10-scalaMainClasses-1495] [error]     ${ ChiselEnumMacros.valCustomImpl[Type]('{ this }, '{ id }) }
2026.07.13 14:22:58 INFO  BSP server: [10-scalaMainClasses-1574] [error]   def apply[T <: Bits](a: T, r: T*)(using SourceInfo): UInt = _applyImpl(a, r: _*)
2026.07.13 14:22:58 INFO  BSP server: [10-scalaMainClasses-1495] [error]                                                              ^
2026.07.13 14:22:58 INFO  BSP server: [10-scalaMainClasses-1574] [error]                                           ^
2026.07.13 14:22:58 INFO  BSP server: [10-scalaMainClasses-1495] [error] /nfs/home/yanglucheng/workspace/CodeReading/AxiInfra/dep/chisel/core/src/main/scala-3/chisel3/ChiselEnumIntf.scala:23:65: Unmatched closing brace '}' ignored here
2026.07.13 14:22:58 INFO  BSP server: [10-scalaMainClasses-1574] [error] /nfs/home/yanglucheng/workspace/CodeReading/AxiInfra/dep/chisel/src/main/scala-3/chisel3/util/CatIntf.scala:22:1: identifier expected but '}' found.
2026.07.13 14:22:58 INFO  BSP server: [10-scalaMainClasses-1495] [error]     ${ ChiselEnumMacros.valCustomImpl[Type]('{ this }, '{ id }) }
2026.07.13 14:22:58 INFO  BSP server: [10-scalaMainClasses-1574] [error] }
2026.07.13 14:22:58 INFO  BSP server: [10-scalaMainClasses-1495] [error]                                                                 ^
2026.07.13 14:22:58 INFO  BSP server: [10-scalaMainClasses-1518] [error]   private def enumValueName(using Quotes): String = {
2026.07.13 14:22:58 INFO  BSP server: [10-scalaMainClasses-1574] [error] ^
2026.07.13 14:22:58 INFO  BSP server: [10-scalaMainClasses-1518] [error]                                   ^
2026.07.13 14:22:58 INFO  BSP server: [10-scalaMainClasses-1495] [error] /nfs/home/yanglucheng/workspace/CodeReading/AxiInfra/dep/chisel/core/src/main/scala-3/chisel3/ChiselEnumIntf.scala:33:35: ':' expected but identifier found.
2026.07.13 14:22:58 INFO  BSP server: [10-scalaMainClasses-1518] [error] /nfs/home/yanglucheng/workspace/CodeReading/AxiInfra/dep/chisel/core/src/main/scala-3/chisel3/ChiselEnumIntf.scala:48:5: unclosed character literal
2026.07.13 14:22:58 INFO  BSP server: [10-scalaMainClasses-1518] [error]     '{ $self._value_impl(${ Expr(name) }).asInstanceOf[T] }
2026.07.13 14:22:58 INFO  BSP server: [10-scalaMainClasses-1518] [error]     ^
2026.07.13 14:22:58 INFO  BSP server: [10-scalaMainClasses-1495] [error]   private def enumValueName(using Quotes): String = {
2026.07.13 14:22:58 INFO  BSP server: [10-scalaMainClasses-1518] [error] /nfs/home/yanglucheng/workspace/CodeReading/AxiInfra/dep/chisel/core/src/main/scala-3/chisel3/ChiselEnumIntf.scala:48:59: Unmatched closing brace '}' ignored here
2026.07.13 14:22:58 INFO  BSP server: [10-scalaMainClasses-1518] [error]     '{ $self._value_impl(${ Expr(name) }).asInstanceOf[T] }
2026.07.13 14:22:58 INFO  BSP server: [10-scalaMainClasses-1518] [error]                                                           ^
2026.07.13 14:22:58 INFO  BSP server: [10-scalaMainClasses-1495] [error]                                   ^
2026.07.13 14:22:58 INFO  BSP server: [10-scalaMainClasses-1518] [error] /nfs/home/yanglucheng/workspace/CodeReading/AxiInfra/dep/chisel/core/src/main/scala-3/chisel3/ChiselEnumIntf.scala:54:5: unclosed character literal
2026.07.13 14:22:58 INFO  BSP server: [10-scalaMainClasses-1518] [error]     '{ $self._value_impl(${ Expr(name) }, $id).asInstanceOf[T] }
2026.07.13 14:22:58 INFO  BSP server: [10-scalaMainClasses-1518] [error]     ^
2026.07.13 14:22:58 INFO  BSP server: [10-scalaMainClasses-1518] [error] /nfs/home/yanglucheng/workspace/CodeReading/AxiInfra/dep/chisel/core/src/main/scala-3/chisel3/ChiselEnumIntf.scala:54:64: Unmatched closing brace '}' ignored here
2026.07.13 14:22:58 INFO  BSP server: [10-scalaMainClasses-1495] [error] /nfs/home/yanglucheng/workspace/CodeReading/AxiInfra/dep/chisel/core/src/main/scala-3/chisel3/ChiselEnumIntf.scala:48:5: unclosed character literal
2026.07.13 14:22:58 INFO  BSP server: [10-scalaMainClasses-1518] [error]     '{ $self._value_impl(${ Expr(name) }, $id).asInstanceOf[T] }
2026.07.13 14:22:58 INFO  BSP server: [10-scalaMainClasses-1518] [error]                                                                ^
2026.07.13 14:22:58 INFO  BSP server: [10-scalaMainClasses-1518] [error] /nfs/home/yanglucheng/workspace/CodeReading/AxiInfra/dep/chisel/core/src/main/scala-3/chisel3/ChiselEnumIntf.scala:56:1: identifier expected but '}' found.
2026.07.13 14:22:58 INFO  BSP server: [10-scalaMainClasses-1518] [error] }
2026.07.13 14:22:58 INFO  BSP server: [10-scalaMainClasses-1495] [error]     '{ $self._value_impl(${ Expr(name) }).asInstanceOf[T] }
2026.07.13 14:22:58 INFO  BSP server: [10-scalaMainClasses-1574] [error] /nfs/home/yanglucheng/workspace/CodeReading/AxiInfra/dep/chisel/src/main/scala-3/chisel3/util/MuxIntf.scala:13:58: ':' expected but identifier found.
2026.07.13 14:22:58 INFO  BSP server: [10-scalaMainClasses-1495] [error]     ^
2026.07.13 14:22:58 INFO  BSP server: [10-scalaMainClasses-1574] [error]   def apply[T <: Data](sel: Seq[Bool], in: Seq[T])(using SourceInfo): T = _applyImpl(sel, in)
2026.07.13 14:22:58 INFO  BSP server: [10-scalaMainClasses-1574] [error]                                                          ^
2026.07.13 14:22:58 INFO  BSP server: [10-scalaMainClasses-1518] [error] ^
2026.07.13 14:22:58 INFO  BSP server: [10-scalaMainClasses-1495] [error] /nfs/home/yanglucheng/workspace/CodeReading/AxiInfra/dep/chisel/core/src/main/scala-3/chisel3/ChiselEnumIntf.scala:48:59: Unmatched closing brace '}' ignored here
2026.07.13 14:22:58 INFO  BSP server: [10-scalaMainClasses-1574] [error] /nfs/home/yanglucheng/workspace/CodeReading/AxiInfra/dep/chisel/src/main/scala-3/chisel3/util/MuxIntf.scala:20:1: identifier expected but '}' found.
2026.07.13 14:22:58 INFO  BSP server: [10-scalaMainClasses-1495] [error]     '{ $self._value_impl(${ Expr(name) }).asInstanceOf[T] }
2026.07.13 14:22:58 INFO  BSP server: [10-scalaMainClasses-1495] [error]                                                           ^
2026.07.13 14:22:58 INFO  BSP server: [10-scalaMainClasses-1574] [error] }
2026.07.13 14:22:58 INFO  BSP server: [10-scalaMainClasses-1495] [error] /nfs/home/yanglucheng/workspace/CodeReading/AxiInfra/dep/chisel/core/src/main/scala-3/chisel3/ChiselEnumIntf.scala:54:5: unclosed character literal
2026.07.13 14:22:58 INFO  BSP server: [10-scalaMainClasses-1518] [error] /nfs/home/yanglucheng/workspace/CodeReading/AxiInfra/dep/chisel/core/src/main/scala-3/chisel3/ClockIntf.scala:10:20: ':' expected but identifier found.
2026.07.13 14:22:58 INFO  BSP server: [10-scalaMainClasses-1574] [error] ^
2026.07.13 14:22:58 INFO  BSP server: [10-scalaMainClasses-1495] [error]     '{ $self._value_impl(${ Expr(name) }, $id).asInstanceOf[T] }
2026.07.13 14:22:58 INFO  BSP server: [10-scalaMainClasses-1518] [error]   def asBool(using SourceInfo): Bool = _asBoolImpl
2026.07.13 14:22:58 INFO  BSP server: [10-scalaMainClasses-1495] [error]     ^
2026.07.13 14:22:58 INFO  BSP server: [10-scalaMainClasses-1518] [error]                    ^
2026.07.13 14:22:58 INFO  BSP server: [10-scalaMainClasses-1495] [error] /nfs/home/yanglucheng/workspace/CodeReading/AxiInfra/dep/chisel/core/src/main/scala-3/chisel3/ChiselEnumIntf.scala:54:64: Unmatched closing brace '}' ignored here
2026.07.13 14:22:58 INFO  BSP server: [10-scalaMainClasses-1518] [error] /nfs/home/yanglucheng/workspace/CodeReading/AxiInfra/dep/chisel/core/src/main/scala-3/chisel3/ClockIntf.scala:11:1: identifier expected but '}' found.
2026.07.13 14:22:58 INFO  BSP server: [10-scalaMainClasses-1574] [error] /nfs/home/yanglucheng/workspace/CodeReading/AxiInfra/dep/chisel/src/main/scala-3/chisel3/util/MuxIntf.scala:24:50: ':' expected but identifier found.
2026.07.13 14:22:58 INFO  BSP server: [10-scalaMainClasses-1518] [error] }
2026.07.13 14:22:58 INFO  BSP server: [10-scalaMainClasses-1574] [error]   def apply[T <: Data](in: Seq[(Bool, T)])(using SourceInfo): T = _applyImpl(in)
2026.07.13 14:22:58 INFO  BSP server: [10-scalaMainClasses-1574] [error]                                                  ^
2026.07.13 14:22:58 INFO  BSP server: [10-scalaMainClasses-1574] [error] /nfs/home/yanglucheng/workspace/CodeReading/AxiInfra/dep/chisel/src/main/scala-3/chisel3/util/MuxIntf.scala:29:1: identifier expected but '}' found.
2026.07.13 14:22:58 INFO  BSP server: [10-scalaMainClasses-1574] [error] }
2026.07.13 14:22:58 INFO  BSP server: [10-scalaMainClasses-1574] [error] ^
2026.07.13 14:22:58 INFO  BSP server: [10-scalaMainClasses-1495] [error]     '{ $self._value_impl(${ Expr(name) }, $id).asInstanceOf[T] }
2026.07.13 14:22:58 INFO  BSP server: [10-scalaMainClasses-1574] [error] /nfs/home/yanglucheng/workspace/CodeReading/AxiInfra/dep/chisel/src/main/scala-3/chisel3/util/MuxIntf.scala:43:11: ':' expected but identifier found.
2026.07.13 14:22:58 INFO  BSP server: [10-scalaMainClasses-1518] [error] ^
2026.07.13 14:22:58 INFO  BSP server: [10-scalaMainClasses-1574] [error]     using SourceInfo
2026.07.13 14:22:58 INFO  BSP server: [10-scalaMainClasses-1574] [error]           ^
2026.07.13 14:22:58 INFO  BSP server: [10-scalaMainClasses-1495] [error]                                                                ^
2026.07.13 14:22:58 INFO  BSP server: [10-scalaMainClasses-1574] [error] /nfs/home/yanglucheng/workspace/CodeReading/AxiInfra/dep/chisel/src/main/scala-3/chisel3/util/MuxIntf.scala:53:1: identifier expected but '}' found.
2026.07.13 14:22:58 INFO  BSP server: [10-scalaMainClasses-1574] [error] }
2026.07.13 14:22:58 INFO  BSP server: [10-scalaMainClasses-1574] [error] ^
2026.07.13 14:22:58 INFO  BSP server: [10-scalaMainClasses-1518] [error] /nfs/home/yanglucheng/workspace/CodeReading/AxiInfra/dep/chisel/core/src/main/scala-3/chisel3/DataIntf.scala:17:42: ':' expected but identifier found.
2026.07.13 14:22:58 INFO  BSP server: [10-scalaMainClasses-1495] [error] /nfs/home/yanglucheng/workspace/CodeReading/AxiInfra/dep/chisel/core/src/main/scala-3/chisel3/ChiselEnumIntf.scala:56:1: identifier expected but '}' found.
2026.07.13 14:22:58 INFO  BSP server: [10-scalaMainClasses-1518] [error]   def asTypeOf[T <: Data](that: T)(using SourceInfo): T = _asTypeOfImpl(that)
2026.07.13 14:22:58 INFO  BSP server: [10-scalaMainClasses-1518] [error]                                          ^
2026.07.13 14:22:58 INFO  BSP server: [10-scalaMainClasses-1518] [error] /nfs/home/yanglucheng/workspace/CodeReading/AxiInfra/dep/chisel/core/src/main/scala-3/chisel3/DataIntf.scala:27:1: identifier expected but '}' found.
2026.07.13 14:22:58 INFO  BSP server: [10-scalaMainClasses-1518] [error] }
2026.07.13 14:22:58 INFO  BSP server: [10-scalaMainClasses-1518] [error] ^
2026.07.13 14:22:58 INFO  BSP server: [10-scalaMainClasses-1495] [error] }
2026.07.13 14:22:58 INFO  BSP server: [10-scalaMainClasses-1495] [error] ^
2026.07.13 14:22:58 INFO  BSP server: [10-scalaMainClasses-1518] [error] /nfs/home/yanglucheng/workspace/CodeReading/AxiInfra/dep/chisel/core/src/main/scala-3/chisel3/DisableIntf.scala:15:21: ':' expected but identifier found.
2026.07.13 14:22:58 INFO  BSP server: [10-scalaMainClasses-1518] [error]   def unary_!(using SourceInfo): Disable = _impl_unary_!
2026.07.13 14:22:58 INFO  BSP server: [10-scalaMainClasses-1495] [error] /nfs/home/yanglucheng/workspace/CodeReading/AxiInfra/dep/chisel/core/src/main/scala-3/chisel3/ClockIntf.scala:10:20: ':' expected but identifier found.
2026.07.13 14:22:58 INFO  BSP server: [10-scalaMainClasses-1495] [error]   def asBool(using SourceInfo): Bool = _asBoolImpl
2026.07.13 14:22:58 INFO  BSP server: [10-scalaMainClasses-1495] [error]                    ^
2026.07.13 14:22:58 INFO  BSP server: [10-scalaMainClasses-1574] [error] /nfs/home/yanglucheng/workspace/CodeReading/AxiInfra/dep/chisel/src/main/scala-3/chisel3/util/RegIntf.scala:16:53: ':' expected but identifier found.
2026.07.13 14:22:58 INFO  BSP server: [10-scalaMainClasses-1518] [error]                     ^
2026.07.13 14:22:58 INFO  BSP server: [10-scalaMainClasses-1574] [error]   def apply[T <: Data](next: T, enable: Bool)(using SourceInfo): T = _applyImpl(next, enable)
2026.07.13 14:22:58 INFO  BSP server: [10-scalaMainClasses-1574] [error]                                                     ^
2026.07.13 14:22:58 INFO  BSP server: [10-scalaMainClasses-1518] [error] /nfs/home/yanglucheng/workspace/CodeReading/AxiInfra/dep/chisel/core/src/main/scala-3/chisel3/DisableIntf.scala:16:1: identifier expected but '}' found.
2026.07.13 14:22:58 INFO  BSP server: [10-scalaMainClasses-1495] [error] /nfs/home/yanglucheng/workspace/CodeReading/AxiInfra/dep/chisel/core/src/main/scala-3/chisel3/ClockIntf.scala:11:1: identifier expected but '}' found.
2026.07.13 14:22:58 INFO  BSP server: [10-scalaMainClasses-1574] [error] /nfs/home/yanglucheng/workspace/CodeReading/AxiInfra/dep/chisel/src/main/scala-3/chisel3/util/RegIntf.scala:31:1: identifier expected but '}' found.
2026.07.13 14:22:58 INFO  BSP server: [10-scalaMainClasses-1518] [error] }
2026.07.13 14:22:58 INFO  BSP server: [10-scalaMainClasses-1574] [error] }
2026.07.13 14:22:58 INFO  BSP server: [10-scalaMainClasses-1518] [error] ^
2026.07.13 14:22:58 INFO  BSP server: [10-scalaMainClasses-1574] [error] ^
2026.07.13 14:22:58 INFO  BSP server: [10-scalaMainClasses-1495] [error] }
2026.07.13 14:22:58 INFO  BSP server: [10-scalaMainClasses-1495] [error] ^
2026.07.13 14:22:58 INFO  BSP server: [10-scalaMainClasses-1574] [error] /nfs/home/yanglucheng/workspace/CodeReading/AxiInfra/dep/chisel/src/main/scala-3/chisel3/util/RegIntf.scala:50:11: ':' expected but identifier found.
2026.07.13 14:22:58 INFO  BSP server: [10-scalaMainClasses-1574] [error]     using SourceInfo
2026.07.13 14:22:58 INFO  BSP server: [10-scalaMainClasses-1574] [error]           ^
2026.07.13 14:22:58 INFO  BSP server: [10-scalaMainClasses-1574] [error] /nfs/home/yanglucheng/workspace/CodeReading/AxiInfra/dep/chisel/src/main/scala-3/chisel3/util/RegIntf.scala:105:1: identifier expected but '}' found.
2026.07.13 14:22:58 INFO  BSP server: [10-scalaMainClasses-1574] [error] }
2026.07.13 14:22:58 INFO  BSP server: [10-scalaMainClasses-1574] [error] ^
2026.07.13 14:22:58 INFO  BSP server: [10-scalaMainClasses-1574] [error] /nfs/home/yanglucheng/workspace/CodeReading/AxiInfra/dep/chisel/src/main/scala-3/chisel3/util/RegIntf.scala:120:11: ':' expected but identifier found.
2026.07.13 14:22:58 INFO  BSP server: [10-scalaMainClasses-1574] [error]     using SourceInfo
2026.07.13 14:22:58 INFO  BSP server: [10-scalaMainClasses-1574] [error]           ^
2026.07.13 14:22:58 INFO  BSP server: [10-scalaMainClasses-1495] [error] /nfs/home/yanglucheng/workspace/CodeReading/AxiInfra/dep/chisel/core/src/main/scala-3/chisel3/DataIntf.scala:17:42: ':' expected but identifier found.
2026.07.13 14:22:58 INFO  BSP server: [10-scalaMainClasses-1574] [error] /nfs/home/yanglucheng/workspace/CodeReading/AxiInfra/dep/chisel/src/main/scala-3/chisel3/util/RegIntf.scala:148:1: identifier expected but '}' found.
2026.07.13 14:22:58 INFO  BSP server: [10-scalaMainClasses-1518] [error] /nfs/home/yanglucheng/workspace/CodeReading/AxiInfra/dep/chisel/core/src/main/scala-3/chisel3/FormalContractIntf.scala:59:14: unclosed character literal
2026.07.13 14:22:58 INFO  BSP server: [10-scalaMainClasses-1574] [error] }
2026.07.13 14:22:58 INFO  BSP server: [10-scalaMainClasses-1574] [error] ^
2026.07.13 14:22:58 INFO  BSP server: [10-scalaMainClasses-1495] [error]   def asTypeOf[T <: Data](that: T)(using SourceInfo): T = _asTypeOfImpl(that)
2026.07.13 14:22:58 INFO  BSP server: [10-scalaMainClasses-1518] [error]         case '{ $x: t } =>
2026.07.13 14:22:58 INFO  BSP server: [10-scalaMainClasses-1518] [error]              ^
2026.07.13 14:22:58 INFO  BSP server: [10-scalaMainClasses-1495] [error]                                          ^
2026.07.13 14:22:58 INFO  BSP server: [10-scalaMainClasses-1518] [error] /nfs/home/yanglucheng/workspace/CodeReading/AxiInfra/dep/chisel/core/src/main/scala-3/chisel3/FormalContractIntf.scala:60:25: unclosed character literal
2026.07.13 14:22:58 INFO  BSP server: [10-scalaMainClasses-1518] [error]           val mapping = '{ (values: Seq[Data]) => values.last.asInstanceOf[t] }
2026.07.13 14:22:58 INFO  BSP server: [10-scalaMainClasses-1518] [error]                         ^
2026.07.13 14:22:58 INFO  BSP server: [10-scalaMainClasses-1495] [error] /nfs/home/yanglucheng/workspace/CodeReading/AxiInfra/dep/chisel/core/src/main/scala-3/chisel3/DataIntf.scala:27:1: identifier expected but '}' found.
2026.07.13 14:22:58 INFO  BSP server: [10-scalaMainClasses-1518] [error] /nfs/home/yanglucheng/workspace/CodeReading/AxiInfra/dep/chisel/core/src/main/scala-3/chisel3/FormalContractIntf.scala:61:11: unclosed character literal
2026.07.13 14:22:58 INFO  BSP server: [10-scalaMainClasses-1518] [error]           '{ FormalContract.mapped(${ Expr.ofSeq(elements) }, $mapping) }
2026.07.13 14:22:58 INFO  BSP server: [10-scalaMainClasses-1518] [error]           ^
2026.07.13 14:22:58 INFO  BSP server: [10-scalaMainClasses-1495] [error] }
2026.07.13 14:22:58 INFO  BSP server: [10-scalaMainClasses-1495] [error] ^
2026.07.13 14:22:58 INFO  BSP server: [10-scalaMainClasses-1574] [error] /nfs/home/yanglucheng/workspace/CodeReading/AxiInfra/dep/chisel/src/main/scala-3/chisel3/util/Switch.scala:53:7: unclosed character literal
2026.07.13 14:22:58 INFO  BSP server: [10-scalaMainClasses-1574] [error]       '{ new SwitchContext[T]($cond, None, Set.empty); () }
2026.07.13 14:22:58 INFO  BSP server: [10-scalaMainClasses-1574] [error]       ^
2026.07.13 14:22:58 INFO  BSP server: [10-scalaMainClasses-1495] [error] /nfs/home/yanglucheng/workspace/CodeReading/AxiInfra/dep/chisel/core/src/main/scala-3/chisel3/DisableIntf.scala:15:21: ':' expected but identifier found.
2026.07.13 14:22:58 INFO  BSP server: [10-scalaMainClasses-1495] [error]   def unary_!(using SourceInfo): Disable = _impl_unary_!
2026.07.13 14:22:58 INFO  BSP server: [10-scalaMainClasses-1495] [error]                     ^
2026.07.13 14:22:58 INFO  BSP server: [10-scalaMainClasses-1495] [error] /nfs/home/yanglucheng/workspace/CodeReading/AxiInfra/dep/chisel/core/src/main/scala-3/chisel3/DisableIntf.scala:16:1: identifier expected but '}' found.
2026.07.13 14:22:58 INFO  BSP server: [10-scalaMainClasses-1574] [error] /nfs/home/yanglucheng/workspace/CodeReading/AxiInfra/dep/chisel/src/main/scala-3/chisel3/util/Switch.scala:56:7: unclosed character literal
2026.07.13 14:22:58 INFO  BSP server: [10-scalaMainClasses-1495] [error] }
2026.07.13 14:22:58 INFO  BSP server: [10-scalaMainClasses-1495] [error] ^
2026.07.13 14:22:58 INFO  BSP server: [10-scalaMainClasses-1574] [error]       '{
2026.07.13 14:22:58 INFO  BSP server: [10-scalaMainClasses-1574] [error]       ^
2026.07.13 14:22:58 INFO  BSP server: [10-scalaMainClasses-1518] [error] /nfs/home/yanglucheng/workspace/CodeReading/AxiInfra/dep/chisel/core/src/main/scala-3/chisel3/FormalContractIntf.scala:10:22: ';' expected but 'def' found.
2026.07.13 14:22:58 INFO  BSP server: [10-scalaMainClasses-1495] [error] /nfs/home/yanglucheng/workspace/CodeReading/AxiInfra/dep/chisel/core/src/main/scala-3/chisel3/FormalContractIntf.scala:59:14: unclosed character literal
2026.07.13 14:22:58 INFO  BSP server: [10-scalaMainClasses-1495] [error]         case '{ $x: t } =>
2026.07.13 14:22:58 INFO  BSP server: [10-scalaMainClasses-1495] [error]              ^
2026.07.13 14:22:58 INFO  BSP server: [10-scalaMainClasses-1518] [error]   transparent inline def apply[T <: Data](inline args: T*): Any =
2026.07.13 14:22:58 INFO  BSP server: [10-scalaMainClasses-1518] [error]                      ^
2026.07.13 14:22:58 INFO  BSP server: [10-scalaMainClasses-1495] [error] /nfs/home/yanglucheng/workspace/CodeReading/AxiInfra/dep/chisel/core/src/main/scala-3/chisel3/FormalContractIntf.scala:60:25: unclosed character literal
2026.07.13 14:22:58 INFO  BSP server: [10-scalaMainClasses-1518] [error] /nfs/home/yanglucheng/workspace/CodeReading/AxiInfra/dep/chisel/core/src/main/scala-3/chisel3/FormalContractIntf.scala:41:42: ':' expected but identifier found.
2026.07.13 14:22:58 INFO  BSP server: [10-scalaMainClasses-1518] [error]   def apply(args: Expr[Seq[Data]])(using Type[Seq[Data]])(using Quotes): Expr[Any] = {
2026.07.13 14:22:58 INFO  BSP server: [10-scalaMainClasses-1518] [error]                                          ^
2026.07.13 14:22:58 INFO  BSP server: [10-scalaMainClasses-1495] [error]           val mapping = '{ (values: Seq[Data]) => values.last.asInstanceOf[t] }
2026.07.13 14:22:58 INFO  BSP server: [10-scalaMainClasses-1518] [error] /nfs/home/yanglucheng/workspace/CodeReading/AxiInfra/dep/chisel/core/src/main/scala-3/chisel3/FormalContractIntf.scala:59:23: Unmatched closing brace '}' ignored here
2026.07.13 14:22:58 INFO  BSP server: [10-scalaMainClasses-1495] [error]                         ^
2026.07.13 14:22:58 INFO  BSP server: [10-scalaMainClasses-1518] [error]         case '{ $x: t } =>
2026.07.13 14:22:58 INFO  BSP server: [10-scalaMainClasses-1518] [error]                       ^
2026.07.13 14:22:58 INFO  BSP server: [10-scalaMainClasses-1518] [error] /nfs/home/yanglucheng/workspace/CodeReading/AxiInfra/dep/chisel/core/src/main/scala-3/chisel3/FormalContractIntf.scala:60:79: Unmatched closing brace '}' ignored here
2026.07.13 14:22:58 INFO  BSP server: [10-scalaMainClasses-1518] [error]           val mapping = '{ (values: Seq[Data]) => values.last.asInstanceOf[t] }
2026.07.13 14:22:58 INFO  BSP server: [10-scalaMainClasses-1518] [error]                                                                               ^
2026.07.13 14:22:58 INFO  BSP server: [10-scalaMainClasses-1495] [error] /nfs/home/yanglucheng/workspace/CodeReading/AxiInfra/dep/chisel/core/src/main/scala-3/chisel3/FormalContractIntf.scala:61:11: unclosed character literal
2026.07.13 14:22:58 INFO  BSP server: [10-scalaMainClasses-1495] [error]           '{ FormalContract.mapped(${ Expr.ofSeq(elements) }, $mapping) }
2026.07.13 14:22:58 INFO  BSP server: [10-scalaMainClasses-1495] [error]           ^
2026.07.13 14:22:58 INFO  BSP server: [10-scalaMainClasses-1518] [error] /nfs/home/yanglucheng/workspace/CodeReading/AxiInfra/dep/chisel/core/src/main/scala-3/chisel3/FormalContractIntf.scala:61:73: Unmatched closing brace '}' ignored here
2026.07.13 14:22:58 INFO  BSP server: [10-scalaMainClasses-1518] [error]           '{ FormalContract.mapped(${ Expr.ofSeq(elements) }, $mapping) }
2026.07.13 14:22:58 INFO  BSP server: [10-scalaMainClasses-1518] [error]                                                                         ^
2026.07.13 14:22:58 INFO  BSP server: [10-scalaMainClasses-1518] [error] /nfs/home/yanglucheng/workspace/CodeReading/AxiInfra/dep/chisel/core/src/main/scala-3/chisel3/FormalContractIntf.scala:75:14: unclosed character literal
2026.07.13 14:22:58 INFO  BSP server: [10-scalaMainClasses-1518] [error]         case '{ $x: t } =>
2026.07.13 14:22:58 INFO  BSP server: [10-scalaMainClasses-1518] [error]              ^
2026.07.13 14:22:58 INFO  BSP server: [10-scalaMainClasses-1518] [error] /nfs/home/yanglucheng/workspace/CodeReading/AxiInfra/dep/chisel/core/src/main/scala-3/chisel3/FormalContractIntf.scala:75:23: Unmatched closing brace '}' ignored here
2026.07.13 14:22:58 INFO  BSP server: [10-scalaMainClasses-1518] [error]         case '{ $x: t } =>
2026.07.13 14:22:58 INFO  BSP server: [10-scalaMainClasses-1518] [error]                       ^
2026.07.13 14:22:58 INFO  BSP server: [10-scalaMainClasses-1495] [error] /nfs/home/yanglucheng/workspace/CodeReading/AxiInfra/dep/chisel/core/src/main/scala-3/chisel3/FormalContractIntf.scala:10:22: ';' expected but 'def' found.
2026.07.13 14:22:58 INFO  BSP server: [10-scalaMainClasses-1495] [error]   transparent inline def apply[T <: Data](inline args: T*): Any =
2026.07.13 14:22:58 INFO  BSP server: [10-scalaMainClasses-1518] [error] /nfs/home/yanglucheng/workspace/CodeReading/AxiInfra/dep/chisel/core/src/main/scala-3/chisel3/FormalContractIntf.scala:76:25: unclosed character literal
2026.07.13 14:22:58 INFO  BSP server: [10-scalaMainClasses-1495] [error]                      ^
2026.07.13 14:22:58 INFO  BSP server: [10-scalaMainClasses-1518] [error]           val mapping = '{ (values: Seq[Data]) =>
2026.07.13 14:22:58 INFO  BSP server: [10-scalaMainClasses-1518] [error]                         ^
2026.07.13 14:22:58 INFO  BSP server: [10-scalaMainClasses-1518] [error] /nfs/home/yanglucheng/workspace/CodeReading/AxiInfra/dep/chisel/core/src/main/scala-3/chisel3/FormalContractIntf.scala:78:68: unclosed character literal
2026.07.13 14:22:58 INFO  BSP server: [10-scalaMainClasses-1518] [error]               Expr.ofTupleFromSeq((0 until elements.size).map(i => '{ values(${ Expr(i) }) }))
2026.07.13 14:22:58 INFO  BSP server: [10-scalaMainClasses-1518] [error]                                                                    ^
2026.07.13 14:22:58 INFO  BSP server: [10-scalaMainClasses-1495] [error] /nfs/home/yanglucheng/workspace/CodeReading/AxiInfra/dep/chisel/core/src/main/scala-3/chisel3/FormalContractIntf.scala:41:42: ':' expected but identifier found.
2026.07.13 14:22:58 INFO  BSP server: [10-scalaMainClasses-1518] [error] /nfs/home/yanglucheng/workspace/CodeReading/AxiInfra/dep/chisel/core/src/main/scala-3/chisel3/FormalContractIntf.scala:78:92: Unmatched closing brace '}' ignored here
2026.07.13 14:22:58 INFO  BSP server: [10-scalaMainClasses-1495] [error]   def apply(args: Expr[Seq[Data]])(using Type[Seq[Data]])(using Quotes): Expr[Any] = {
2026.07.13 14:22:58 INFO  BSP server: [10-scalaMainClasses-1495] [error]                                          ^
2026.07.13 14:22:58 INFO  BSP server: [10-scalaMainClasses-1495] [error] /nfs/home/yanglucheng/workspace/CodeReading/AxiInfra/dep/chisel/core/src/main/scala-3/chisel3/FormalContractIntf.scala:59:23: Unmatched closing brace '}' ignored here
2026.07.13 14:22:58 INFO  BSP server: [10-scalaMainClasses-1518] [error]               Expr.ofTupleFromSeq((0 until elements.size).map(i => '{ values(${ Expr(i) }) }))
2026.07.13 14:22:58 INFO  BSP server: [10-scalaMainClasses-1518] [error]                                                                                            ^
2026.07.13 14:22:58 INFO  BSP server: [10-scalaMainClasses-1495] [error]         case '{ $x: t } =>
2026.07.13 14:22:58 INFO  BSP server: [10-scalaMainClasses-1518] [error] /nfs/home/yanglucheng/workspace/CodeReading/AxiInfra/dep/chisel/core/src/main/scala-3/chisel3/FormalContractIntf.scala:80:11: Unmatched closing brace '}' ignored here
2026.07.13 14:22:58 INFO  BSP server: [10-scalaMainClasses-1495] [error]                       ^
2026.07.13 14:22:58 INFO  BSP server: [10-scalaMainClasses-1518] [error]           }
2026.07.13 14:22:58 INFO  BSP server: [10-scalaMainClasses-1518] [error]           ^
2026.07.13 14:22:58 INFO  BSP server: [10-scalaMainClasses-1574] [error] /nfs/home/yanglucheng/workspace/CodeReading/AxiInfra/dep/chisel/src/main/scala-3/chisel3/util/Switch.scala:25:10: ';' expected but 'def' found.
2026.07.13 14:22:58 INFO  BSP server: [10-scalaMainClasses-1574] [error]   inline def apply[T <: Element](cond: T)(inline x: Any): Unit =
2026.07.13 14:22:58 INFO  BSP server: [10-scalaMainClasses-1518] [error] /nfs/home/yanglucheng/workspace/CodeReading/AxiInfra/dep/chisel/core/src/main/scala-3/chisel3/FormalContractIntf.scala:81:11: unclosed character literal
2026.07.13 14:22:58 INFO  BSP server: [10-scalaMainClasses-1574] [error]          ^
2026.07.13 14:22:58 INFO  BSP server: [10-scalaMainClasses-1518] [error]           '{ FormalContract.mapped(${ Expr.ofSeq(elements) }, $mapping) }
2026.07.13 14:22:58 INFO  BSP server: [10-scalaMainClasses-1518] [error]           ^
2026.07.13 14:22:58 INFO  BSP server: [10-scalaMainClasses-1495] [error] /nfs/home/yanglucheng/workspace/CodeReading/AxiInfra/dep/chisel/core/src/main/scala-3/chisel3/FormalContractIntf.scala:60:79: Unmatched closing brace '}' ignored here
2026.07.13 14:22:58 INFO  BSP server: [10-scalaMainClasses-1518] [error] /nfs/home/yanglucheng/workspace/CodeReading/AxiInfra/dep/chisel/core/src/main/scala-3/chisel3/FormalContractIntf.scala:81:73: Unmatched closing brace '}' ignored here
2026.07.13 14:22:58 INFO  BSP server: [10-scalaMainClasses-1495] [error]           val mapping = '{ (values: Seq[Data]) => values.last.asInstanceOf[t] }
2026.07.13 14:22:58 INFO  BSP server: [10-scalaMainClasses-1518] [error]           '{ FormalContract.mapped(${ Expr.ofSeq(elements) }, $mapping) }
2026.07.13 14:22:58 INFO  BSP server: [10-scalaMainClasses-1518] [error]                                                                         ^
2026.07.13 14:22:58 INFO  BSP server: [10-scalaMainClasses-1495] [error]                                                                               ^
2026.07.13 14:22:58 INFO  BSP server: [10-scalaMainClasses-1574] [error] /nfs/home/yanglucheng/workspace/CodeReading/AxiInfra/dep/chisel/src/main/scala-3/chisel3/util/Switch.scala:31:67: ':' expected but identifier found.
2026.07.13 14:22:58 INFO  BSP server: [10-scalaMainClasses-1574] [error]   def impl[T <: Element: Type](cond: Expr[T], x: Expr[Any])(using Quotes): Expr[Unit] = {
2026.07.13 14:22:58 INFO  BSP server: [10-scalaMainClasses-1574] [error]                                                                   ^
2026.07.13 14:22:58 INFO  BSP server: [10-scalaMainClasses-1518] [error] /nfs/home/yanglucheng/workspace/CodeReading/AxiInfra/dep/chisel/core/src/main/scala-3/chisel3/FormalContractIntf.scala:85:1: identifier expected but '}' found.
2026.07.13 14:22:58 INFO  BSP server: [10-scalaMainClasses-1518] [error] }
2026.07.13 14:22:58 INFO  BSP server: [10-scalaMainClasses-1518] [error] ^
2026.07.13 14:22:58 INFO  BSP server: [10-scalaMainClasses-1495] [error] /nfs/home/yanglucheng/workspace/CodeReading/AxiInfra/dep/chisel/core/src/main/scala-3/chisel3/FormalContractIntf.scala:61:73: Unmatched closing brace '}' ignored here
2026.07.13 14:22:58 INFO  BSP server: [10-scalaMainClasses-1495] [error]           '{ FormalContract.mapped(${ Expr.ofSeq(elements) }, $mapping) }
2026.07.13 14:22:58 INFO  BSP server: [10-scalaMainClasses-1495] [error]                                                                         ^
2026.07.13 14:22:58 INFO  BSP server: [10-scalaMainClasses-1495] [error] /nfs/home/yanglucheng/workspace/CodeReading/AxiInfra/dep/chisel/core/src/main/scala-3/chisel3/FormalContractIntf.scala:75:14: unclosed character literal
2026.07.13 14:22:58 INFO  BSP server: [10-scalaMainClasses-1574] [error] /nfs/home/yanglucheng/workspace/CodeReading/AxiInfra/dep/chisel/src/main/scala-3/chisel3/util/Switch.scala:53:59: Unmatched closing brace '}' ignored here
2026.07.13 14:22:58 INFO  BSP server: [10-scalaMainClasses-1495] [error]         case '{ $x: t } =>
2026.07.13 14:22:58 INFO  BSP server: [10-scalaMainClasses-1495] [error]              ^
2026.07.13 14:22:58 INFO  BSP server: [10-scalaMainClasses-1574] [error]       '{ new SwitchContext[T]($cond, None, Set.empty); () }
2026.07.13 14:22:58 INFO  BSP server: [10-scalaMainClasses-1574] [error]                                                           ^
2026.07.13 14:22:58 INFO  BSP server: [10-scalaMainClasses-1495] [error] /nfs/home/yanglucheng/workspace/CodeReading/AxiInfra/dep/chisel/core/src/main/scala-3/chisel3/FormalContractIntf.scala:75:23: Unmatched closing brace '}' ignored here
2026.07.13 14:22:58 INFO  BSP server: [10-scalaMainClasses-1495] [error]         case '{ $x: t } =>
2026.07.13 14:22:58 INFO  BSP server: [10-scalaMainClasses-1495] [error]                       ^
2026.07.13 14:22:58 INFO  BSP server: [10-scalaMainClasses-1495] [error] /nfs/home/yanglucheng/workspace/CodeReading/AxiInfra/dep/chisel/core/src/main/scala-3/chisel3/FormalContractIntf.scala:76:25: unclosed character literal
2026.07.13 14:22:58 INFO  BSP server: [10-scalaMainClasses-1574] [error] /nfs/home/yanglucheng/workspace/CodeReading/AxiInfra/dep/chisel/src/main/scala-3/chisel3/util/Switch.scala:62:7: Unmatched closing brace '}' ignored here
2026.07.13 14:22:58 INFO  BSP server: [10-scalaMainClasses-1495] [error]           val mapping = '{ (values: Seq[Data]) =>
2026.07.13 14:22:58 INFO  BSP server: [10-scalaMainClasses-1495] [error]                         ^
2026.07.13 14:22:58 INFO  BSP server: [10-scalaMainClasses-1574] [error]       }
2026.07.13 14:22:58 INFO  BSP server: [10-scalaMainClasses-1574] [error]       ^
2026.07.13 14:22:58 INFO  BSP server: [10-scalaMainClasses-1574] [error] /nfs/home/yanglucheng/workspace/CodeReading/AxiInfra/dep/chisel/src/main/scala-3/chisel3/util/Switch.scala:72:12: unclosed character literal
2026.07.13 14:22:58 INFO  BSP server: [10-scalaMainClasses-1495] [error] /nfs/home/yanglucheng/workspace/CodeReading/AxiInfra/dep/chisel/core/src/main/scala-3/chisel3/FormalContractIntf.scala:78:68: unclosed character literal
2026.07.13 14:22:58 INFO  BSP server: [10-scalaMainClasses-1574] [error]       case '{ $iter: Iterable[T] } => iter
2026.07.13 14:22:58 INFO  BSP server: [10-scalaMainClasses-1574] [error]            ^
2026.07.13 14:22:58 INFO  BSP server: [10-scalaMainClasses-1495] [error]               Expr.ofTupleFromSeq((0 until elements.size).map(i => '{ values(${ Expr(i) }) }))
2026.07.13 14:22:58 INFO  BSP server: [10-scalaMainClasses-1495] [error]                                                                    ^
2026.07.13 14:22:58 INFO  BSP server: [10-scalaMainClasses-1574] [error] /nfs/home/yanglucheng/workspace/CodeReading/AxiInfra/dep/chisel/src/main/scala-3/chisel3/util/Switch.scala:72:34: Unmatched closing brace '}' ignored here
2026.07.13 14:22:58 INFO  BSP server: [10-scalaMainClasses-1574] [error]       case '{ $iter: Iterable[T] } => iter
2026.07.13 14:22:58 INFO  BSP server: [10-scalaMainClasses-1495] [error] /nfs/home/yanglucheng/workspace/CodeReading/AxiInfra/dep/chisel/core/src/main/scala-3/chisel3/FormalContractIntf.scala:78:92: Unmatched closing brace '}' ignored here
2026.07.13 14:22:58 INFO  BSP server: [10-scalaMainClasses-1574] [error]                                  ^
2026.07.13 14:22:58 INFO  BSP server: [10-scalaMainClasses-1518] [error] /nfs/home/yanglucheng/workspace/CodeReading/AxiInfra/dep/chisel/core/src/main/scala-3/chisel3/MemIntf.scala:19:11: ':' expected but identifier found.
2026.07.13 14:22:58 INFO  BSP server: [10-scalaMainClasses-1495] [error]               Expr.ofTupleFromSeq((0 until elements.size).map(i => '{ values(${ Expr(i) }) }))
2026.07.13 14:22:58 INFO  BSP server: [10-scalaMainClasses-1574] [error] /nfs/home/yanglucheng/workspace/CodeReading/AxiInfra/dep/chisel/src/main/scala-3/chisel3/util/Switch.scala:73:12: unclosed character literal (or use " not ' for string literal)
2026.07.13 14:22:58 INFO  BSP server: [10-scalaMainClasses-1495] [error]                                                                                            ^
2026.07.13 14:22:58 INFO  BSP server: [10-scalaMainClasses-1574] [error]       case '{ $elem: T }           => '{ Seq($elem) }
2026.07.13 14:22:58 INFO  BSP server: [10-scalaMainClasses-1574] [error]            ^
2026.07.13 14:22:58 INFO  BSP server: [10-scalaMainClasses-1518] [error]     using SourceInfo
2026.07.13 14:22:58 INFO  BSP server: [10-scalaMainClasses-1574] [error] /nfs/home/yanglucheng/workspace/CodeReading/AxiInfra/dep/chisel/src/main/scala-3/chisel3/util/Switch.scala:73:24: Unmatched closing brace '}' ignored here
2026.07.13 14:22:58 INFO  BSP server: [10-scalaMainClasses-1495] [error] /nfs/home/yanglucheng/workspace/CodeReading/AxiInfra/dep/chisel/core/src/main/scala-3/chisel3/FormalContractIntf.scala:80:11: Unmatched closing brace '}' ignored here
2026.07.13 14:22:58 INFO  BSP server: [10-scalaMainClasses-1518] [error]           ^
2026.07.13 14:22:58 INFO  BSP server: [10-scalaMainClasses-1574] [error]       case '{ $elem: T }           => '{ Seq($elem) }
2026.07.13 14:22:58 INFO  BSP server: [10-scalaMainClasses-1574] [error]                        ^
2026.07.13 14:22:58 INFO  BSP server: [10-scalaMainClasses-1495] [error]           }
2026.07.13 14:22:58 INFO  BSP server: [10-scalaMainClasses-1495] [error]           ^
2026.07.13 14:22:58 INFO  BSP server: [10-scalaMainClasses-1574] [error] /nfs/home/yanglucheng/workspace/CodeReading/AxiInfra/dep/chisel/src/main/scala-3/chisel3/util/Switch.scala:73:39: unclosed character literal (or use " not ' for string literal)
2026.07.13 14:22:58 INFO  BSP server: [10-scalaMainClasses-1574] [error]       case '{ $elem: T }           => '{ Seq($elem) }
2026.07.13 14:22:58 INFO  BSP server: [10-scalaMainClasses-1574] [error]                                       ^
2026.07.13 14:22:58 INFO  BSP server: [10-scalaMainClasses-1495] [error] /nfs/home/yanglucheng/workspace/CodeReading/AxiInfra/dep/chisel/core/src/main/scala-3/chisel3/FormalContractIntf.scala:81:11: unclosed character literal
2026.07.13 14:22:58 INFO  BSP server: [10-scalaMainClasses-1495] [error]           '{ FormalContract.mapped(${ Expr.ofSeq(elements) }, $mapping) }
2026.07.13 14:22:58 INFO  BSP server: [10-scalaMainClasses-1495] [error]           ^
2026.07.13 14:22:58 INFO  BSP server: [10-scalaMainClasses-1518] [error] /nfs/home/yanglucheng/workspace/CodeReading/AxiInfra/dep/chisel/core/src/main/scala-3/chisel3/MemIntf.scala:28:1: identifier expected but '}' found.
2026.07.13 14:22:58 INFO  BSP server: [10-scalaMainClasses-1518] [error] }
2026.07.13 14:22:58 INFO  BSP server: [10-scalaMainClasses-1574] [error] /nfs/home/yanglucheng/workspace/CodeReading/AxiInfra/dep/chisel/src/main/scala-3/chisel3/util/Switch.scala:73:53: Unmatched closing brace '}' ignored here
2026.07.13 14:22:58 INFO  BSP server: [10-scalaMainClasses-1495] [error] /nfs/home/yanglucheng/workspace/CodeReading/AxiInfra/dep/chisel/core/src/main/scala-3/chisel3/FormalContractIntf.scala:81:73: Unmatched closing brace '}' ignored here
2026.07.13 14:22:58 INFO  BSP server: [10-scalaMainClasses-1574] [error]       case '{ $elem: T }           => '{ Seq($elem) }
2026.07.13 14:22:58 INFO  BSP server: [10-scalaMainClasses-1495] [error]           '{ FormalContract.mapped(${ Expr.ofSeq(elements) }, $mapping) }
2026.07.13 14:22:58 INFO  BSP server: [10-scalaMainClasses-1574] [error]                                                     ^
2026.07.13 14:22:58 INFO  BSP server: [10-scalaMainClasses-1495] [error]                                                                         ^
2026.07.13 14:22:58 INFO  BSP server: [10-scalaMainClasses-1495] [error] /nfs/home/yanglucheng/workspace/CodeReading/AxiInfra/dep/chisel/core/src/main/scala-3/chisel3/FormalContractIntf.scala:85:1: identifier expected but '}' found.
2026.07.13 14:22:58 INFO  BSP server: [10-scalaMainClasses-1495] [error] }
2026.07.13 14:22:58 INFO  BSP server: [10-scalaMainClasses-1574] [error] /nfs/home/yanglucheng/workspace/CodeReading/AxiInfra/dep/chisel/src/main/scala-3/chisel3/util/Switch.scala:79:12: unclosed character literal (or use " not ' for string literal)
2026.07.13 14:22:58 INFO  BSP server: [10-scalaMainClasses-1495] [error] ^
2026.07.13 14:22:58 INFO  BSP server: [10-scalaMainClasses-1518] [error] ^
2026.07.13 14:22:58 INFO  BSP server: [10-scalaMainClasses-1574] [error]       case '{ $b: t } => '{ () => $b }
2026.07.13 14:22:58 INFO  BSP server: [10-scalaMainClasses-1574] [error]            ^
2026.07.13 14:22:58 INFO  BSP server: [10-scalaMainClasses-1518] [error] /nfs/home/yanglucheng/workspace/CodeReading/AxiInfra/dep/chisel/core/src/main/scala-3/chisel3/MemIntf.scala:37:32: ':' expected but identifier found.
2026.07.13 14:22:58 INFO  BSP server: [10-scalaMainClasses-1518] [error]   def apply(idx: BigInt)(using SourceInfo): T = _applyImpl(idx)
2026.07.13 14:22:58 INFO  BSP server: [10-scalaMainClasses-1574] [error] /nfs/home/yanglucheng/workspace/CodeReading/AxiInfra/dep/chisel/src/main/scala-3/chisel3/util/Switch.scala:79:21: Unmatched closing brace '}' ignored here
2026.07.13 14:22:58 INFO  BSP server: [10-scalaMainClasses-1518] [error]                                ^
2026.07.13 14:22:58 INFO  BSP server: [10-scalaMainClasses-1574] [error]       case '{ $b: t } => '{ () => $b }
2026.07.13 14:22:58 INFO  BSP server: [10-scalaMainClasses-1574] [error]                     ^
2026.07.13 14:22:58 INFO  BSP server: [10-scalaMainClasses-1574] [error] /nfs/home/yanglucheng/workspace/CodeReading/AxiInfra/dep/chisel/src/main/scala-3/chisel3/util/Switch.scala:79:26: unclosed character literal (or use " not ' for string literal)
2026.07.13 14:22:58 INFO  BSP server: [10-scalaMainClasses-1518] [error] /nfs/home/yanglucheng/workspace/CodeReading/AxiInfra/dep/chisel/core/src/main/scala-3/chisel3/MemIntf.scala:117:1: identifier expected but '}' found.
2026.07.13 14:22:58 INFO  BSP server: [10-scalaMainClasses-1574] [error]       case '{ $b: t } => '{ () => $b }
2026.07.13 14:22:58 INFO  BSP server: [10-scalaMainClasses-1518] [error] }
2026.07.13 14:22:58 INFO  BSP server: [10-scalaMainClasses-1574] [error]                          ^
2026.07.13 14:22:58 INFO  BSP server: [10-scalaMainClasses-1518] [error] ^
2026.07.13 14:22:58 INFO  BSP server: [10-scalaMainClasses-1574] [error] /nfs/home/yanglucheng/workspace/CodeReading/AxiInfra/dep/chisel/src/main/scala-3/chisel3/util/Switch.scala:79:38: Unmatched closing brace '}' ignored here
2026.07.13 14:22:58 INFO  BSP server: [10-scalaMainClasses-1518] [error] /nfs/home/yanglucheng/workspace/CodeReading/AxiInfra/dep/chisel/core/src/main/scala-3/chisel3/MemIntf.scala:130:11: ':' expected but identifier found.
2026.07.13 14:22:58 INFO  BSP server: [10-scalaMainClasses-1574] [error]       case '{ $b: t } => '{ () => $b }
2026.07.13 14:22:58 INFO  BSP server: [10-scalaMainClasses-1574] [error]                                      ^
2026.07.13 14:22:58 INFO  BSP server: [10-scalaMainClasses-1495] [error] /nfs/home/yanglucheng/workspace/CodeReading/AxiInfra/dep/chisel/core/src/main/scala-3/chisel3/MemIntf.scala:19:11: ':' expected but identifier found.
2026.07.13 14:22:58 INFO  BSP server: [10-scalaMainClasses-1495] [error]     using SourceInfo
2026.07.13 14:22:58 INFO  BSP server: [10-scalaMainClasses-1495] [error]           ^
2026.07.13 14:22:58 INFO  BSP server: [10-scalaMainClasses-1574] [error] /nfs/home/yanglucheng/workspace/CodeReading/AxiInfra/dep/chisel/src/main/scala-3/chisel3/util/Switch.scala:82:5: unclosed character literal
2026.07.13 14:22:58 INFO  BSP server: [10-scalaMainClasses-1574] [error]     '{ ($paramsExpr, $blockExpr) }
2026.07.13 14:22:58 INFO  BSP server: [10-scalaMainClasses-1574] [error]     ^
2026.07.13 14:22:58 INFO  BSP server: [10-scalaMainClasses-1518] [error]     using SourceInfo
2026.07.13 14:22:58 INFO  BSP server: [10-scalaMainClasses-1518] [error]           ^
2026.07.13 14:22:58 INFO  BSP server: [10-scalaMainClasses-1495] [error] /nfs/home/yanglucheng/workspace/CodeReading/AxiInfra/dep/chisel/core/src/main/scala-3/chisel3/MemIntf.scala:28:1: identifier expected but '}' found.
2026.07.13 14:22:58 INFO  BSP server: [10-scalaMainClasses-1495] [error] }
2026.07.13 14:22:58 INFO  BSP server: [10-scalaMainClasses-1495] [error] ^
2026.07.13 14:22:58 INFO  BSP server: [10-scalaMainClasses-1574] [error] /nfs/home/yanglucheng/workspace/CodeReading/AxiInfra/dep/chisel/src/main/scala-3/chisel3/util/Switch.scala:82:34: Unmatched closing brace '}' ignored here
2026.07.13 14:22:58 INFO  BSP server: [10-scalaMainClasses-1518] [error] /nfs/home/yanglucheng/workspace/CodeReading/AxiInfra/dep/chisel/core/src/main/scala-3/chisel3/MemIntf.scala:140:1: identifier expected but '}' found.
2026.07.13 14:22:58 INFO  BSP server: [10-scalaMainClasses-1495] [error] /nfs/home/yanglucheng/workspace/CodeReading/AxiInfra/dep/chisel/core/src/main/scala-3/chisel3/MemIntf.scala:37:32: ':' expected but identifier found.
2026.07.13 14:22:58 INFO  BSP server: [10-scalaMainClasses-1518] [error] }
2026.07.13 14:22:58 INFO  BSP server: [10-scalaMainClasses-1495] [error]   def apply(idx: BigInt)(using SourceInfo): T = _applyImpl(idx)
2026.07.13 14:22:58 INFO  BSP server: [10-scalaMainClasses-1518] [error] ^
2026.07.13 14:22:58 INFO  BSP server: [10-scalaMainClasses-1495] [error]                                ^
2026.07.13 14:22:58 INFO  BSP server: [10-scalaMainClasses-1574] [error]     '{ ($paramsExpr, $blockExpr) }
2026.07.13 14:22:58 INFO  BSP server: [10-scalaMainClasses-1518] [error] /nfs/home/yanglucheng/workspace/CodeReading/AxiInfra/dep/chisel/core/src/main/scala-3/chisel3/MemIntf.scala:144:38: ':' expected but identifier found.
2026.07.13 14:22:58 INFO  BSP server: [10-scalaMainClasses-1574] [error]                                  ^
2026.07.13 14:22:58 INFO  BSP server: [10-scalaMainClasses-1495] [error] /nfs/home/yanglucheng/workspace/CodeReading/AxiInfra/dep/chisel/core/src/main/scala-3/chisel3/MemIntf.scala:117:1: identifier expected but '}' found.
2026.07.13 14:22:58 INFO  BSP server: [10-scalaMainClasses-1518] [error]   override def read(idx: UInt)(using SourceInfo): T = _readImpl(idx)
2026.07.13 14:22:58 INFO  BSP server: [10-scalaMainClasses-1495] [error] }
2026.07.13 14:22:58 INFO  BSP server: [10-scalaMainClasses-1518] [error]                                      ^
2026.07.13 14:22:58 INFO  BSP server: [10-scalaMainClasses-1495] [error] ^
2026.07.13 14:22:58 INFO  BSP server: [10-scalaMainClasses-1518] [error] /nfs/home/yanglucheng/workspace/CodeReading/AxiInfra/dep/chisel/core/src/main/scala-3/chisel3/MemIntf.scala:283:1: identifier expected but '}' found.
2026.07.13 14:22:58 INFO  BSP server: [10-scalaMainClasses-1518] [error] }
2026.07.13 14:22:58 INFO  BSP server: [10-scalaMainClasses-1495] [error] /nfs/home/yanglucheng/workspace/CodeReading/AxiInfra/dep/chisel/core/src/main/scala-3/chisel3/MemIntf.scala:130:11: ':' expected but identifier found.
2026.07.13 14:22:58 INFO  BSP server: [10-scalaMainClasses-1518] [error] ^
2026.07.13 14:22:58 INFO  BSP server: [10-scalaMainClasses-1495] [error]     using SourceInfo
2026.07.13 14:22:58 INFO  BSP server: [10-scalaMainClasses-1495] [error]           ^
2026.07.13 14:22:58 INFO  BSP server: [10-scalaMainClasses-1495] [error] /nfs/home/yanglucheng/workspace/CodeReading/AxiInfra/dep/chisel/core/src/main/scala-3/chisel3/MemIntf.scala:140:1: identifier expected but '}' found.
2026.07.13 14:22:58 INFO  BSP server: [10-scalaMainClasses-1574] [error] /nfs/home/yanglucheng/workspace/CodeReading/AxiInfra/dep/chisel/src/main/scala-3/chisel3/util/Switch.scala:84:1: identifier expected but '}' found.
2026.07.13 14:22:58 INFO  BSP server: [10-scalaMainClasses-1574] [error] }
2026.07.13 14:22:58 INFO  BSP server: [10-scalaMainClasses-1574] [error] ^
2026.07.13 14:22:58 INFO  BSP server: [10-scalaMainClasses-1495] [error] }
2026.07.13 14:22:58 INFO  BSP server: [10-scalaMainClasses-1495] [error] ^
2026.07.13 14:22:58 INFO  BSP server: [10-scalaMainClasses-1518] [error] /nfs/home/yanglucheng/workspace/CodeReading/AxiInfra/dep/chisel/core/src/main/scala-3/chisel3/ModuleIntf.scala:16:46: ':' expected but identifier found.
2026.07.13 14:22:58 INFO  BSP server: [10-scalaMainClasses-1495] [error] /nfs/home/yanglucheng/workspace/CodeReading/AxiInfra/dep/chisel/core/src/main/scala-3/chisel3/MemIntf.scala:144:38: ':' expected but identifier found.
2026.07.13 14:22:58 INFO  BSP server: [10-scalaMainClasses-1518] [error]   def apply[T <: BaseModule](bc: => T)(using SourceInfo): T = _applyImpl(bc)
2026.07.13 14:22:58 INFO  BSP server: [10-scalaMainClasses-1495] [error]   override def read(idx: UInt)(using SourceInfo): T = _readImpl(idx)
2026.07.13 14:22:58 INFO  BSP server: [10-scalaMainClasses-1518] [error]                                              ^
2026.07.13 14:22:58 INFO  BSP server: [10-scalaMainClasses-1495] [error]                                      ^
2026.07.13 14:22:58 INFO  BSP server: [10-scalaMainClasses-1518] [error] /nfs/home/yanglucheng/workspace/CodeReading/AxiInfra/dep/chisel/core/src/main/scala-3/chisel3/ModuleIntf.scala:17:1: identifier expected but '}' found.
2026.07.13 14:22:58 INFO  BSP server: [10-scalaMainClasses-1518] [error] }
2026.07.13 14:22:58 INFO  BSP server: [10-scalaMainClasses-1518] [error] ^
2026.07.13 14:22:58 INFO  BSP server: [10-scalaMainClasses-1495] [error] /nfs/home/yanglucheng/workspace/CodeReading/AxiInfra/dep/chisel/core/src/main/scala-3/chisel3/MemIntf.scala:283:1: identifier expected but '}' found.
2026.07.13 14:22:58 INFO  BSP server: [10-scalaMainClasses-1495] [error] }
2026.07.13 14:22:58 INFO  BSP server: [10-scalaMainClasses-1518] [error] /nfs/home/yanglucheng/workspace/CodeReading/AxiInfra/dep/chisel/core/src/main/scala-3/chisel3/MuxIntf.scala:25:11: ':' expected but identifier found.
2026.07.13 14:22:58 INFO  BSP server: [10-scalaMainClasses-1495] [error] ^
2026.07.13 14:22:58 INFO  BSP server: [10-scalaMainClasses-1518] [error]     using SourceInfo
2026.07.13 14:22:58 INFO  BSP server: [10-scalaMainClasses-1518] [error]           ^
2026.07.13 14:22:58 INFO  BSP server: [10-scalaMainClasses-1518] [error] /nfs/home/yanglucheng/workspace/CodeReading/AxiInfra/dep/chisel/core/src/main/scala-3/chisel3/MuxIntf.scala:27:1: identifier expected but '}' found.
2026.07.13 14:22:58 INFO  BSP server: [10-scalaMainClasses-1518] [error] }
2026.07.13 14:22:58 INFO  BSP server: [10-scalaMainClasses-1518] [error] ^
2026.07.13 14:22:58 INFO  BSP server: [10-scalaMainClasses-1495] [error] /nfs/home/yanglucheng/workspace/CodeReading/AxiInfra/dep/chisel/core/src/main/scala-3/chisel3/ModuleIntf.scala:16:46: ':' expected but identifier found.
2026.07.13 14:22:58 INFO  BSP server: [10-scalaMainClasses-1495] [error]   def apply[T <: BaseModule](bc: => T)(using SourceInfo): T = _applyImpl(bc)
2026.07.13 14:22:58 INFO  BSP server: [10-scalaMainClasses-1495] [error]                                              ^
2026.07.13 14:22:58 INFO  BSP server: [10-scalaMainClasses-1495] [error] /nfs/home/yanglucheng/workspace/CodeReading/AxiInfra/dep/chisel/core/src/main/scala-3/chisel3/ModuleIntf.scala:17:1: identifier expected but '}' found.
2026.07.13 14:22:58 INFO  BSP server: [10-scalaMainClasses-1495] [error] }
2026.07.13 14:22:58 INFO  BSP server: [10-scalaMainClasses-1495] [error] ^
2026.07.13 14:22:58 INFO  BSP server: [10-scalaMainClasses-1495] [error] /nfs/home/yanglucheng/workspace/CodeReading/AxiInfra/dep/chisel/core/src/main/scala-3/chisel3/MuxIntf.scala:25:11: ':' expected but identifier found.
2026.07.13 14:22:58 INFO  BSP server: [10-scalaMainClasses-1495] [error]     using SourceInfo
2026.07.13 14:22:58 INFO  BSP server: [10-scalaMainClasses-1495] [error]           ^
2026.07.13 14:22:58 INFO  BSP server: [10-scalaMainClasses-1495] [error] /nfs/home/yanglucheng/workspace/CodeReading/AxiInfra/dep/chisel/core/src/main/scala-3/chisel3/MuxIntf.scala:27:1: identifier expected but '}' found.
2026.07.13 14:22:58 INFO  BSP server: [10-scalaMainClasses-1495] [error] }
2026.07.13 14:22:58 INFO  BSP server: [10-scalaMainClasses-1495] [error] ^
2026.07.13 14:22:58 INFO  BSP server: [10-scalaMainClasses-1518] [error] /nfs/home/yanglucheng/workspace/CodeReading/AxiInfra/dep/chisel/core/src/main/scala-3/chisel3/SelectableCompat.scala:5:1: expected class or object definition
2026.07.13 14:22:58 INFO  BSP server: [10-scalaMainClasses-1518] [error] type ReflectSelectable = scala.reflect.Selectable
2026.07.13 14:22:58 INFO  BSP server: [10-scalaMainClasses-1518] [error] ^
2026.07.13 14:22:58 INFO  BSP server: [10-scalaMainClasses-1495] [error] /nfs/home/yanglucheng/workspace/CodeReading/AxiInfra/dep/chisel/core/src/main/scala-3/chisel3/SelectableCompat.scala:5:1: expected class or object definition
2026.07.13 14:22:58 INFO  BSP server: [10-scalaMainClasses-1495] [error] type ReflectSelectable = scala.reflect.Selectable
2026.07.13 14:22:58 INFO  BSP server: [10-scalaMainClasses-1495] [error] ^
2026.07.13 14:22:58 INFO  BSP server: [10-scalaMainClasses-1518] [error] /nfs/home/yanglucheng/workspace/CodeReading/AxiInfra/dep/chisel/core/src/main/scala-3/chisel3/VerificationStatementIntf.scala:9:9: expected start of definition
2026.07.13 14:22:58 INFO  BSP server: [10-scalaMainClasses-1518] [error] private val emptySourceLine: VerifStmtMacrosCompat.SourceLineInfo =
2026.07.13 14:22:58 INFO  BSP server: [10-scalaMainClasses-1518] [error]         ^
2026.07.13 14:22:58 INFO  BSP server: [10-scalaMainClasses-1495] [error] /nfs/home/yanglucheng/workspace/CodeReading/AxiInfra/dep/chisel/core/src/main/scala-3/chisel3/VerificationStatementIntf.scala:9:9: expected start of definition
2026.07.13 14:22:58 INFO  BSP server: [10-scalaMainClasses-1495] [error] private val emptySourceLine: VerifStmtMacrosCompat.SourceLineInfo =
2026.07.13 14:22:58 INFO  BSP server: [10-scalaMainClasses-1495] [error]         ^
2026.07.13 14:22:58 INFO  BSP server: [10-scalaMainClasses-1518] [error] /nfs/home/yanglucheng/workspace/CodeReading/AxiInfra/dep/chisel/core/src/main/scala-3/chisel3/VerificationStatementMacros.scala:23:11: ':' expected but identifier found.
2026.07.13 14:22:58 INFO  BSP server: [10-scalaMainClasses-1518] [error]     using SourceInfo
2026.07.13 14:22:58 INFO  BSP server: [10-scalaMainClasses-1518] [error]           ^
2026.07.13 14:22:58 INFO  BSP server: [10-scalaMainClasses-1518] [error] /nfs/home/yanglucheng/workspace/CodeReading/AxiInfra/dep/chisel/core/src/main/scala-3/chisel3/VerificationStatementMacros.scala:101:1: identifier expected but '}' found.
2026.07.13 14:22:58 INFO  BSP server: [10-scalaMainClasses-1518] [error] }
2026.07.13 14:22:58 INFO  BSP server: [10-scalaMainClasses-1518] [error] ^
2026.07.13 14:22:58 INFO  BSP server: [10-scalaMainClasses-1495] [error] /nfs/home/yanglucheng/workspace/CodeReading/AxiInfra/dep/chisel/core/src/main/scala-3/chisel3/VerificationStatementMacros.scala:23:11: ':' expected but identifier found.
2026.07.13 14:22:58 INFO  BSP server: [10-scalaMainClasses-1495] [error]     using SourceInfo
2026.07.13 14:22:58 INFO  BSP server: [10-scalaMainClasses-1495] [error]           ^
2026.07.13 14:22:58 INFO  BSP server: [10-scalaMainClasses-1495] [error] /nfs/home/yanglucheng/workspace/CodeReading/AxiInfra/dep/chisel/core/src/main/scala-3/chisel3/VerificationStatementMacros.scala:101:1: identifier expected but '}' found.
2026.07.13 14:22:58 INFO  BSP server: [10-scalaMainClasses-1518] [error] /nfs/home/yanglucheng/workspace/CodeReading/AxiInfra/dep/chisel/core/src/main/scala-3/chisel3/experimental/SourceInfoIntf.scala:15:12: expected start of definition
2026.07.13 14:22:58 INFO  BSP server: [10-scalaMainClasses-1518] [error]   implicit inline def materialize: SourceInfo = ${ SourceInfoMacro.generate_source_info }
2026.07.13 14:22:58 INFO  BSP server: [10-scalaMainClasses-1518] [error]            ^
2026.07.13 14:22:58 INFO  BSP server: [10-scalaMainClasses-1495] [error] }
2026.07.13 14:22:58 INFO  BSP server: [10-scalaMainClasses-1495] [error] ^
2026.07.13 14:22:58 INFO  BSP server: [10-scalaMainClasses-1495] [error] /nfs/home/yanglucheng/workspace/CodeReading/AxiInfra/dep/chisel/core/src/main/scala-3/chisel3/experimental/SourceInfoIntf.scala:15:12: expected start of definition
2026.07.13 14:22:58 INFO  BSP server: [10-scalaMainClasses-1495] [error]   implicit inline def materialize: SourceInfo = ${ SourceInfoMacro.generate_source_info }
2026.07.13 14:22:58 INFO  BSP server: [10-scalaMainClasses-1495] [error]            ^
2026.07.13 14:22:58 INFO  BSP server: [10-scalaMainClasses-1518] [error] /nfs/home/yanglucheng/workspace/CodeReading/AxiInfra/dep/chisel/core/src/main/scala-3/chisel3/internal/SourceInfoMacro.scala:19:5: unclosed character literal
2026.07.13 14:22:58 INFO  BSP server: [10-scalaMainClasses-1518] [error]     '{ SourceLine(${ Expr(path) }, ${ Expr(pos.startLine + 1) }, ${ Expr(pos.startColumn) }) }
2026.07.13 14:22:58 INFO  BSP server: [10-scalaMainClasses-1495] [error] /nfs/home/yanglucheng/workspace/CodeReading/AxiInfra/dep/chisel/core/src/main/scala-3/chisel3/internal/SourceInfoMacro.scala:19:5: unclosed character literal
2026.07.13 14:22:58 INFO  BSP server: [10-scalaMainClasses-1495] [error]     '{ SourceLine(${ Expr(path) }, ${ Expr(pos.startLine + 1) }, ${ Expr(pos.startColumn) }) }
2026.07.13 14:22:58 INFO  BSP server: [10-scalaMainClasses-1495] [error]     ^
2026.07.13 14:22:58 INFO  BSP server: [10-scalaMainClasses-1518] [error]     ^
2026.07.13 14:22:58 INFO  BSP server: [10-scalaMainClasses-1495] [error] /nfs/home/yanglucheng/workspace/CodeReading/AxiInfra/dep/chisel/core/src/main/scala-3/chisel3/internal/SourceInfoMacro.scala:12:34: ':' expected but identifier found.
2026.07.13 14:22:58 INFO  BSP server: [10-scalaMainClasses-1495] [error]   def generate_source_info(using Quotes): Expr[SourceInfo] = {
2026.07.13 14:22:58 INFO  BSP server: [10-scalaMainClasses-1495] [error]                                  ^
2026.07.13 14:22:58 INFO  BSP server: [10-scalaMainClasses-1518] [error] /nfs/home/yanglucheng/workspace/CodeReading/AxiInfra/dep/chisel/core/src/main/scala-3/chisel3/internal/SourceInfoMacro.scala:12:34: ':' expected but identifier found.
2026.07.13 14:22:58 INFO  BSP server: [10-scalaMainClasses-1495] [error] /nfs/home/yanglucheng/workspace/CodeReading/AxiInfra/dep/chisel/core/src/main/scala-3/chisel3/internal/SourceInfoMacro.scala:19:94: Unmatched closing brace '}' ignored here
2026.07.13 14:22:58 INFO  BSP server: [10-scalaMainClasses-1518] [error]   def generate_source_info(using Quotes): Expr[SourceInfo] = {
2026.07.13 14:22:58 INFO  BSP server: [10-scalaMainClasses-1495] [error]     '{ SourceLine(${ Expr(path) }, ${ Expr(pos.startLine + 1) }, ${ Expr(pos.startColumn) }) }
2026.07.13 14:22:58 INFO  BSP server: [10-scalaMainClasses-1495] [error]                                                                                              ^
2026.07.13 14:22:58 INFO  BSP server: [10-scalaMainClasses-1495] [error] /nfs/home/yanglucheng/workspace/CodeReading/AxiInfra/dep/chisel/core/src/main/scala-3/chisel3/internal/SourceInfoMacro.scala:21:1: identifier expected but '}' found.
2026.07.13 14:22:58 INFO  BSP server: [10-scalaMainClasses-1518] [error]                                  ^
2026.07.13 14:22:58 INFO  BSP server: [10-scalaMainClasses-1495] [error] }
2026.07.13 14:22:58 INFO  BSP server: [10-scalaMainClasses-1518] [error] /nfs/home/yanglucheng/workspace/CodeReading/AxiInfra/dep/chisel/core/src/main/scala-3/chisel3/internal/SourceInfoMacro.scala:19:94: Unmatched closing brace '}' ignored here
2026.07.13 14:22:58 INFO  BSP server: [10-scalaMainClasses-1518] [error]     '{ SourceLine(${ Expr(path) }, ${ Expr(pos.startLine + 1) }, ${ Expr(pos.startColumn) }) }
2026.07.13 14:22:58 INFO  BSP server: [10-scalaMainClasses-1495] [error] ^
2026.07.13 14:22:58 INFO  BSP server: [10-scalaMainClasses-1518] [error]                                                                                              ^
2026.07.13 14:22:58 INFO  BSP server: [10-scalaMainClasses-1518] [error] /nfs/home/yanglucheng/workspace/CodeReading/AxiInfra/dep/chisel/core/src/main/scala-3/chisel3/internal/SourceInfoMacro.scala:21:1: identifier expected but '}' found.
2026.07.13 14:22:58 INFO  BSP server: [10-scalaMainClasses-1518] [error] }
2026.07.13 14:22:58 INFO  BSP server: [10-scalaMainClasses-1518] [error] ^
2026.07.13 14:22:58 INFO  BSP server: [10-scalaMainClasses-1495] [error] /nfs/home/yanglucheng/workspace/CodeReading/AxiInfra/dep/chisel/core/src/main/scala-3/chisel3/probe/PackageIntf.scala:15:1: expected class or object definition
2026.07.13 14:22:58 INFO  BSP server: [10-scalaMainClasses-1495] [error] def read[T <: Data](source: T)(using SourceInfo): T = _readImpl(source)
2026.07.13 14:22:58 INFO  BSP server: [10-scalaMainClasses-1495] [error] ^
2026.07.13 14:22:58 INFO  BSP server: [10-scalaMainClasses-1518] [error] /nfs/home/yanglucheng/workspace/CodeReading/AxiInfra/dep/chisel/core/src/main/scala-3/chisel3/probe/PackageIntf.scala:15:1: expected class or object definition
2026.07.13 14:22:58 INFO  BSP server: [10-scalaMainClasses-1518] [error] def read[T <: Data](source: T)(using SourceInfo): T = _readImpl(source)
2026.07.13 14:22:58 INFO  BSP server: [10-scalaMainClasses-1518] [error] ^
2026.07.13 14:22:58 INFO  BSP server: [10-scalaMainClasses-1518] [error] /nfs/home/yanglucheng/workspace/CodeReading/AxiInfra/dep/chisel/core/src/main/scala-3/chisel3/probe/Probe.scala:12:44: ':' expected but identifier found.
2026.07.13 14:22:58 INFO  BSP server: [10-scalaMainClasses-1495] [error] /nfs/home/yanglucheng/workspace/CodeReading/AxiInfra/dep/chisel/core/src/main/scala-3/chisel3/probe/Probe.scala:12:44: ':' expected but identifier found.
2026.07.13 14:22:58 INFO  BSP server: [10-scalaMainClasses-1518] [error]   def apply[T <: Data](source: => T)(using SourceInfo): T =
2026.07.13 14:22:58 INFO  BSP server: [10-scalaMainClasses-1495] [error]   def apply[T <: Data](source: => T)(using SourceInfo): T =
2026.07.13 14:22:58 INFO  BSP server: [10-scalaMainClasses-1518] [error]                                            ^
2026.07.13 14:22:58 INFO  BSP server: [10-scalaMainClasses-1495] [error]                                            ^
2026.07.13 14:22:58 INFO  BSP server: [10-scalaMainClasses-1495] [error] /nfs/home/yanglucheng/workspace/CodeReading/AxiInfra/dep/chisel/core/src/main/scala-3/chisel3/probe/Probe.scala:19:1: identifier expected but '}' found.
2026.07.13 14:22:58 INFO  BSP server: [10-scalaMainClasses-1495] [error] }
2026.07.13 14:22:58 INFO  BSP server: [10-scalaMainClasses-1495] [error] ^
2026.07.13 14:22:58 INFO  BSP server: [10-scalaMainClasses-1518] [error] /nfs/home/yanglucheng/workspace/CodeReading/AxiInfra/dep/chisel/core/src/main/scala-3/chisel3/probe/Probe.scala:19:1: identifier expected but '}' found.
2026.07.13 14:22:58 INFO  BSP server: [10-scalaMainClasses-1518] [error] }
2026.07.13 14:22:58 INFO  BSP server: [10-scalaMainClasses-1518] [error] ^
2026.07.13 14:22:58 INFO  BSP server: [10-scalaMainClasses-1518] [error] /nfs/home/yanglucheng/workspace/CodeReading/AxiInfra/dep/chisel/core/src/main/scala-3/chisel3/probe/Probe.scala:25:44: ':' expected but identifier found.
2026.07.13 14:22:58 INFO  BSP server: [10-scalaMainClasses-1518] [error]   def apply[T <: Data](source: => T)(using SourceInfo): T =
2026.07.13 14:22:58 INFO  BSP server: [10-scalaMainClasses-1518] [error]                                            ^
2026.07.13 14:22:58 INFO  BSP server: [10-scalaMainClasses-1518] [error] /nfs/home/yanglucheng/workspace/CodeReading/AxiInfra/dep/chisel/core/src/main/scala-3/chisel3/probe/Probe.scala:32:1: identifier expected but '}' found.
2026.07.13 14:22:58 INFO  BSP server: [10-scalaMainClasses-1495] [error] /nfs/home/yanglucheng/workspace/CodeReading/AxiInfra/dep/chisel/core/src/main/scala-3/chisel3/probe/Probe.scala:25:44: ':' expected but identifier found.
2026.07.13 14:22:58 INFO  BSP server: [10-scalaMainClasses-1518] [error] }
2026.07.13 14:22:58 INFO  BSP server: [10-scalaMainClasses-1495] [error]   def apply[T <: Data](source: => T)(using SourceInfo): T =
2026.07.13 14:22:58 INFO  BSP server: [10-scalaMainClasses-1518] [error] ^
2026.07.13 14:22:58 INFO  BSP server: [10-scalaMainClasses-1495] [error]                                            ^
2026.07.13 14:22:58 INFO  BSP server: [10-scalaMainClasses-1495] [error] /nfs/home/yanglucheng/workspace/CodeReading/AxiInfra/dep/chisel/core/src/main/scala-3/chisel3/probe/Probe.scala:32:1: identifier expected but '}' found.
2026.07.13 14:22:58 INFO  BSP server: [10-scalaMainClasses-1495] [error] }
2026.07.13 14:22:58 INFO  BSP server: [10-scalaMainClasses-1518] [error] /nfs/home/yanglucheng/workspace/CodeReading/AxiInfra/dep/chisel/core/src/main/scala-3/chisel3/probe/ProbeValue.scala:11:41: ':' expected but identifier found.
2026.07.13 14:22:58 INFO  BSP server: [10-scalaMainClasses-1518] [error]   def apply[T <: Data](source: T)(using SourceInfo): T = super.apply(source, writable = false)
2026.07.13 14:22:58 INFO  BSP server: [10-scalaMainClasses-1518] [error]                                         ^
2026.07.13 14:22:58 INFO  BSP server: [10-scalaMainClasses-1495] [error] ^
2026.07.13 14:22:58 INFO  BSP server: [10-scalaMainClasses-1518] [error] /nfs/home/yanglucheng/workspace/CodeReading/AxiInfra/dep/chisel/core/src/main/scala-3/chisel3/probe/ProbeValue.scala:12:1: identifier expected but '}' found.
2026.07.13 14:22:58 INFO  BSP server: [10-scalaMainClasses-1518] [error] }
2026.07.13 14:22:58 INFO  BSP server: [10-scalaMainClasses-1518] [error] ^
2026.07.13 14:22:58 INFO  BSP server: [10-scalaMainClasses-1518] [error] /nfs/home/yanglucheng/workspace/CodeReading/AxiInfra/dep/chisel/core/src/main/scala-3/chisel3/probe/ProbeValue.scala:17:41: ':' expected but identifier found.
2026.07.13 14:22:58 INFO  BSP server: [10-scalaMainClasses-1518] [error]   def apply[T <: Data](source: T)(using SourceInfo): T = super.apply(source, writable = true)
2026.07.13 14:22:58 INFO  BSP server: [10-scalaMainClasses-1518] [error]                                         ^
2026.07.13 14:22:58 INFO  BSP server: [10-scalaMainClasses-1518] [error] /nfs/home/yanglucheng/workspace/CodeReading/AxiInfra/dep/chisel/core/src/main/scala-3/chisel3/probe/ProbeValue.scala:18:1: identifier expected but '}' found.
2026.07.13 14:22:58 INFO  BSP server: [10-scalaMainClasses-1518] [error] }
2026.07.13 14:22:58 INFO  BSP server: [10-scalaMainClasses-1518] [error] ^
2026.07.13 14:22:58 INFO  BSP server: [10-scalaMainClasses-1495] [error] /nfs/home/yanglucheng/workspace/CodeReading/AxiInfra/dep/chisel/core/src/main/scala-3/chisel3/probe/ProbeValue.scala:11:41: ':' expected but identifier found.
2026.07.13 14:22:58 INFO  BSP server: [10-scalaMainClasses-1495] [error]   def apply[T <: Data](source: T)(using SourceInfo): T = super.apply(source, writable = false)
2026.07.13 14:22:58 INFO  BSP server: [10-scalaMainClasses-1495] [error]                                         ^
2026.07.13 14:22:58 INFO  BSP server: [10-scalaMainClasses-1495] [error] /nfs/home/yanglucheng/workspace/CodeReading/AxiInfra/dep/chisel/core/src/main/scala-3/chisel3/probe/ProbeValue.scala:12:1: identifier expected but '}' found.
2026.07.13 14:22:58 INFO  BSP server: [10-scalaMainClasses-1495] [error] }
2026.07.13 14:22:58 INFO  BSP server: [10-scalaMainClasses-1495] [error] ^
2026.07.13 14:22:58 INFO  BSP server: [10-scalaMainClasses-1495] [error] /nfs/home/yanglucheng/workspace/CodeReading/AxiInfra/dep/chisel/core/src/main/scala-3/chisel3/probe/ProbeValue.scala:17:41: ':' expected but identifier found.
2026.07.13 14:22:58 INFO  BSP server: [10-scalaMainClasses-1495] [error]   def apply[T <: Data](source: T)(using SourceInfo): T = super.apply(source, writable = true)
2026.07.13 14:22:58 INFO  BSP server: [10-scalaMainClasses-1495] [error]                                         ^
2026.07.13 14:22:58 INFO  BSP server: [10-scalaMainClasses-1495] [error] /nfs/home/yanglucheng/workspace/CodeReading/AxiInfra/dep/chisel/core/src/main/scala-3/chisel3/probe/ProbeValue.scala:18:1: identifier expected but '}' found.
2026.07.13 14:22:58 INFO  BSP server: [10-scalaMainClasses-1495] [error] }
2026.07.13 14:22:58 INFO  BSP server: [10-scalaMainClasses-1495] [error] ^
2026.07.13 14:22:58 INFO  BSP server: [10-scalaMainClasses-1574] [error] 57 errors found
2026.07.13 14:22:59 INFO  time: compiled dep.chisel[3] in 3.35s
2026.07.13 14:22:58 INFO  BSP server: [10-scalaMainClasses-1574] dep.chisel[3].compile task failed
2026.07.13 14:22:59 INFO  BSP server: [10-scalaMainClasses-1518] [error] 90 errors found
2026.07.13 14:22:59 INFO  BSP server: [10-scalaMainClasses-1495] [error] 90 errors found
2026.07.13 14:22:59 INFO  time: compiled dep.chisel[3].core[3] in 3.55s
2026.07.13 14:22:59 INFO  time: compiled dep.chisel[2.13.18].core[3] in 3.55s
2026.07.13 14:22:59 INFO  BSP server: [10-scalaMainClasses-1518] dep.chisel[3].core[3].compile task failed
2026.07.13 14:22:59 INFO  BSP server: [10-scalaMainClasses-1495] dep.chisel[2.13.18].core[3].compile task failed
2026.07.13 14:22:59 INFO  BSP server: [10-scalaMainClasses] 3 tasks failed
2026.07.13 14:22:59 INFO  BSP server: [10-scalaMainClasses] dep.chisel[3].compile Compilation failed
2026.07.13 14:22:59 INFO  BSP server: [10-scalaMainClasses] dep.chisel[2.13.18].core[3].compile Compilation failed
2026.07.13 14:22:59 INFO  BSP server: [10-scalaMainClasses] dep.chisel[3].core[3].compile Compilation failed
2026.07.13 14:22:59 INFO  BSP server: [10-scalaMainClasses] Failed
2026.07.13 14:22:59 INFO  BSP server: [10-scalaMainClasses] Evaluating 1 task
2026.07.13 14:22:59 WARN  3 tasks failed
dep.chisel[3].compile Compilation failed
dep.chisel[2.13.18].core[3].compile Compilation failed
dep.chisel[3].core[3].compile Compilation failed
2026.07.13 14:22:59 INFO  BSP server: [10-scalaMainClasses] Done
2026.07.13 14:22:59 INFO  BSP server: [10-scalaMainClasses] buildTargetScalaMainClasses took 11037 msec
2026.07.13 14:22:59 INFO  BSP server: [11-scalaTestClasses] Entered buildTargetScalaTestClasses
2026.07.13 14:22:59 INFO  BSP server: [11-scalaTestClasses] Evaluating 1 task
2026.07.13 14:22:59 INFO  BSP server: [11-scalaTestClasses] Done
2026.07.13 14:22:59 INFO  BSP server: [11-scalaTestClasses] buildTargetScalaTestClasses took 772 msec
2026.07.13 14:22:59 INFO  BSP server: [12-compile] Entered buildTargetCompile
2026.07.13 14:22:59 INFO  BSP server: [12-compile] Evaluating 1 task
2026.07.13 14:23:01 INFO  BSP server: [12-compile] Done
2026.07.13 14:23:01 INFO  BSP server: [12-compile] buildTargetCompile took 240 msec
2026.07.13 14:23:01 INFO  BSP server: [13-scalaMainClasses] Entered buildTargetScalaMainClasses
2026.07.13 14:23:01 INFO  BSP server: [13-scalaMainClasses] Evaluating 1 task
2026.07.13 14:23:01 INFO  BSP server: [13-scalaMainClasses] Done
2026.07.13 14:23:01 INFO  BSP server: [13-scalaMainClasses] buildTargetScalaMainClasses took 315 msec
2026.07.13 14:23:01 INFO  BSP server: [14-scalaTestClasses] Entered buildTargetScalaTestClasses
2026.07.13 14:23:01 INFO  BSP server: [14-scalaTestClasses] Evaluating 1 task
2026.07.13 14:23:02 INFO  BSP server: [14-scalaTestClasses] Done
2026.07.13 14:23:02 INFO  BSP server: [14-scalaTestClasses] buildTargetScalaTestClasses took 757 msec
2026.07.13 14:23:02 INFO  BSP server: [15-jvmRunEnvironmentFor] Entered buildTargetJvmRunEnvironment
2026.07.13 14:23:02 INFO  BSP server: [15-jvmRunEnvironmentFor] Evaluating 1 task
2026.07.13 14:23:02 INFO  BSP server: [15-jvmRunEnvironmentFor] Done
2026.07.13 14:23:02 INFO  BSP server: [15-jvmRunEnvironmentFor] buildTargetJvmRunEnvironment took 267 msec
Jul 13, 2026 2:23:13 PM org.eclipse.lsp4j.jsonrpc.RemoteEndpoint handleCancellation
WARNING: Unmatched cancel notification for request id 28
2026.07.13 14:23:17 INFO  Running List(/nfs/home/yanglucheng/.cache/coursier/arc/https/github.com/adoptium/temurin17-binaries/releases/download/jdk-17.0.19%252B10/OpenJDK17U-jdk_x64_linux_hotspot_17.0.19_10.tar.gz/jdk-17.0.19+10/bin/java, -cp, /nfs/home/yanglucheng/.cache/coursier/v1/https/repo1.maven.org/maven2/org/virtuslab/scala-cli/cli_3/1.12.4/cli_3-1.12.4.jar:/nfs/home/yanglucheng/.cache/coursier/v1/https/repo1.maven.org/maven2/com/github/alexarchambault/case-app_3/2.1.0/case-app_3-2.1.0.jar:/nfs/home/yanglucheng/.cache/coursier/v1/https/repo1.maven.org/maven2/io/get-coursier/coursier-launcher_2.13/2.1.25-M23/coursier-launcher_2.13-2.1.25-M23.jar:/nfs/home/yanglucheng/.cache/coursier/v1/https/repo1.maven.org/maven2/io/get-coursier/coursier-proxy-setup/2.1.25-M23/coursier-proxy-setup-2.1.25-M23.jar:/nfs/home/yanglucheng/.cache/coursier/v1/https/repo1.maven.org/maven2/io/get-coursier/publish/publish_3/0.4.4/publish_3-0.4.4.jar:/nfs/home/yanglucheng/.cache/coursier/v1/https/repo1.maven.org/maven2/com/google/jimfs/jimfs/1.3.1/jimfs-1.3.1.jar:/nfs/home/yanglucheng/.cache/coursier/v1/https/repo1.maven.org/maven2/io/get-coursier/jniutils/windows-jni-utils/0.3.3/windows-jni-utils-0.3.3.jar:/nfs/home/yanglucheng/.cache/coursier/v1/https/repo1.maven.org/maven2/com/github/plokhotnyuk/jsoniter-scala/jsoniter-scala-core_3/2.38.8/jsoniter-scala-core_3-2.38.8.jar:/nfs/home/yanglucheng/.cache/coursier/v1/https/repo1.maven.org/maven2/org/virtuslab/scala-cli/libsodiumjni/0.0.4/libsodiumjni-0.0.4.jar:/nfs/home/yanglucheng/.cache/coursier/v1/https/repo1.maven.org/maven2/org/scalameta/metaconfig-typesafe-config_3/0.18.2/metaconfig-typesafe-config_3-0.18.2.jar:/nfs/home/yanglucheng/.cache/coursier/v1/https/repo1.maven.org/maven2/ai/kien/python-native-libs_3/0.2.5/python-native-libs_3-0.2.5.jar:/nfs/home/yanglucheng/.cache/coursier/v1/https/repo1.maven.org/maven2/org/virtuslab/scala-packager_3/0.2.1/scala-packager_3-0.2.1.jar:/nfs/home/yanglucheng/.cache/coursier/v1/https/repo1.maven.org/maven2/org/virtuslab/scala-cli-signing/cli_3/0.2.13/cli_3-0.2.13.jar:/nfs/home/yanglucheng/.cache/coursier/v1/https/repo1.maven.org/maven2/org/slf4j/slf4j-nop/2.0.17/slf4j-nop-2.0.17.jar:/nfs/home/yanglucheng/.cache/coursier/v1/https/repo1.maven.org/maven2/com/softwaremill/sttp/client3/core_3/3.11.0/core_3-3.11.0.jar:/nfs/home/yanglucheng/.cache/coursier/v1/https/repo1.maven.org/maven2/ch/epfl/scala/scalafix-interfaces/0.14.5/scalafix-interfaces-0.14.5.jar:/nfs/home/yanglucheng/.cache/coursier/v1/https/repo1.maven.org/maven2/org/virtuslab/scala-cli/scala3-graal_3/1.9.1/scala3-graal_3-1.9.1.jar:/nfs/home/yanglucheng/.cache/coursier/v1/https/repo1.maven.org/maven2/org/virtuslab/scala-cli/scala3-graal-processor_3/1.9.1/scala3-graal-processor_3-1.9.1.jar:/nfs/home/yanglucheng/.cache/coursier/v1/https/repo1.maven.org/maven2/org/scala-lang/scala3-library_3/3.3.7/scala3-library_3-3.3.7.jar:/nfs/home/yanglucheng/.cache/coursier/v1/https/repo1.maven.org/maven2/org/virtuslab/scala-cli/build-module_3/1.12.4/build-module_3-1.12.4.jar:/nfs/home/yanglucheng/.cache/coursier/v1/https/repo1.maven.org/maven2/org/virtuslab/scala-cli/config_3/1.12.4/config_3-1.12.4.jar:/nfs/home/yanglucheng/.cache/coursier/v1/https/repo1.maven.org/maven2/org/virtuslab/scala-cli/specification-level_3/1.12.4/specification-level_3-1.12.4.jar:/nfs/home/yanglucheng/.cache/coursier/v1/https/repo1.maven.org/maven2/com/lihaoyi/sourcecode_3/0.4.3-M5/sourcecode_3-0.4.3-M5.jar:/nfs/home/yanglucheng/.cache/coursier/v1/https/repo1.maven.org/maven2/com/github/alexarchambault/case-app-annotations_3/2.1.0/case-app-annotations_3-2.1.0.jar:/nfs/home/yanglucheng/.cache/coursier/v1/https/repo1.maven.org/maven2/com/github/alexarchambault/case-app-util_3/2.1.0/case-app-util_3-2.1.0.jar:/nfs/home/yanglucheng/.cache/coursier/v1/https/repo1.maven.org/maven2/io/github/alexarchambault/scala-cli/tmp/zip-input-stream/0.1.1/zip-input-stream-0.1.1.jar:/nfs/home/yanglucheng/.cache/coursier/v1/https/repo1.maven.org/maven2/org/scala-lang/scala-library/2.13.18/scala-library-2.13.18.jar:/nfs/home/yanglucheng/.cache/coursier/v1/https/repo1.maven.org/maven2/io/get-coursier/coursier-cache_2.13/2.1.25-M23/coursier-cache_2.13-2.1.25-M23.jar:/nfs/home/yanglucheng/.cache/coursier/v1/https/repo1.maven.org/maven2/io/get-coursier/coursier-core_2.13/2.1.25-M23/coursier-core_2.13-2.1.25-M23.jar:/nfs/home/yanglucheng/.cache/coursier/v1/https/repo1.maven.org/maven2/com/google/guava/guava/33.5.0-jre/guava-33.5.0-jre.jar:/nfs/home/yanglucheng/.cache/coursier/v1/https/repo1.maven.org/maven2/net/java/dev/jna/jna/5.17.0/jna-5.17.0.jar:/nfs/home/yanglucheng/.cache/coursier/v1/https/repo1.maven.org/maven2/net/java/dev/jna/jna-platform/5.12.1/jna-platform-5.12.1.jar:/nfs/home/yanglucheng/.cache/coursier/v1/https/repo1.maven.org/maven2/org/scalameta/metaconfig-core_3/0.18.2/metaconfig-core_3-0.18.2.jar:/nfs/home/yanglucheng/.cache/coursier/v1/https/repo1.maven.org/maven2/com/typesafe/config/1.4.5/config-1.4.5.jar:/nfs/home/yanglucheng/.cache/coursier/v1/https/repo1.maven.org/maven2/org/scala-lang/modules/scala-collection-compat_3/2.14.0/scala-collection-compat_3-2.14.0.jar:/nfs/home/yanglucheng/.cache/coursier/v1/https/repo1.maven.org/maven2/commons-io/commons-io/2.20.0/commons-io-2.20.0.jar:/nfs/home/yanglucheng/.cache/coursier/v1/https/repo1.maven.org/maven2/com/google/cloud/tools/jib-core/0.27.3/jib-core-0.27.3.jar:/nfs/home/yanglucheng/.cache/coursier/v1/https/repo1.maven.org/maven2/com/lihaoyi/os-lib_3/0.11.8/os-lib_3-0.11.8.jar:/nfs/home/yanglucheng/.cache/coursier/v1/https/repo1.maven.org/maven2/org/bouncycastle/bcpg-jdk18on/1.83/bcpg-jdk18on-1.83.jar:/nfs/home/yanglucheng/.cache/coursier/v1/https/repo1.maven.org/maven2/org/bouncycastle/bcutil-jdk18on/1.83/bcutil-jdk18on-1.83.jar:/nfs/home/yanglucheng/.cache/coursier/v1/https/repo1.maven.org/maven2/org/virtuslab/scala-cli-signing/shared_3/0.2.13/shared_3-0.2.13.jar:/nfs/home/yanglucheng/.cache/coursier/v1/https/repo1.maven.org/maven2/org/slf4j/slf4j-api/2.0.17/slf4j-api-2.0.17.jar:/nfs/home/yanglucheng/.cache/coursier/v1/https/repo1.maven.org/maven2/com/softwaremill/sttp/model/core_3/1.7.11/core_3-1.7.11.jar:/nfs/home/yanglucheng/.cache/coursier/v1/https/repo1.maven.org/maven2/com/softwaremill/sttp/shared/core_3/1.3.22/core_3-1.3.22.jar:/nfs/home/yanglucheng/.cache/coursier/v1/https/repo1.maven.org/maven2/com/softwaremill/sttp/shared/ws_3/1.3.22/ws_3-1.3.22.jar:/nfs/home/yanglucheng/.cache/coursier/v1/https/repo1.maven.org/maven2/io/get-coursier/interface/1.0.28/interface-1.0.28.jar:/nfs/home/yanglucheng/.cache/coursier/v1/https/repo1.maven.org/maven2/org/ow2/asm/asm/9.9.1/asm-9.9.1.jar:/nfs/home/yanglucheng/.cache/coursier/v1/https/repo1.maven.org/maven2/org/virtuslab/scala-cli/java-class-name/java-class-name_3/0.1.9/java-class-name_3-0.1.9.jar:/nfs/home/yanglucheng/.cache/coursier/v1/https/repo1.maven.org/maven2/org/scalameta/semanticdb-shared_2.13/4.15.2/semanticdb-shared_2.13-4.15.2.jar:/nfs/home/yanglucheng/.cache/coursier/v1/https/repo1.maven.org/maven2/org/scala-native/test-runner_3/0.5.10/test-runner_3-0.5.10.jar:/nfs/home/yanglucheng/.cache/coursier/v1/https/repo1.maven.org/maven2/com/lihaoyi/pprint_3/0.9.5/pprint_3-0.9.5.jar:/nfs/home/yanglucheng/.cache/coursier/v1/https/repo1.maven.org/maven2/org/scala-js/scalajs-env-nodejs_3/1.5.0/scalajs-env-nodejs_3-1.5.0.jar:/nfs/home/yanglucheng/.cache/coursier/v1/https/repo1.maven.org/maven2/org/scala-js/scalajs-sbt-test-adapter_2.13/1.20.2/scalajs-sbt-test-adapter_2.13-1.20.2.jar:/nfs/home/yanglucheng/.cache/coursier/v1/https/repo1.maven.org/maven2/com/swoval/file-tree-views/2.1.12/file-tree-views-2.1.12.jar:/nfs/home/yanglucheng/.cache/coursier/v1/https/repo1.maven.org/maven2/org/virtuslab/scala-cli/zip-input-stream/zip-input-stream/0.1.3/zip-input-stream-0.1.3.jar:/nfs/home/yanglucheng/.cache/coursier/v1/https/repo1.maven.org/maven2/org/virtuslab/scala-cli/options_3/1.12.4/options_3-1.12.4.jar:/nfs/home/yanglucheng/.cache/coursier/v1/https/repo1.maven.org/maven2/org/virtuslab/scala-cli/directives_3/1.12.4/directives_3-1.12.4.jar:/nfs/home/yanglucheng/.cache/coursier/v1/https/repo1.maven.org/maven2/org/virtuslab/scala-cli/scala-cli-bsp/1.12.4/scala-cli-bsp-1.12.4.jar:/nfs/home/yanglucheng/.cache/coursier/v1/https/repo1.maven.org/maven2/org/virtuslab/scala-cli/test-runner_3/1.12.4/test-runner_3-1.12.4.jar:/nfs/home/yanglucheng/.cache/coursier/v1/https/repo1.maven.org/maven2/org/virtuslab/scala-cli/tasty-lib_3/1.12.4/tasty-lib_3-1.12.4.jar:/nfs/home/yanglucheng/.cache/coursier/v1/https/repo1.maven.org/maven2/io/github/alexarchambault/windows-ansi/windows-ansi/0.0.6/windows-ansi-0.0.6.jar:/nfs/home/yanglucheng/.cache/coursier/v1/https/repo1.maven.org/maven2/io/get-coursier/cache-util/2.1.25-M23/cache-util-2.1.25-M23.jar:/nfs/home/yanglucheng/.cache/coursier/v1/https/repo1.maven.org/maven2/io/get-coursier/coursier-paths/2.1.25-M23/coursier-paths-2.1.25-M23.jar:/nfs/home/yanglucheng/.cache/coursier/v1/https/repo1.maven.org/maven2/io/get-coursier/coursier-util_2.13/2.1.25-M23/coursier-util_2.13-2.1.25-M23.jar:/nfs/home/yanglucheng/.cache/coursier/v1/https/repo1.maven.org/maven2/io/get-coursier/versions_2.13/0.5.1/versions_2.13-0.5.1.jar:/nfs/home/yanglucheng/.cache/coursier/v1/https/repo1.maven.org/maven2/io/github/alexarchambault/concurrent-reference-hash-map/1.1.0/concurrent-reference-hash-map-1.1.0.jar:/nfs/home/yanglucheng/.cache/coursier/v1/https/repo1.maven.org/maven2/org/scala-lang/modules/scala-xml_2.13/2.4.0/scala-xml_2.13-2.4.0.jar:/nfs/home/yanglucheng/.cache/coursier/v1/https/repo1.maven.org/maven2/com/google/guava/failureaccess/1.0.3/failureaccess-1.0.3.jar:/nfs/home/yanglucheng/.cache/coursier/v1/https/repo1.maven.org/maven2/com/google/guava/listenablefuture/9999.0-empty-to-avoid-conflict-with-guava/listenablefuture-9999.0-empty-to-avoid-conflict-with-guava.jar:/nfs/home/yanglucheng/.cache/coursier/v1/https/repo1.maven.org/maven2/org/jspecify/jspecify/1.0.0/jspecify-1.0.0.jar:/nfs/home/yanglucheng/.cache/coursier/v1/https/repo1.maven.org/maven2/com/google/errorprone/error_prone_annotations/2.41.0/error_prone_annotations-2.41.0.jar:/nfs/home/yanglucheng/.cache/coursier/v1/https/repo1.maven.org/maven2/com/google/j2objc/j2objc-annotations/3.1/j2objc-annotations-3.1.jar:/nfs/home/yanglucheng/.cache/coursier/v1/https/repo1.maven.org/maven2/org/scalameta/metaconfig-pprint_3/0.18.2/metaconfig-pprint_3-0.18.2.jar:/nfs/home/yanglucheng/.cache/coursier/v1/https/repo1.maven.org/maven2/org/typelevel/paiges-core_3/0.4.4/paiges-core_3-0.4.4.jar:/nfs/home/yanglucheng/.cache/coursier/v1/https/repo1.maven.org/maven2/org/scala-lang/scala-reflect/2.13.18/scala-reflect-2.13.18.jar:/nfs/home/yanglucheng/.cache/coursier/v1/https/repo1.maven.org/maven2/com/google/cloud/tools/jib-build-plan/0.4.0/jib-build-plan-0.4.0.jar:/nfs/home/yanglucheng/.cache/coursier/v1/https/repo1.maven.org/maven2/com/google/http-client/google-http-client/1.42.2/google-http-client-1.42.2.jar:/nfs/home/yanglucheng/.cache/coursier/v1/https/repo1.maven.org/maven2/com/google/http-client/google-http-client-apache-v2/1.42.2/google-http-client-apache-v2-1.42.2.jar:/nfs/home/yanglucheng/.cache/coursier/v1/https/repo1.maven.org/maven2/com/google/auth/google-auth-library-oauth2-http/1.10.0/google-auth-library-oauth2-http-1.10.0.jar:/nfs/home/yanglucheng/.cache/coursier/v1/https/repo1.maven.org/maven2/org/apache/commons/commons-compress/1.28.0/commons-compress-1.28.0.jar:/nfs/home/yanglucheng/.cache/coursier/v1/https/repo1.maven.org/maven2/com/fasterxml/jackson/core/jackson-databind/2.15.2/jackson-databind-2.15.2.jar:/nfs/home/yanglucheng/.cache/coursier/v1/https/repo1.maven.org/maven2/com/fasterxml/jackson/datatype/jackson-datatype-jsr310/2.15.2/jackson-datatype-jsr310-2.15.2.jar:/nfs/home/yanglucheng/.cache/coursier/v1/https/repo1.maven.org/maven2/com/lihaoyi/geny_3/1.1.1/geny_3-1.1.1.jar:/nfs/home/yanglucheng/.cache/coursier/v1/https/repo1.maven.org/maven2/com/lihaoyi/os-zip/0.11.8/os-zip-0.11.8.jar:/nfs/home/yanglucheng/.cache/coursier/v1/https/repo1.maven.org/maven2/org/bouncycastle/bcprov-jdk18on/1.83/bcprov-jdk18on-1.83.jar:/nfs/home/yanglucheng/.cache/coursier/v1/https/repo1.maven.org/maven2/org/jline/jline-terminal-jni/3.25.0/jline-terminal-jni-3.25.0.jar:/nfs/home/yanglucheng/.cache/coursier/v1/https/repo1.maven.org/maven2/org/jline/jline-native/3.25.0/jline-native-3.25.0.jar:/nfs/home/yanglucheng/.cache/coursier/v1/https/repo1.maven.org/maven2/org/scala-lang/scala3-compiler_3/3.3.7/scala3-compiler_3-3.3.7.jar:/nfs/home/yanglucheng/.cache/coursier/v1/https/repo1.maven.org/maven2/org/scalameta/scalameta_2.13/4.15.2/scalameta_2.13-4.15.2.jar:/nfs/home/yanglucheng/.cache/coursier/v1/https/repo1.maven.org/maven2/org/scala-lang/scalap/2.13.15/scalap-2.13.15.jar:/nfs/home/yanglucheng/.cache/coursier/v1/https/repo1.maven.org/maven2/com/thesamet/scalapb/scalapb-runtime_2.13/0.11.17/scalapb-runtime_2.13-0.11.17.jar:/nfs/home/yanglucheng/.cache/coursier/v1/https/repo1.maven.org/maven2/org/scala-native/tools_3/0.5.10/tools_3-0.5.10.jar:/nfs/home/yanglucheng/.cache/coursier/v1/https/repo1.maven.org/maven2/org/scala-sbt/test-interface/1.0/test-interface-1.0.jar:/nfs/home/yanglucheng/.cache/coursier/v1/https/repo1.maven.org/maven2/com/lihaoyi/fansi_3/0.5.1/fansi_3-0.5.1.jar:/nfs/home/yanglucheng/.cache/coursier/v1/https/repo1.maven.org/maven2/org/scala-js/scalajs-js-envs_3/1.5.0/scalajs-js-envs_3-1.5.0.jar:/nfs/home/yanglucheng/.cache/coursier/v1/https/repo1.maven.org/maven2/ch/epfl/scala/bloop-config_2.13/2.3.3/bloop-config_2.13-2.3.3.jar:/nfs/home/yanglucheng/.cache/coursier/v1/https/repo1.maven.org/maven2/org/virtuslab/scala-cli/core_3/1.12.4/core_3-1.12.4.jar:/nfs/home/yanglucheng/.cache/coursier/v1/https/repo1.maven.org/maven2/org/virtuslab/using_directives/1.1.4/using_directives-1.1.4.jar:/nfs/home/yanglucheng/.cache/coursier/v1/https/repo1.maven.org/maven2/org/virtuslab/scala-cli/build-macros_3/1.12.4/build-macros_3-1.12.4.jar:/nfs/home/yanglucheng/.cache/coursier/v1/https/repo1.maven.org/maven2/ch/epfl/scala/bsp4j/2.1.1/bsp4j-2.1.1.jar:/nfs/home/yanglucheng/.cache/coursier/v1/https/repo1.maven.org/maven2/org/fusesource/jansi/jansi/2.4.1/jansi-2.4.1.jar:/nfs/home/yanglucheng/.cache/coursier/v1/https/repo1.maven.org/maven2/io/github/alexarchambault/is-terminal/0.1.2/is-terminal-0.1.2.jar:/nfs/home/yanglucheng/.cache/coursier/v1/https/repo1.maven.org/maven2/org/apache/httpcomponents/httpclient/4.5.13/httpclient-4.5.13.jar:/nfs/home/yanglucheng/.cache/coursier/v1/https/repo1.maven.org/maven2/org/apache/httpcomponents/httpcore/4.4.15/httpcore-4.4.15.jar:/nfs/home/yanglucheng/.cache/coursier/v1/https/repo1.maven.org/maven2/com/google/code/findbugs/jsr305/3.0.2/jsr305-3.0.2.jar:/nfs/home/yanglucheng/.cache/coursier/v1/https/repo1.maven.org/maven2/io/opencensus/opencensus-api/0.31.1/opencensus-api-0.31.1.jar:/nfs/home/yanglucheng/.cache/coursier/v1/https/repo1.maven.org/maven2/io/opencensus/opencensus-contrib-http-util/0.31.1/opencensus-contrib-http-util-0.31.1.jar:/nfs/home/yanglucheng/.cache/coursier/v1/https/repo1.maven.org/maven2/com/google/auto/value/auto-value-annotations/1.9/auto-value-annotations-1.9.jar:/nfs/home/yanglucheng/.cache/coursier/v1/https/repo1.maven.org/maven2/com/google/auth/google-auth-library-credentials/1.10.0/google-auth-library-credentials-1.10.0.jar:/nfs/home/yanglucheng/.cache/coursier/v1/https/repo1.maven.org/maven2/com/google/http-client/google-http-client-gson/1.42.2/google-http-client-gson-1.42.2.jar:/nfs/home/yanglucheng/.cache/coursier/v1/https/repo1.maven.org/maven2/commons-codec/commons-codec/1.20.0/commons-codec-1.20.0.jar:/nfs/home/yanglucheng/.cache/coursier/v1/https/repo1.maven.org/maven2/org/apache/commons/commons-lang3/3.18.0/commons-lang3-3.18.0.jar:/nfs/home/yanglucheng/.cache/coursier/v1/https/repo1.maven.org/maven2/com/fasterxml/jackson/core/jackson-annotations/2.15.2/jackson-annotations-2.15.2.jar:/nfs/home/yanglucheng/.cache/coursier/v1/https/repo1.maven.org/maven2/com/fasterxml/jackson/core/jackson-core/2.15.2/jackson-core-2.15.2.jar:/nfs/home/yanglucheng/.cache/coursier/v1/https/repo1.maven.org/maven2/org/scala-lang/scala3-interfaces/3.3.7/scala3-interfaces-3.3.7.jar:/nfs/home/yanglucheng/.cache/coursier/v1/https/repo1.maven.org/maven2/org/scala-lang/tasty-core_3/3.3.7/tasty-core_3-3.3.7.jar:/nfs/home/yanglucheng/.cache/coursier/v1/https/repo1.maven.org/maven2/org/scala-lang/modules/scala-asm/9.8.0-scala-1/scala-asm-9.8.0-scala-1.jar:/nfs/home/yanglucheng/.cache/coursier/v1/https/repo1.maven.org/maven2/org/scala-sbt/compiler-interface/1.10.7/compiler-interface-1.10.7.jar:/nfs/home/yanglucheng/.cache/coursier/v1/https/repo1.maven.org/maven2/org/scalameta/parsers_2.13/4.15.2/parsers_2.13-4.15.2.jar:/nfs/home/yanglucheng/.cache/coursier/v1/https/repo1.maven.org/maven2/org/scala-lang/scala-compiler/2.13.15/scala-compiler-2.13.15.jar:/nfs/home/yanglucheng/.cache/coursier/v1/https/repo1.maven.org/maven2/com/thesamet/scalapb/lenses_2.13/0.11.17/lenses_2.13-0.11.17.jar:/nfs/home/yanglucheng/.cache/coursier/v1/https/repo1.maven.org/maven2/com/google/protobuf/protobuf-java/3.19.6/protobuf-java-3.19.6.jar:/nfs/home/yanglucheng/.cache/coursier/v1/https/repo1.maven.org/maven2/org/scala-native/nir_3/0.5.10/nir_3-0.5.10.jar:/nfs/home/yanglucheng/.cache/coursier/v1/https/repo1.maven.org/maven2/org/scala-native/util_3/0.5.10/util_3-0.5.10.jar:/nfs/home/yanglucheng/.cache/coursier/v1/https/repo1.maven.org/maven2/org/scala-js/scalajs-logging_3/1.2.0/scalajs-logging_3-1.2.0.jar:/nfs/home/yanglucheng/.cache/coursier/v1/https/repo1.maven.org/maven2/com/lihaoyi/unroll-annotation_2.13/0.1.12/unroll-annotation_2.13-0.1.12.jar:/nfs/home/yanglucheng/.cache/coursier/v1/https/repo1.maven.org/maven2/ch/epfl/scala/bloop-rifle_2.13/2.0.19/bloop-rifle_2.13-2.0.19.jar:/nfs/home/yanglucheng/.cache/coursier/v1/https/repo1.maven.org/maven2/io/get-coursier/coursier-jvm_2.13/2.1.25-M23/coursier-jvm_2.13-2.1.25-M23.jar:/nfs/home/yanglucheng/.cache/coursier/v1/https/repo1.maven.org/maven2/io/get-coursier/dependency_3/0.3.2/dependency_3-0.3.2.jar:/nfs/home/yanglucheng/.cache/coursier/v1/https/repo1.maven.org/maven2/org/eclipse/jgit/org.eclipse.jgit/7.5.0.202512021534-r/org.eclipse.jgit-7.5.0.202512021534-r.jar:/nfs/home/yanglucheng/.cache/coursier/v1/https/repo1.maven.org/maven2/org/scala-js/scalajs-env-jsdom-nodejs_2.13/1.1.1/scalajs-env-jsdom-nodejs_2.13-1.1.1.jar:/nfs/home/yanglucheng/.cache/coursier/v1/https/repo1.maven.org/maven2/org/eclipse/lsp4j/org.eclipse.lsp4j.generator/0.20.1/org.eclipse.lsp4j.generator-0.20.1.jar:/nfs/home/yanglucheng/.cache/coursier/v1/https/repo1.maven.org/maven2/org/eclipse/lsp4j/org.eclipse.lsp4j.jsonrpc/0.20.1/org.eclipse.lsp4j.jsonrpc-0.20.1.jar:/nfs/home/yanglucheng/.cache/coursier/v1/https/repo1.maven.org/maven2/commons-logging/commons-logging/1.2/commons-logging-1.2.jar:/nfs/home/yanglucheng/.cache/coursier/v1/https/repo1.maven.org/maven2/io/grpc/grpc-context/1.27.2/grpc-context-1.27.2.jar:/nfs/home/yanglucheng/.cache/coursier/v1/https/repo1.maven.org/maven2/com/google/code/gson/gson/2.10.1/gson-2.10.1.jar:/nfs/home/yanglucheng/.cache/coursier/v1/https/repo1.maven.org/maven2/org/scala-sbt/util-interface/1.10.7/util-interface-1.10.7.jar:/nfs/home/yanglucheng/.cache/coursier/v1/https/repo1.maven.org/maven2/org/scalameta/trees_2.13/4.15.2/trees_2.13-4.15.2.jar:/nfs/home/yanglucheng/.cache/coursier/v1/https/repo1.maven.org/maven2/io/github/java-diff-utils/java-diff-utils/4.12/java-diff-utils-4.12.jar:/nfs/home/yanglucheng/.cache/coursier/v1/https/repo1.maven.org/maven2/ch/epfl/scala/libdaemon_2.13/0.0.12/libdaemon_2.13-0.0.12.jar:/nfs/home/yanglucheng/.cache/coursier/v1/https/repo1.maven.org/maven2/io/github/alexarchambault/scala-cli/snailgun/snailgun-core_2.13/0.4.1-sc2/snailgun-core_2.13-0.4.1-sc2.jar:/nfs/home/yanglucheng/.cache/coursier/v1/https/repo1.maven.org/maven2/io/get-coursier/coursier_2.13/2.1.25-M23/coursier_2.13-2.1.25-M23.jar:/nfs/home/yanglucheng/.cache/coursier/v1/https/repo1.maven.org/maven2/io/get-coursier/coursier-archive-cache_2.13/2.1.25-M23/coursier-archive-cache_2.13-2.1.25-M23.jar:/nfs/home/yanglucheng/.cache/coursier/v1/https/repo1.maven.org/maven2/io/get-coursier/coursier-env_2.13/2.1.25-M23/coursier-env_2.13-2.1.25-M23.jar:/nfs/home/yanglucheng/.cache/coursier/v1/https/repo1.maven.org/maven2/io/get-coursier/coursier-exec/2.1.25-M23/coursier-exec-2.1.25-M23.jar:/nfs/home/yanglucheng/.cache/coursier/v1/https/repo1.maven.org/maven2/com/googlecode/javaewah/JavaEWAH/1.2.3/JavaEWAH-1.2.3.jar:/nfs/home/yanglucheng/.cache/coursier/v1/https/repo1.maven.org/maven2/org/eclipse/xtend/org.eclipse.xtend.lib/2.28.0/org.eclipse.xtend.lib-2.28.0.jar:/nfs/home/yanglucheng/.cache/coursier/v1/https/repo1.maven.org/maven2/org/scalameta/common_2.13/4.15.2/common_2.13-4.15.2.jar:/nfs/home/yanglucheng/.cache/coursier/v1/https/repo1.maven.org/maven2/org/scalameta/io_2.13/4.15.2/io_2.13-4.15.2.jar:/nfs/home/yanglucheng/.cache/coursier/v1/https/repo1.maven.org/maven2/org/codehaus/plexus/plexus-archiver/4.10.1/plexus-archiver-4.10.1.jar:/nfs/home/yanglucheng/.cache/coursier/v1/https/repo1.maven.org/maven2/org/codehaus/plexus/plexus-container-default/2.1.1/plexus-container-default-2.1.1.jar:/nfs/home/yanglucheng/.cache/coursier/v1/https/repo1.maven.org/maven2/org/apache/tika/tika-core/3.2.3/tika-core-3.2.3.jar:/nfs/home/yanglucheng/.cache/coursier/v1/https/repo1.maven.org/maven2/com/github/luben/zstd-jni/1.5.7-4/zstd-jni-1.5.7-4.jar:/nfs/home/yanglucheng/.cache/coursier/v1/https/repo1.maven.org/maven2/org/eclipse/xtext/org.eclipse.xtext.xbase.lib/2.28.0/org.eclipse.xtext.xbase.lib-2.28.0.jar:/nfs/home/yanglucheng/.cache/coursier/v1/https/repo1.maven.org/maven2/org/eclipse/xtend/org.eclipse.xtend.lib.macro/2.28.0/org.eclipse.xtend.lib.macro-2.28.0.jar:/nfs/home/yanglucheng/.cache/coursier/v1/https/repo1.maven.org/maven2/javax/inject/javax.inject/1/javax.inject-1.jar:/nfs/home/yanglucheng/.cache/coursier/v1/https/repo1.maven.org/maven2/org/codehaus/plexus/plexus-utils/4.0.2/plexus-utils-4.0.2.jar:/nfs/home/yanglucheng/.cache/coursier/v1/https/repo1.maven.org/maven2/org/codehaus/plexus/plexus-io/3.5.1/plexus-io-3.5.1.jar:/nfs/home/yanglucheng/.cache/coursier/v1/https/repo1.maven.org/maven2/io/airlift/aircompressor/0.27/aircompressor-0.27.jar:/nfs/home/yanglucheng/.cache/coursier/v1/https/repo1.maven.org/maven2/org/tukaani/xz/1.10/xz-1.10.jar:/nfs/home/yanglucheng/.cache/coursier/v1/https/repo1.maven.org/maven2/org/codehaus/plexus/plexus-classworlds/2.6.0/plexus-classworlds-2.6.0.jar:/nfs/home/yanglucheng/.cache/coursier/v1/https/repo1.maven.org/maven2/org/apache/xbean/xbean-reflect/3.7/xbean-reflect-3.7.jar, scala.cli.ScalaCli, bsp, --workspace, /tmp/metals-scala-cli16284561289389547191, --semantic-db-source-root, /nfs/home/yanglucheng/workspace/CodeReading/AxiInfra/src/main/scala/xs/infra/axi, /nfs/home/yanglucheng/workspace/CodeReading/AxiInfra/src/main/scala/xs/infra/axi/AxiReorder.scala)
2026.07.13 14:23:17 INFO  tracing is disabled for protocol BSP, to enable tracing of incoming and outgoing JSON messages create an empty file at /nfs/home/yanglucheng/workspace/CodeReading/AxiInfra/src/main/scala/xs/infra/axi/.metals/bsp.trace.json or /nfs/home/yanglucheng/.cache/metals/bsp.trace.json
2026.07.13 14:23:21 INFO  Scala CLI: Checking https://github.com/coursier/jvm-index/raw/master/index.json
2026.07.13 14:23:21 INFO  Scala CLI: Checked https://github.com/coursier/jvm-index/raw/master/index.json
2026.07.13 14:23:21 INFO  Scala CLI: Downloading https://github.com/coursier/jvm-index/raw/master/index.json
2026.07.13 14:23:26 INFO  Scala CLI: Still downloading:
2026.07.13 14:23:26 INFO  Scala CLI: https://github.com/coursier/jvm-index/raw/master/index.json (93.51 %, 3199552 / 3421674)
2026.07.13 14:23:26 INFO  Scala CLI: 
2026.07.13 14:23:28 INFO  Scala CLI: Downloaded https://github.com/coursier/jvm-index/raw/master/index.json
2026.07.13 14:23:28 INFO  Scala CLI: Downloading https://central.sonatype.com/repository/maven-snapshots/ch/epfl/scala/bloop-frontend_2.12/2.0.19/bloop-frontend_2.12-2.0.19.pom
2026.07.13 14:23:31 INFO  Scala CLI: Failed to download https://central.sonatype.com/repository/maven-snapshots/ch/epfl/scala/bloop-frontend_2.12/2.0.19/bloop-frontend_2.12-2.0.19.pom
2026.07.13 14:23:31 INFO  Scala CLI: Downloading https://central.sonatype.com/repository/maven-snapshots/ch/epfl/scala/bloop-frontend_2.12/2.0.19/bloop-frontend_2.12-2.0.19.pom.sha1
2026.07.13 14:23:31 INFO  Scala CLI: Failed to download https://central.sonatype.com/repository/maven-snapshots/ch/epfl/scala/bloop-frontend_2.12/2.0.19/bloop-frontend_2.12-2.0.19.pom.sha1
2026.07.13 14:23:31 INFO  Scala CLI: Downloading https://repo.scala-lang.org/artifactory/maven-nightlies/ch/epfl/scala/bloop-frontend_2.12/2.0.19/bloop-frontend_2.12-2.0.19.pom
2026.07.13 14:23:33 INFO  BSP server: [16-compile] Entered buildTargetCompile
2026.07.13 14:23:33 INFO  BSP server: [16-compile] buildTargetCompile took 0 msec
2026.07.13 14:23:33 INFO  Scala CLI: Downloaded https://repo.scala-lang.org/artifactory/maven-nightlies/ch/epfl/scala/bloop-frontend_2.12/2.0.19/bloop-frontend_2.12-2.0.19.pom
2026.07.13 14:23:33 INFO  Scala CLI: Downloading https://central.sonatype.com/repository/maven-snapshots/ch/epfl/scala/bloop-backend_2.12/2.0.19/bloop-backend_2.12-2.0.19.pom
2026.07.13 14:23:33 INFO  Scala CLI: Downloading https://central.sonatype.com/repository/maven-snapshots/ch/epfl/scala/bloop-shared_2.12/2.0.19/bloop-shared_2.12-2.0.19.pom
2026.07.13 14:23:33 INFO  Scala CLI: Downloading https://central.sonatype.com/repository/maven-snapshots/org/scala-lang/scala-library/2.12.21/scala-library-2.12.21.pom
2026.07.13 14:23:33 INFO  Scala CLI: Downloading https://central.sonatype.com/repository/maven-snapshots/org/scalaz/scalaz-core_2.12/7.3.8/scalaz-core_2.12-7.3.8.pom
2026.07.13 14:23:33 INFO  Scala CLI: Downloading https://central.sonatype.com/repository/maven-snapshots/com/github/alexarchambault/case-app_2.12/2.0.6/case-app_2.12-2.0.6.pom
2026.07.13 14:23:33 INFO  Scala CLI: Downloading https://central.sonatype.com/repository/maven-snapshots/ch/epfl/scala/scala-debug-adapter_2.12/4.2.8/scala-debug-adapter_2.12-4.2.8.pom
2026.07.13 14:23:33 INFO  Scala CLI: Failed to download https://central.sonatype.com/repository/maven-snapshots/ch/epfl/scala/bloop-backend_2.12/2.0.19/bloop-backend_2.12-2.0.19.pom
2026.07.13 14:23:33 INFO  Scala CLI: Downloading https://central.sonatype.com/repository/maven-snapshots/io/monix/monix_2.12/3.2.0/monix_2.12-3.2.0.pom
2026.07.13 14:23:33 INFO  Scala CLI: Failed to download https://central.sonatype.com/repository/maven-snapshots/org/scala-lang/scala-library/2.12.21/scala-library-2.12.21.pom
2026.07.13 14:23:33 INFO  Scala CLI: Downloading https://central.sonatype.com/repository/maven-snapshots/ch/epfl/scala/libdaemon_2.12/0.0.12/libdaemon_2.12-0.0.12.pom
2026.07.13 14:23:33 INFO  Scala CLI: Failed to download https://central.sonatype.com/repository/maven-snapshots/com/github/alexarchambault/case-app_2.12/2.0.6/case-app_2.12-2.0.6.pom
2026.07.13 14:23:33 INFO  Scala CLI: Downloading https://central.sonatype.com/repository/maven-snapshots/ch/epfl/scala/bloop-config_2.12/2.3.3/bloop-config_2.12-2.3.3.pom
2026.07.13 14:23:33 INFO  Scala CLI: Failed to download https://central.sonatype.com/repository/maven-snapshots/ch/epfl/scala/bloop-shared_2.12/2.0.19/bloop-shared_2.12-2.0.19.pom
2026.07.13 14:23:33 INFO  Scala CLI: Downloading https://central.sonatype.com/repository/maven-snapshots/ch/epfl/scala/bloop-backend_2.12/2.0.19/bloop-backend_2.12-2.0.19.pom.sha1
2026.07.13 14:23:33 INFO  Scala CLI: Failed to download https://central.sonatype.com/repository/maven-snapshots/org/scalaz/scalaz-core_2.12/7.3.8/scalaz-core_2.12-7.3.8.pom
2026.07.13 14:23:33 INFO  Scala CLI: Downloading https://central.sonatype.com/repository/maven-snapshots/org/scala-lang/scala-library/2.12.21/scala-library-2.12.21.pom.sha1
2026.07.13 14:23:34 INFO  Scala CLI: Failed to download https://central.sonatype.com/repository/maven-snapshots/ch/epfl/scala/bloop-config_2.12/2.3.3/bloop-config_2.12-2.3.3.pom
2026.07.13 14:23:34 INFO  Scala CLI: Downloading https://central.sonatype.com/repository/maven-snapshots/com/github/alexarchambault/case-app_2.12/2.0.6/case-app_2.12-2.0.6.pom.sha1
2026.07.13 14:23:34 INFO  Scala CLI: Failed to download https://central.sonatype.com/repository/maven-snapshots/ch/epfl/scala/libdaemon_2.12/0.0.12/libdaemon_2.12-0.0.12.pom
2026.07.13 14:23:34 INFO  Scala CLI: Downloading https://central.sonatype.com/repository/maven-snapshots/ch/epfl/scala/bloop-shared_2.12/2.0.19/bloop-shared_2.12-2.0.19.pom.sha1
2026.07.13 14:23:34 INFO  Scala CLI: Failed to download https://central.sonatype.com/repository/maven-snapshots/ch/epfl/scala/bloop-backend_2.12/2.0.19/bloop-backend_2.12-2.0.19.pom.sha1
2026.07.13 14:23:34 INFO  Scala CLI: Downloading https://central.sonatype.com/repository/maven-snapshots/org/scalaz/scalaz-core_2.12/7.3.8/scalaz-core_2.12-7.3.8.pom.sha1
2026.07.13 14:23:34 INFO  Scala CLI: Failed to download https://central.sonatype.com/repository/maven-snapshots/io/monix/monix_2.12/3.2.0/monix_2.12-3.2.0.pom
2026.07.13 14:23:34 INFO  Scala CLI: Downloading https://central.sonatype.com/repository/maven-snapshots/ch/epfl/scala/bloop-config_2.12/2.3.3/bloop-config_2.12-2.3.3.pom.sha1
2026.07.13 14:23:34 INFO  Scala CLI: Failed to download https://central.sonatype.com/repository/maven-snapshots/org/scala-lang/scala-library/2.12.21/scala-library-2.12.21.pom.sha1
2026.07.13 14:23:34 INFO  Scala CLI: Downloading https://central.sonatype.com/repository/maven-snapshots/ch/epfl/scala/libdaemon_2.12/0.0.12/libdaemon_2.12-0.0.12.pom.sha1
2026.07.13 14:23:34 INFO  Scala CLI: Failed to download https://central.sonatype.com/repository/maven-snapshots/ch/epfl/scala/scala-debug-adapter_2.12/4.2.8/scala-debug-adapter_2.12-4.2.8.pom
2026.07.13 14:23:34 INFO  Scala CLI: Downloading https://central.sonatype.com/repository/maven-snapshots/ch/qos/logback/logback-classic/1.5.27/logback-classic-1.5.27.pom
2026.07.13 14:23:34 INFO  Scala CLI: Failed to download https://central.sonatype.com/repository/maven-snapshots/com/github/alexarchambault/case-app_2.12/2.0.6/case-app_2.12-2.0.6.pom.sha1
2026.07.13 14:23:34 INFO  Scala CLI: Downloading https://central.sonatype.com/repository/maven-snapshots/io/monix/monix_2.12/3.2.0/monix_2.12-3.2.0.pom.sha1
2026.07.13 14:23:34 INFO  Scala CLI: Failed to download https://central.sonatype.com/repository/maven-snapshots/ch/epfl/scala/libdaemon_2.12/0.0.12/libdaemon_2.12-0.0.12.pom.sha1
2026.07.13 14:23:34 INFO  Scala CLI: Downloading https://central.sonatype.com/repository/maven-snapshots/ch/epfl/scala/scala-debug-adapter_2.12/4.2.8/scala-debug-adapter_2.12-4.2.8.pom.sha1
2026.07.13 14:23:34 INFO  Scala CLI: Failed to download https://central.sonatype.com/repository/maven-snapshots/ch/epfl/scala/bloop-config_2.12/2.3.3/bloop-config_2.12-2.3.3.pom.sha1
2026.07.13 14:23:34 INFO  Scala CLI: Downloading https://repo.scala-lang.org/artifactory/maven-nightlies/ch/epfl/scala/bloop-backend_2.12/2.0.19/bloop-backend_2.12-2.0.19.pom
2026.07.13 14:23:34 INFO  Scala CLI: Failed to download https://central.sonatype.com/repository/maven-snapshots/ch/qos/logback/logback-classic/1.5.27/logback-classic-1.5.27.pom
2026.07.13 14:23:34 INFO  Scala CLI: Downloading https://repo.scala-lang.org/artifactory/maven-nightlies/org/scala-lang/scala-library/2.12.21/scala-library-2.12.21.pom
2026.07.13 14:23:36 INFO  Scala CLI: Failed to download https://central.sonatype.com/repository/maven-snapshots/org/scalaz/scalaz-core_2.12/7.3.8/scalaz-core_2.12-7.3.8.pom.sha1
2026.07.13 14:23:36 INFO  Scala CLI: Downloading https://repo.scala-lang.org/artifactory/maven-nightlies/com/github/alexarchambault/case-app_2.12/2.0.6/case-app_2.12-2.0.6.pom
2026.07.13 14:23:36 INFO  Scala CLI: Downloaded https://repo.scala-lang.org/artifactory/maven-nightlies/ch/epfl/scala/bloop-backend_2.12/2.0.19/bloop-backend_2.12-2.0.19.pom
2026.07.13 14:23:36 INFO  Scala CLI: Downloading https://central.sonatype.com/repository/maven-snapshots/ch/qos/logback/logback-classic/1.5.27/logback-classic-1.5.27.pom.sha1
2026.07.13 14:23:36 INFO  Scala CLI: Failed to download https://central.sonatype.com/repository/maven-snapshots/io/monix/monix_2.12/3.2.0/monix_2.12-3.2.0.pom.sha1
2026.07.13 14:23:36 INFO  Scala CLI: Downloading https://repo.scala-lang.org/artifactory/maven-nightlies/ch/epfl/scala/libdaemon_2.12/0.0.12/libdaemon_2.12-0.0.12.pom
2026.07.13 14:23:36 INFO  Scala CLI: Downloaded https://repo.scala-lang.org/artifactory/maven-nightlies/org/scala-lang/scala-library/2.12.21/scala-library-2.12.21.pom
2026.07.13 14:23:36 INFO  Scala CLI: Downloading https://repo.scala-lang.org/artifactory/maven-nightlies/ch/epfl/scala/bloop-config_2.12/2.3.3/bloop-config_2.12-2.3.3.pom
2026.07.13 14:23:36 INFO  Scala CLI: Failed to download https://central.sonatype.com/repository/maven-snapshots/ch/epfl/scala/bloop-shared_2.12/2.0.19/bloop-shared_2.12-2.0.19.pom.sha1
2026.07.13 14:23:36 INFO  Scala CLI: Downloading https://repo.scala-lang.org/artifactory/maven-nightlies/org/scala-lang/scala-library/2.12.21/scala-library-2.12.21.pom.sha1
2026.07.13 14:23:36 INFO  Scala CLI: Failed to download https://central.sonatype.com/repository/maven-snapshots/ch/qos/logback/logback-classic/1.5.27/logback-classic-1.5.27.pom.sha1
2026.07.13 14:23:36 INFO  Scala CLI: Downloading https://repo.scala-lang.org/artifactory/maven-nightlies/org/scalaz/scalaz-core_2.12/7.3.8/scalaz-core_2.12-7.3.8.pom
2026.07.13 14:23:36 INFO  Scala CLI: Downloaded https://repo.scala-lang.org/artifactory/maven-nightlies/com/github/alexarchambault/case-app_2.12/2.0.6/case-app_2.12-2.0.6.pom
2026.07.13 14:23:36 INFO  Scala CLI: Downloading https://repo.scala-lang.org/artifactory/maven-nightlies/io/monix/monix_2.12/3.2.0/monix_2.12-3.2.0.pom
2026.07.13 14:23:36 INFO  Scala CLI: Downloaded https://repo.scala-lang.org/artifactory/maven-nightlies/ch/epfl/scala/bloop-config_2.12/2.3.3/bloop-config_2.12-2.3.3.pom
2026.07.13 14:23:36 INFO  Scala CLI: Downloading https://repo.scala-lang.org/artifactory/maven-nightlies/ch/epfl/scala/bloop-shared_2.12/2.0.19/bloop-shared_2.12-2.0.19.pom
2026.07.13 14:23:36 INFO  Scala CLI: Downloaded https://repo.scala-lang.org/artifactory/maven-nightlies/ch/epfl/scala/libdaemon_2.12/0.0.12/libdaemon_2.12-0.0.12.pom
2026.07.13 14:23:36 INFO  Scala CLI: Downloading https://repo.scala-lang.org/artifactory/maven-nightlies/com/github/alexarchambault/case-app_2.12/2.0.6/case-app_2.12-2.0.6.pom.sha1
2026.07.13 14:23:37 INFO  Scala CLI: Failed to download https://central.sonatype.com/repository/maven-snapshots/ch/epfl/scala/scala-debug-adapter_2.12/4.2.8/scala-debug-adapter_2.12-4.2.8.pom.sha1
2026.07.13 14:23:37 INFO  Scala CLI: Downloading https://repo.scala-lang.org/artifactory/maven-nightlies/ch/epfl/scala/bloop-config_2.12/2.3.3/bloop-config_2.12-2.3.3.pom.sha1
2026.07.13 14:23:37 INFO  Scala CLI: Downloaded https://repo.scala-lang.org/artifactory/maven-nightlies/ch/epfl/scala/bloop-shared_2.12/2.0.19/bloop-shared_2.12-2.0.19.pom
2026.07.13 14:23:37 INFO  Scala CLI: Downloading https://repo.scala-lang.org/artifactory/maven-nightlies/ch/qos/logback/logback-classic/1.5.27/logback-classic-1.5.27.pom
2026.07.13 14:23:37 INFO  Scala CLI: Downloaded https://repo.scala-lang.org/artifactory/maven-nightlies/com/github/alexarchambault/case-app_2.12/2.0.6/case-app_2.12-2.0.6.pom.sha1
2026.07.13 14:23:37 INFO  Scala CLI: Downloading https://repo.scala-lang.org/artifactory/maven-nightlies/ch/epfl/scala/libdaemon_2.12/0.0.12/libdaemon_2.12-0.0.12.pom.sha1
2026.07.13 14:23:37 INFO  Scala CLI: Downloaded https://repo.scala-lang.org/artifactory/maven-nightlies/org/scala-lang/scala-library/2.12.21/scala-library-2.12.21.pom.sha1
2026.07.13 14:23:37 INFO  Scala CLI: Downloading https://repo.scala-lang.org/artifactory/maven-nightlies/ch/epfl/scala/scala-debug-adapter_2.12/4.2.8/scala-debug-adapter_2.12-4.2.8.pom
2026.07.13 14:23:37 INFO  Scala CLI: Downloaded https://repo.scala-lang.org/artifactory/maven-nightlies/ch/epfl/scala/libdaemon_2.12/0.0.12/libdaemon_2.12-0.0.12.pom.sha1
2026.07.13 14:23:37 INFO  Scala CLI: Downloaded https://repo.scala-lang.org/artifactory/maven-nightlies/ch/qos/logback/logback-classic/1.5.27/logback-classic-1.5.27.pom
2026.07.13 14:23:37 INFO  Scala CLI: Downloading https://repo.scala-lang.org/artifactory/maven-nightlies/ch/qos/logback/logback-classic/1.5.27/logback-classic-1.5.27.pom.sha1
2026.07.13 14:23:37 INFO  Scala CLI: Downloaded https://repo.scala-lang.org/artifactory/maven-nightlies/ch/epfl/scala/scala-debug-adapter_2.12/4.2.8/scala-debug-adapter_2.12-4.2.8.pom
2026.07.13 14:23:37 INFO  Scala CLI: Downloaded https://repo.scala-lang.org/artifactory/maven-nightlies/io/monix/monix_2.12/3.2.0/monix_2.12-3.2.0.pom
2026.07.13 14:23:37 INFO  Scala CLI: Downloading https://repo.scala-lang.org/artifactory/maven-nightlies/io/monix/monix_2.12/3.2.0/monix_2.12-3.2.0.pom.sha1
2026.07.13 14:23:37 INFO  Scala CLI: Downloaded https://repo.scala-lang.org/artifactory/maven-nightlies/ch/qos/logback/logback-classic/1.5.27/logback-classic-1.5.27.pom.sha1
2026.07.13 14:23:38 INFO  Scala CLI: Downloaded https://repo.scala-lang.org/artifactory/maven-nightlies/org/scalaz/scalaz-core_2.12/7.3.8/scalaz-core_2.12-7.3.8.pom
2026.07.13 14:23:38 INFO  Scala CLI: Downloading https://repo.scala-lang.org/artifactory/maven-nightlies/org/scalaz/scalaz-core_2.12/7.3.8/scalaz-core_2.12-7.3.8.pom.sha1
2026.07.13 14:23:38 INFO  Scala CLI: Downloaded https://repo.scala-lang.org/artifactory/maven-nightlies/ch/epfl/scala/bloop-config_2.12/2.3.3/bloop-config_2.12-2.3.3.pom.sha1
2026.07.13 14:23:38 INFO  Scala CLI: Downloaded https://repo.scala-lang.org/artifactory/maven-nightlies/io/monix/monix_2.12/3.2.0/monix_2.12-3.2.0.pom.sha1
2026.07.13 14:23:39 INFO  Scala CLI: Downloaded https://repo.scala-lang.org/artifactory/maven-nightlies/org/scalaz/scalaz-core_2.12/7.3.8/scalaz-core_2.12-7.3.8.pom.sha1
2026.07.13 14:23:39 INFO  Scala CLI: Downloading https://central.sonatype.com/repository/maven-snapshots/ch/qos/logback/logback-parent/1.5.27/logback-parent-1.5.27.pom
2026.07.13 14:23:39 INFO  Scala CLI: Failed to download https://central.sonatype.com/repository/maven-snapshots/ch/qos/logback/logback-parent/1.5.27/logback-parent-1.5.27.pom
2026.07.13 14:23:39 INFO  Scala CLI: Downloading https://central.sonatype.com/repository/maven-snapshots/ch/qos/logback/logback-parent/1.5.27/logback-parent-1.5.27.pom.sha1
2026.07.13 14:23:41 INFO  Scala CLI: Failed to download https://central.sonatype.com/repository/maven-snapshots/ch/qos/logback/logback-parent/1.5.27/logback-parent-1.5.27.pom.sha1
2026.07.13 14:23:41 INFO  Scala CLI: Downloading https://repo.scala-lang.org/artifactory/maven-nightlies/ch/qos/logback/logback-parent/1.5.27/logback-parent-1.5.27.pom
2026.07.13 14:23:41 INFO  Scala CLI: Downloaded https://repo.scala-lang.org/artifactory/maven-nightlies/ch/qos/logback/logback-parent/1.5.27/logback-parent-1.5.27.pom
2026.07.13 14:23:41 INFO  Scala CLI: Downloading https://repo.scala-lang.org/artifactory/maven-nightlies/ch/qos/logback/logback-parent/1.5.27/logback-parent-1.5.27.pom.sha1
2026.07.13 14:23:41 INFO  Scala CLI: Downloaded https://repo.scala-lang.org/artifactory/maven-nightlies/ch/qos/logback/logback-parent/1.5.27/logback-parent-1.5.27.pom.sha1
2026.07.13 14:23:41 INFO  Scala CLI: Downloading https://central.sonatype.com/repository/maven-snapshots/net/java/dev/jna/jna/5.18.1/jna-5.18.1.pom
2026.07.13 14:23:41 INFO  Scala CLI: Downloading https://central.sonatype.com/repository/maven-snapshots/com/lihaoyi/unroll-annotation_2.12/0.1.12/unroll-annotation_2.12-0.1.12.pom
2026.07.13 14:23:41 INFO  Scala CLI: Downloading https://central.sonatype.com/repository/maven-snapshots/com/lihaoyi/sourcecode_2.12/0.4.4/sourcecode_2.12-0.4.4.pom
2026.07.13 14:23:41 INFO  Scala CLI: Downloading https://central.sonatype.com/repository/maven-snapshots/net/jpountz/lz4/lz4/1.3.0/lz4-1.3.0.pom
2026.07.13 14:23:41 INFO  Scala CLI: Downloading https://central.sonatype.com/repository/maven-snapshots/org/scala-lang/modules/scala-collection-compat_2.12/2.13.0/scala-collection-compat_2.12-2.13.0.pom
2026.07.13 14:23:41 INFO  Scala CLI: Downloading https://central.sonatype.com/repository/maven-snapshots/io/monix/monix-eval_2.12/3.2.0/monix-eval_2.12-3.2.0.pom
2026.07.13 14:23:42 INFO  Scala CLI: Failed to download https://central.sonatype.com/repository/maven-snapshots/io/monix/monix-eval_2.12/3.2.0/monix-eval_2.12-3.2.0.pom
2026.07.13 14:23:42 INFO  Scala CLI: Downloading https://central.sonatype.com/repository/maven-snapshots/ch/qos/logback/logback-core/1.5.27/logback-core-1.5.27.pom
2026.07.13 14:23:42 INFO  Scala CLI: Failed to download https://central.sonatype.com/repository/maven-snapshots/org/scala-lang/modules/scala-collection-compat_2.12/2.13.0/scala-collection-compat_2.12-2.13.0.pom
2026.07.13 14:23:42 INFO  Scala CLI: Downloading https://central.sonatype.com/repository/maven-snapshots/io/github/alexarchambault/bleep/nailgun-server/1.0.7/nailgun-server-1.0.7.pom
2026.07.13 14:23:42 INFO  Scala CLI: Failed to download https://central.sonatype.com/repository/maven-snapshots/net/java/dev/jna/jna/5.18.1/jna-5.18.1.pom
2026.07.13 14:23:42 INFO  Scala CLI: Downloading https://central.sonatype.com/repository/maven-snapshots/com/github/plokhotnyuk/jsoniter-scala/jsoniter-scala-core_2.12/2.13.5.2/jsoniter-scala-core_2.12-2.13.5.2.pom
2026.07.13 14:23:42 INFO  Scala CLI: Failed to download https://central.sonatype.com/repository/maven-snapshots/net/jpountz/lz4/lz4/1.3.0/lz4-1.3.0.pom
2026.07.13 14:23:42 INFO  Scala CLI: Downloading https://central.sonatype.com/repository/maven-snapshots/com/lihaoyi/pprint_2.12/0.9.6/pprint_2.12-0.9.6.pom
2026.07.13 14:23:42 INFO  Scala CLI: Failed to download https://central.sonatype.com/repository/maven-snapshots/com/lihaoyi/sourcecode_2.12/0.4.4/sourcecode_2.12-0.4.4.pom
2026.07.13 14:23:42 INFO  Scala CLI: Downloading https://central.sonatype.com/repository/maven-snapshots/io/github/alexarchambault/bleep/jsonrpc4s_2.12/0.1.1/jsonrpc4s_2.12-0.1.1.pom
2026.07.13 14:23:42 INFO  Scala CLI: Failed to download https://central.sonatype.com/repository/maven-snapshots/ch/qos/logback/logback-core/1.5.27/logback-core-1.5.27.pom
2026.07.13 14:23:42 INFO  Scala CLI: Downloading https://central.sonatype.com/repository/maven-snapshots/org/scala-lang/scala-reflect/2.12.21/scala-reflect-2.12.21.pom
2026.07.13 14:23:42 INFO  Scala CLI: Failed to download https://central.sonatype.com/repository/maven-snapshots/io/github/alexarchambault/bleep/nailgun-server/1.0.7/nailgun-server-1.0.7.pom
2026.07.13 14:23:42 INFO  Scala CLI: Downloading https://central.sonatype.com/repository/maven-snapshots/org/scala-sbt/zinc_2.12/1.12.0/zinc_2.12-1.12.0.pom
2026.07.13 14:23:42 INFO  Scala CLI: Failed to download https://central.sonatype.com/repository/maven-snapshots/io/github/alexarchambault/bleep/jsonrpc4s_2.12/0.1.1/jsonrpc4s_2.12-0.1.1.pom
2026.07.13 14:23:42 INFO  Scala CLI: Downloading https://central.sonatype.com/repository/maven-snapshots/ch/epfl/scala/bsp4s_2.12/2.1.1/bsp4s_2.12-2.1.1.pom
2026.07.13 14:23:43 INFO  Scala CLI: Failed to download https://central.sonatype.com/repository/maven-snapshots/org/scala-lang/scala-reflect/2.12.21/scala-reflect-2.12.21.pom
2026.07.13 14:23:43 INFO  Scala CLI: Downloading https://central.sonatype.com/repository/maven-snapshots/io/get-coursier/util/directories-jni/0.1.2/directories-jni-0.1.2.pom
2026.07.13 14:23:43 INFO  Scala CLI: Failed to download https://central.sonatype.com/repository/maven-snapshots/com/lihaoyi/pprint_2.12/0.9.6/pprint_2.12-0.9.6.pom
2026.07.13 14:23:43 INFO  Scala CLI: Downloading https://central.sonatype.com/repository/maven-snapshots/org/ow2/asm/asm-util/9.9.1/asm-util-9.9.1.pom
2026.07.13 14:23:43 INFO  Scala CLI: Failed to download https://central.sonatype.com/repository/maven-snapshots/org/scala-sbt/zinc_2.12/1.12.0/zinc_2.12-1.12.0.pom
2026.07.13 14:23:43 INFO  Scala CLI: Downloading https://central.sonatype.com/repository/maven-snapshots/com/github/plokhotnyuk/jsoniter-scala/jsoniter-scala-macros_2.12/2.13.3.2/jsoniter-scala-macros_2.12-2.13.3.2.pom
2026.07.13 14:23:43 INFO  Scala CLI: Failed to download https://central.sonatype.com/repository/maven-snapshots/ch/epfl/scala/bsp4s_2.12/2.1.1/bsp4s_2.12-2.1.1.pom
2026.07.13 14:23:43 INFO  Scala CLI: Downloading https://central.sonatype.com/repository/maven-snapshots/org/apache/logging/log4j/log4j-core/2.23.0/log4j-core-2.23.0.pom
2026.07.13 14:23:43 INFO  Scala CLI: Failed to download https://central.sonatype.com/repository/maven-snapshots/com/lihaoyi/unroll-annotation_2.12/0.1.12/unroll-annotation_2.12-0.1.12.pom
2026.07.13 14:23:43 INFO  Scala CLI: Downloading https://central.sonatype.com/repository/maven-snapshots/io/monix/monix-reactive_2.12/3.2.0/monix-reactive_2.12-3.2.0.pom
2026.07.13 14:23:43 INFO  Scala CLI: Failed to download https://central.sonatype.com/repository/maven-snapshots/io/get-coursier/util/directories-jni/0.1.2/directories-jni-0.1.2.pom
2026.07.13 14:23:43 INFO  Scala CLI: Downloading https://central.sonatype.com/repository/maven-snapshots/io/monix/monix-tail_2.12/3.2.0/monix-tail_2.12-3.2.0.pom
2026.07.13 14:23:43 INFO  Scala CLI: Failed to download https://central.sonatype.com/repository/maven-snapshots/org/ow2/asm/asm-util/9.9.1/asm-util-9.9.1.pom
2026.07.13 14:23:43 INFO  Scala CLI: Downloading https://central.sonatype.com/repository/maven-snapshots/io/zipkin/reporter2/zipkin-sender-urlconnection/2.17.2/zipkin-sender-urlconnection-2.17.2.pom
2026.07.13 14:23:43 INFO  Scala CLI: Failed to download https://central.sonatype.com/repository/maven-snapshots/com/github/plokhotnyuk/jsoniter-scala/jsoniter-scala-macros_2.12/2.13.3.2/jsoniter-scala-macros_2.12-2.13.3.2.pom
2026.07.13 14:23:43 INFO  Scala CLI: Downloading https://central.sonatype.com/repository/maven-snapshots/org/zeroturnaround/zt-zip/1.17/zt-zip-1.17.pom
2026.07.13 14:23:43 INFO  Scala CLI: Failed to download https://central.sonatype.com/repository/maven-snapshots/io/monix/monix-reactive_2.12/3.2.0/monix-reactive_2.12-3.2.0.pom
2026.07.13 14:23:43 INFO  Scala CLI: Downloading https://central.sonatype.com/repository/maven-snapshots/io/zipkin/brave/brave/5.18.1/brave-5.18.1.pom
2026.07.13 14:23:43 INFO  Scala CLI: Failed to download https://central.sonatype.com/repository/maven-snapshots/com/github/plokhotnyuk/jsoniter-scala/jsoniter-scala-core_2.12/2.13.5.2/jsoniter-scala-core_2.12-2.13.5.2.pom
2026.07.13 14:23:43 INFO  Scala CLI: Downloading https://central.sonatype.com/repository/maven-snapshots/com/github/alexarchambault/case-app-util_2.12/2.0.6/case-app-util_2.12-2.0.6.pom
2026.07.13 14:23:45 INFO  Scala CLI: Failed to download https://central.sonatype.com/repository/maven-snapshots/io/zipkin/reporter2/zipkin-sender-urlconnection/2.17.2/zipkin-sender-urlconnection-2.17.2.pom
2026.07.13 14:23:45 INFO  Scala CLI: Downloading https://central.sonatype.com/repository/maven-snapshots/com/github/alexarchambault/case-app-annotations_2.12/2.0.6/case-app-annotations_2.12-2.0.6.pom
2026.07.13 14:23:45 INFO  Scala CLI: Failed to download https://central.sonatype.com/repository/maven-snapshots/io/zipkin/brave/brave/5.18.1/brave-5.18.1.pom
2026.07.13 14:23:45 INFO  Scala CLI: Downloading https://central.sonatype.com/repository/maven-snapshots/io/monix/monix-java_2.12/3.2.0/monix-java_2.12-3.2.0.pom
2026.07.13 14:23:45 INFO  Scala CLI: Failed to download https://central.sonatype.com/repository/maven-snapshots/io/monix/monix-tail_2.12/3.2.0/monix-tail_2.12-3.2.0.pom
2026.07.13 14:23:45 INFO  Scala CLI: Downloading https://central.sonatype.com/repository/maven-snapshots/org/scala-sbt/librarymanagement-ivy_2.12/1.12.0/librarymanagement-ivy_2.12-1.12.0.pom
2026.07.13 14:23:45 INFO  Scala CLI: Failed to download https://central.sonatype.com/repository/maven-snapshots/com/github/alexarchambault/case-app-util_2.12/2.0.6/case-app-util_2.12-2.0.6.pom
2026.07.13 14:23:45 INFO  Scala CLI: Downloading https://central.sonatype.com/repository/maven-snapshots/org/scalameta/parsers_2.12/4.13.8/parsers_2.12-4.13.8.pom
2026.07.13 14:23:45 INFO  Scala CLI: Failed to download https://central.sonatype.com/repository/maven-snapshots/org/zeroturnaround/zt-zip/1.17/zt-zip-1.17.pom
2026.07.13 14:23:45 INFO  Scala CLI: Downloading https://central.sonatype.com/repository/maven-snapshots/ch/epfl/scala/directory-watcher/0.8.0+6-f651bd93/directory-watcher-0.8.0+6-f651bd93.pom
2026.07.13 14:23:45 INFO  Scala CLI: Failed to download https://central.sonatype.com/repository/maven-snapshots/io/monix/monix-java_2.12/3.2.0/monix-java_2.12-3.2.0.pom
2026.07.13 14:23:45 INFO  Scala CLI: Downloading https://central.sonatype.com/repository/maven-snapshots/org/scala-sbt/test-agent/1.12.1/test-agent-1.12.1.pom
2026.07.13 14:23:45 INFO  Scala CLI: Failed to download https://central.sonatype.com/repository/maven-snapshots/org/apache/logging/log4j/log4j-core/2.23.0/log4j-core-2.23.0.pom
2026.07.13 14:23:45 INFO  Scala CLI: Downloading https://central.sonatype.com/repository/maven-snapshots/io/monix/monix-catnap_2.12/3.2.0/monix-catnap_2.12-3.2.0.pom
2026.07.13 14:23:45 INFO  Scala CLI: Failed to download https://central.sonatype.com/repository/maven-snapshots/org/scalameta/parsers_2.12/4.13.8/parsers_2.12-4.13.8.pom
2026.07.13 14:23:45 INFO  Scala CLI: Downloading https://central.sonatype.com/repository/maven-snapshots/io/monix/monix-execution_2.12/3.2.0/monix-execution_2.12-3.2.0.pom
2026.07.13 14:23:45 INFO  Scala CLI: Failed to download https://central.sonatype.com/repository/maven-snapshots/org/scala-sbt/librarymanagement-ivy_2.12/1.12.0/librarymanagement-ivy_2.12-1.12.0.pom
2026.07.13 14:23:45 INFO  Scala CLI: Downloading https://central.sonatype.com/repository/maven-snapshots/io/monix/monix-eval_2.12/3.2.0/monix-eval_2.12-3.2.0.pom.sha1
2026.07.13 14:23:46 INFO  Scala CLI: Failed to download https://central.sonatype.com/repository/maven-snapshots/org/scala-sbt/test-agent/1.12.1/test-agent-1.12.1.pom
2026.07.13 14:23:46 INFO  Scala CLI: Downloading https://central.sonatype.com/repository/maven-snapshots/org/scala-lang/modules/scala-collection-compat_2.12/2.13.0/scala-collection-compat_2.12-2.13.0.pom.sha1
2026.07.13 14:23:46 INFO  Scala CLI: Failed to download https://central.sonatype.com/repository/maven-snapshots/io/monix/monix-catnap_2.12/3.2.0/monix-catnap_2.12-3.2.0.pom
2026.07.13 14:23:46 INFO  Scala CLI: Downloading https://central.sonatype.com/repository/maven-snapshots/net/java/dev/jna/jna/5.18.1/jna-5.18.1.pom.sha1
2026.07.13 14:23:46 INFO  Scala CLI: Failed to download https://central.sonatype.com/repository/maven-snapshots/io/monix/monix-execution_2.12/3.2.0/monix-execution_2.12-3.2.0.pom
2026.07.13 14:23:46 INFO  Scala CLI: Downloading https://central.sonatype.com/repository/maven-snapshots/net/jpountz/lz4/lz4/1.3.0/lz4-1.3.0.pom.sha1
2026.07.13 14:23:46 INFO  Scala CLI: Failed to download https://central.sonatype.com/repository/maven-snapshots/com/github/alexarchambault/case-app-annotations_2.12/2.0.6/case-app-annotations_2.12-2.0.6.pom
2026.07.13 14:23:46 INFO  Scala CLI: Downloading https://central.sonatype.com/repository/maven-snapshots/com/lihaoyi/sourcecode_2.12/0.4.4/sourcecode_2.12-0.4.4.pom.sha1
2026.07.13 14:23:46 INFO  Scala CLI: Failed to download https://central.sonatype.com/repository/maven-snapshots/ch/epfl/scala/directory-watcher/0.8.0+6-f651bd93/directory-watcher-0.8.0+6-f651bd93.pom
2026.07.13 14:23:46 INFO  Scala CLI: Downloading https://central.sonatype.com/repository/maven-snapshots/ch/qos/logback/logback-core/1.5.27/logback-core-1.5.27.pom.sha1
2026.07.13 14:23:46 INFO  Scala CLI: Failed to download https://central.sonatype.com/repository/maven-snapshots/net/java/dev/jna/jna/5.18.1/jna-5.18.1.pom.sha1
2026.07.13 14:23:46 INFO  Scala CLI: Downloading https://central.sonatype.com/repository/maven-snapshots/io/github/alexarchambault/bleep/nailgun-server/1.0.7/nailgun-server-1.0.7.pom.sha1
2026.07.13 14:23:46 INFO  Scala CLI: Failed to download https://central.sonatype.com/repository/maven-snapshots/io/monix/monix-eval_2.12/3.2.0/monix-eval_2.12-3.2.0.pom.sha1
2026.07.13 14:23:46 INFO  Scala CLI: Downloading https://central.sonatype.com/repository/maven-snapshots/io/github/alexarchambault/bleep/jsonrpc4s_2.12/0.1.1/jsonrpc4s_2.12-0.1.1.pom.sha1
2026.07.13 14:23:47 INFO  Scala CLI: Failed to download https://central.sonatype.com/repository/maven-snapshots/ch/qos/logback/logback-core/1.5.27/logback-core-1.5.27.pom.sha1
2026.07.13 14:23:47 INFO  Scala CLI: Downloading https://central.sonatype.com/repository/maven-snapshots/org/scala-lang/scala-reflect/2.12.21/scala-reflect-2.12.21.pom.sha1
2026.07.13 14:23:47 INFO  Scala CLI: Failed to download https://central.sonatype.com/repository/maven-snapshots/io/github/alexarchambault/bleep/nailgun-server/1.0.7/nailgun-server-1.0.7.pom.sha1
2026.07.13 14:23:47 INFO  Scala CLI: Downloading https://central.sonatype.com/repository/maven-snapshots/com/lihaoyi/pprint_2.12/0.9.6/pprint_2.12-0.9.6.pom.sha1
2026.07.13 14:23:47 INFO  Scala CLI: Failed to download https://central.sonatype.com/repository/maven-snapshots/net/jpountz/lz4/lz4/1.3.0/lz4-1.3.0.pom.sha1
2026.07.13 14:23:47 INFO  Scala CLI: Downloading https://central.sonatype.com/repository/maven-snapshots/org/scala-sbt/zinc_2.12/1.12.0/zinc_2.12-1.12.0.pom.sha1
2026.07.13 14:23:47 INFO  Scala CLI: Failed to download https://central.sonatype.com/repository/maven-snapshots/org/scala-lang/scala-reflect/2.12.21/scala-reflect-2.12.21.pom.sha1
2026.07.13 14:23:47 INFO  Scala CLI: Downloading https://central.sonatype.com/repository/maven-snapshots/ch/epfl/scala/bsp4s_2.12/2.1.1/bsp4s_2.12-2.1.1.pom.sha1
2026.07.13 14:23:47 INFO  Scala CLI: Failed to download https://central.sonatype.com/repository/maven-snapshots/io/github/alexarchambault/bleep/jsonrpc4s_2.12/0.1.1/jsonrpc4s_2.12-0.1.1.pom.sha1
2026.07.13 14:23:47 INFO  Scala CLI: Downloading https://central.sonatype.com/repository/maven-snapshots/com/lihaoyi/unroll-annotation_2.12/0.1.12/unroll-annotation_2.12-0.1.12.pom.sha1
2026.07.13 14:23:47 INFO  Scala CLI: Failed to download https://central.sonatype.com/repository/maven-snapshots/org/scala-sbt/zinc_2.12/1.12.0/zinc_2.12-1.12.0.pom.sha1
2026.07.13 14:23:47 INFO  Scala CLI: Downloading https://central.sonatype.com/repository/maven-snapshots/io/get-coursier/util/directories-jni/0.1.2/directories-jni-0.1.2.pom.sha1
2026.07.13 14:23:48 INFO  Scala CLI: Failed to download https://central.sonatype.com/repository/maven-snapshots/ch/epfl/scala/bsp4s_2.12/2.1.1/bsp4s_2.12-2.1.1.pom.sha1
2026.07.13 14:23:48 INFO  Scala CLI: Downloading https://central.sonatype.com/repository/maven-snapshots/org/ow2/asm/asm-util/9.9.1/asm-util-9.9.1.pom.sha1
2026.07.13 14:23:48 INFO  Scala CLI: Failed to download https://central.sonatype.com/repository/maven-snapshots/org/scala-lang/modules/scala-collection-compat_2.12/2.13.0/scala-collection-compat_2.12-2.13.0.pom.sha1
2026.07.13 14:23:48 INFO  Scala CLI: Downloading https://central.sonatype.com/repository/maven-snapshots/com/github/plokhotnyuk/jsoniter-scala/jsoniter-scala-macros_2.12/2.13.3.2/jsoniter-scala-macros_2.12-2.13.3.2.pom.sha1
2026.07.13 14:23:48 INFO  Scala CLI: Failed to download https://central.sonatype.com/repository/maven-snapshots/com/lihaoyi/sourcecode_2.12/0.4.4/sourcecode_2.12-0.4.4.pom.sha1
2026.07.13 14:23:48 INFO  Scala CLI: Downloading https://central.sonatype.com/repository/maven-snapshots/io/monix/monix-reactive_2.12/3.2.0/monix-reactive_2.12-3.2.0.pom.sha1
2026.07.13 14:23:48 INFO  Scala CLI: Failed to download https://central.sonatype.com/repository/maven-snapshots/com/lihaoyi/unroll-annotation_2.12/0.1.12/unroll-annotation_2.12-0.1.12.pom.sha1
2026.07.13 14:23:48 INFO  Scala CLI: Downloading https://central.sonatype.com/repository/maven-snapshots/com/github/plokhotnyuk/jsoniter-scala/jsoniter-scala-core_2.12/2.13.5.2/jsoniter-scala-core_2.12-2.13.5.2.pom.sha1
2026.07.13 14:23:48 INFO  Scala CLI: Failed to download https://central.sonatype.com/repository/maven-snapshots/io/get-coursier/util/directories-jni/0.1.2/directories-jni-0.1.2.pom.sha1
2026.07.13 14:23:48 INFO  Scala CLI: Downloading https://central.sonatype.com/repository/maven-snapshots/io/zipkin/reporter2/zipkin-sender-urlconnection/2.17.2/zipkin-sender-urlconnection-2.17.2.pom.sha1
2026.07.13 14:23:48 INFO  Scala CLI: Failed to download https://central.sonatype.com/repository/maven-snapshots/com/github/plokhotnyuk/jsoniter-scala/jsoniter-scala-macros_2.12/2.13.3.2/jsoniter-scala-macros_2.12-2.13.3.2.pom.sha1
2026.07.13 14:23:48 INFO  Scala CLI: Downloading https://central.sonatype.com/repository/maven-snapshots/io/zipkin/brave/brave/5.18.1/brave-5.18.1.pom.sha1
2026.07.13 14:23:48 INFO  Scala CLI: Failed to download https://central.sonatype.com/repository/maven-snapshots/com/lihaoyi/pprint_2.12/0.9.6/pprint_2.12-0.9.6.pom.sha1
2026.07.13 14:23:48 INFO  Scala CLI: Downloading https://central.sonatype.com/repository/maven-snapshots/io/monix/monix-tail_2.12/3.2.0/monix-tail_2.12-3.2.0.pom.sha1
2026.07.13 14:23:48 INFO  Scala CLI: Failed to download https://central.sonatype.com/repository/maven-snapshots/com/github/plokhotnyuk/jsoniter-scala/jsoniter-scala-core_2.12/2.13.5.2/jsoniter-scala-core_2.12-2.13.5.2.pom.sha1
2026.07.13 14:23:48 INFO  Scala CLI: Downloading https://central.sonatype.com/repository/maven-snapshots/com/github/alexarchambault/case-app-util_2.12/2.0.6/case-app-util_2.12-2.0.6.pom.sha1
2026.07.13 14:23:49 INFO  Scala CLI: Failed to download https://central.sonatype.com/repository/maven-snapshots/io/zipkin/brave/brave/5.18.1/brave-5.18.1.pom.sha1
2026.07.13 14:23:49 INFO  Scala CLI: Downloading https://central.sonatype.com/repository/maven-snapshots/org/zeroturnaround/zt-zip/1.17/zt-zip-1.17.pom.sha1
2026.07.13 14:23:49 INFO  Scala CLI: Failed to download https://central.sonatype.com/repository/maven-snapshots/io/zipkin/reporter2/zipkin-sender-urlconnection/2.17.2/zipkin-sender-urlconnection-2.17.2.pom.sha1
2026.07.13 14:23:49 INFO  Scala CLI: Downloading https://central.sonatype.com/repository/maven-snapshots/io/monix/monix-java_2.12/3.2.0/monix-java_2.12-3.2.0.pom.sha1
2026.07.13 14:23:49 INFO  Scala CLI: Failed to download https://central.sonatype.com/repository/maven-snapshots/io/monix/monix-reactive_2.12/3.2.0/monix-reactive_2.12-3.2.0.pom.sha1
2026.07.13 14:23:49 INFO  Scala CLI: Downloading https://central.sonatype.com/repository/maven-snapshots/org/apache/logging/log4j/log4j-core/2.23.0/log4j-core-2.23.0.pom.sha1
2026.07.13 14:23:49 INFO  Scala CLI: Failed to download https://central.sonatype.com/repository/maven-snapshots/org/ow2/asm/asm-util/9.9.1/asm-util-9.9.1.pom.sha1
2026.07.13 14:23:49 INFO  Scala CLI: Downloading https://central.sonatype.com/repository/maven-snapshots/org/scalameta/parsers_2.12/4.13.8/parsers_2.12-4.13.8.pom.sha1
2026.07.13 14:23:49 INFO  Scala CLI: Failed to download https://central.sonatype.com/repository/maven-snapshots/io/monix/monix-tail_2.12/3.2.0/monix-tail_2.12-3.2.0.pom.sha1
2026.07.13 14:23:49 INFO  Scala CLI: Downloading https://central.sonatype.com/repository/maven-snapshots/org/scala-sbt/librarymanagement-ivy_2.12/1.12.0/librarymanagement-ivy_2.12-1.12.0.pom.sha1
2026.07.13 14:23:49 INFO  Scala CLI: Failed to download https://central.sonatype.com/repository/maven-snapshots/com/github/alexarchambault/case-app-util_2.12/2.0.6/case-app-util_2.12-2.0.6.pom.sha1
2026.07.13 14:23:49 INFO  Scala CLI: Downloading https://central.sonatype.com/repository/maven-snapshots/org/scala-sbt/test-agent/1.12.1/test-agent-1.12.1.pom.sha1
2026.07.13 14:23:49 INFO  Scala CLI: Failed to download https://central.sonatype.com/repository/maven-snapshots/org/scala-sbt/librarymanagement-ivy_2.12/1.12.0/librarymanagement-ivy_2.12-1.12.0.pom.sha1
2026.07.13 14:23:49 INFO  Scala CLI: Downloading https://central.sonatype.com/repository/maven-snapshots/io/monix/monix-catnap_2.12/3.2.0/monix-catnap_2.12-3.2.0.pom.sha1
2026.07.13 14:23:50 INFO  Scala CLI: Failed to download https://central.sonatype.com/repository/maven-snapshots/org/zeroturnaround/zt-zip/1.17/zt-zip-1.17.pom.sha1
2026.07.13 14:23:50 INFO  Scala CLI: Downloading https://central.sonatype.com/repository/maven-snapshots/io/monix/monix-execution_2.12/3.2.0/monix-execution_2.12-3.2.0.pom.sha1
2026.07.13 14:23:50 INFO  Scala CLI: Failed to download https://central.sonatype.com/repository/maven-snapshots/io/monix/monix-java_2.12/3.2.0/monix-java_2.12-3.2.0.pom.sha1
2026.07.13 14:23:50 INFO  Scala CLI: Downloading https://central.sonatype.com/repository/maven-snapshots/com/github/alexarchambault/case-app-annotations_2.12/2.0.6/case-app-annotations_2.12-2.0.6.pom.sha1
2026.07.13 14:23:50 INFO  Scala CLI: Failed to download https://central.sonatype.com/repository/maven-snapshots/org/scala-sbt/test-agent/1.12.1/test-agent-1.12.1.pom.sha1
2026.07.13 14:23:50 INFO  Scala CLI: Downloading https://central.sonatype.com/repository/maven-snapshots/ch/epfl/scala/directory-watcher/0.8.0+6-f651bd93/directory-watcher-0.8.0+6-f651bd93.pom.sha1
2026.07.13 14:23:50 INFO  Scala CLI: Failed to download https://central.sonatype.com/repository/maven-snapshots/io/monix/monix-execution_2.12/3.2.0/monix-execution_2.12-3.2.0.pom.sha1
2026.07.13 14:23:50 INFO  Scala CLI: Downloading https://repo.scala-lang.org/artifactory/maven-nightlies/net/java/dev/jna/jna/5.18.1/jna-5.18.1.pom
2026.07.13 14:23:50 INFO  Scala CLI: Failed to download https://central.sonatype.com/repository/maven-snapshots/org/apache/logging/log4j/log4j-core/2.23.0/log4j-core-2.23.0.pom.sha1
2026.07.13 14:23:50 INFO  Scala CLI: Downloading https://repo.scala-lang.org/artifactory/maven-nightlies/io/monix/monix-eval_2.12/3.2.0/monix-eval_2.12-3.2.0.pom
2026.07.13 14:23:51 INFO  Scala CLI: Failed to download https://central.sonatype.com/repository/maven-snapshots/org/scalameta/parsers_2.12/4.13.8/parsers_2.12-4.13.8.pom.sha1
2026.07.13 14:23:51 INFO  Scala CLI: Downloading https://repo.scala-lang.org/artifactory/maven-nightlies/ch/qos/logback/logback-core/1.5.27/logback-core-1.5.27.pom
2026.07.13 14:23:51 INFO  Scala CLI: Failed to download https://central.sonatype.com/repository/maven-snapshots/io/monix/monix-catnap_2.12/3.2.0/monix-catnap_2.12-3.2.0.pom.sha1
2026.07.13 14:23:51 INFO  Scala CLI: Downloading https://repo.scala-lang.org/artifactory/maven-nightlies/io/github/alexarchambault/bleep/nailgun-server/1.0.7/nailgun-server-1.0.7.pom
2026.07.13 14:23:51 INFO  Scala CLI: Failed to download https://central.sonatype.com/repository/maven-snapshots/ch/epfl/scala/directory-watcher/0.8.0+6-f651bd93/directory-watcher-0.8.0+6-f651bd93.pom.sha1
2026.07.13 14:23:51 INFO  Scala CLI: Downloading https://repo.scala-lang.org/artifactory/maven-nightlies/net/jpountz/lz4/lz4/1.3.0/lz4-1.3.0.pom
2026.07.13 14:23:51 INFO  Scala CLI: Downloaded https://repo.scala-lang.org/artifactory/maven-nightlies/net/java/dev/jna/jna/5.18.1/jna-5.18.1.pom
2026.07.13 14:23:51 INFO  Scala CLI: Downloading https://repo.scala-lang.org/artifactory/maven-nightlies/org/scala-lang/scala-reflect/2.12.21/scala-reflect-2.12.21.pom
2026.07.13 14:23:51 INFO  Scala CLI: Downloaded https://repo.scala-lang.org/artifactory/maven-nightlies/io/monix/monix-eval_2.12/3.2.0/monix-eval_2.12-3.2.0.pom
2026.07.13 14:23:51 INFO  Scala CLI: Downloading https://repo.scala-lang.org/artifactory/maven-nightlies/io/github/alexarchambault/bleep/jsonrpc4s_2.12/0.1.1/jsonrpc4s_2.12-0.1.1.pom
2026.07.13 14:23:51 INFO  Scala CLI: Failed to download https://central.sonatype.com/repository/maven-snapshots/com/github/alexarchambault/case-app-annotations_2.12/2.0.6/case-app-annotations_2.12-2.0.6.pom.sha1
2026.07.13 14:23:51 INFO  Scala CLI: Downloading https://repo.scala-lang.org/artifactory/maven-nightlies/org/scala-sbt/zinc_2.12/1.12.0/zinc_2.12-1.12.0.pom
2026.07.13 14:23:51 INFO  Scala CLI: Downloaded https://repo.scala-lang.org/artifactory/maven-nightlies/org/scala-lang/scala-reflect/2.12.21/scala-reflect-2.12.21.pom
2026.07.13 14:23:51 INFO  Scala CLI: Downloading https://repo.scala-lang.org/artifactory/maven-nightlies/ch/epfl/scala/bsp4s_2.12/2.1.1/bsp4s_2.12-2.1.1.pom
2026.07.13 14:23:51 INFO  Scala CLI: Downloaded https://repo.scala-lang.org/artifactory/maven-nightlies/io/github/alexarchambault/bleep/jsonrpc4s_2.12/0.1.1/jsonrpc4s_2.12-0.1.1.pom
2026.07.13 14:23:51 INFO  Scala CLI: Downloading https://repo.scala-lang.org/artifactory/maven-nightlies/org/scala-lang/modules/scala-collection-compat_2.12/2.13.0/scala-collection-compat_2.12-2.13.0.pom
2026.07.13 14:23:53 INFO  Scala CLI: Downloaded https://repo.scala-lang.org/artifactory/maven-nightlies/ch/epfl/scala/bsp4s_2.12/2.1.1/bsp4s_2.12-2.1.1.pom
2026.07.13 14:23:53 INFO  Scala CLI: Downloading https://repo.scala-lang.org/artifactory/maven-nightlies/com/lihaoyi/sourcecode_2.12/0.4.4/sourcecode_2.12-0.4.4.pom
2026.07.13 14:23:53 INFO  Scala CLI: Downloaded https://repo.scala-lang.org/artifactory/maven-nightlies/io/github/alexarchambault/bleep/nailgun-server/1.0.7/nailgun-server-1.0.7.pom
2026.07.13 14:23:53 INFO  Scala CLI: Downloading https://repo.scala-lang.org/artifactory/maven-nightlies/com/lihaoyi/unroll-annotation_2.12/0.1.12/unroll-annotation_2.12-0.1.12.pom
2026.07.13 14:23:53 INFO  Scala CLI: Downloaded https://repo.scala-lang.org/artifactory/maven-nightlies/org/scala-lang/modules/scala-collection-compat_2.12/2.13.0/scala-collection-compat_2.12-2.13.0.pom
2026.07.13 14:23:53 INFO  Scala CLI: Downloading https://repo.scala-lang.org/artifactory/maven-nightlies/io/get-coursier/util/directories-jni/0.1.2/directories-jni-0.1.2.pom
2026.07.13 14:23:53 INFO  Scala CLI: Downloaded https://repo.scala-lang.org/artifactory/maven-nightlies/com/lihaoyi/sourcecode_2.12/0.4.4/sourcecode_2.12-0.4.4.pom
2026.07.13 14:23:53 INFO  Scala CLI: Downloading https://repo.scala-lang.org/artifactory/maven-nightlies/com/github/plokhotnyuk/jsoniter-scala/jsoniter-scala-macros_2.12/2.13.3.2/jsoniter-scala-macros_2.12-2.13.3.2.pom
2026.07.13 14:23:53 INFO  Scala CLI: Downloaded https://repo.scala-lang.org/artifactory/maven-nightlies/com/lihaoyi/unroll-annotation_2.12/0.1.12/unroll-annotation_2.12-0.1.12.pom
2026.07.13 14:23:53 INFO  Scala CLI: Downloading https://repo.scala-lang.org/artifactory/maven-nightlies/com/lihaoyi/pprint_2.12/0.9.6/pprint_2.12-0.9.6.pom
2026.07.13 14:23:53 INFO  Scala CLI: Downloaded https://repo.scala-lang.org/artifactory/maven-nightlies/io/get-coursier/util/directories-jni/0.1.2/directories-jni-0.1.2.pom
2026.07.13 14:23:53 INFO  Scala CLI: Downloading https://repo.scala-lang.org/artifactory/maven-nightlies/com/github/plokhotnyuk/jsoniter-scala/jsoniter-scala-core_2.12/2.13.5.2/jsoniter-scala-core_2.12-2.13.5.2.pom
2026.07.13 14:23:53 INFO  Scala CLI: Downloaded https://repo.scala-lang.org/artifactory/maven-nightlies/org/scala-sbt/zinc_2.12/1.12.0/zinc_2.12-1.12.0.pom
2026.07.13 14:23:53 INFO  Scala CLI: Downloading https://repo.scala-lang.org/artifactory/maven-nightlies/io/zipkin/brave/brave/5.18.1/brave-5.18.1.pom
2026.07.13 14:23:53 INFO  Scala CLI: Downloaded https://repo.scala-lang.org/artifactory/maven-nightlies/com/github/plokhotnyuk/jsoniter-scala/jsoniter-scala-macros_2.12/2.13.3.2/jsoniter-scala-macros_2.12-2.13.3.2.pom
2026.07.13 14:23:53 INFO  Scala CLI: Downloading https://repo.scala-lang.org/artifactory/maven-nightlies/io/zipkin/reporter2/zipkin-sender-urlconnection/2.17.2/zipkin-sender-urlconnection-2.17.2.pom
2026.07.13 14:23:53 INFO  Scala CLI: Downloaded https://repo.scala-lang.org/artifactory/maven-nightlies/com/lihaoyi/pprint_2.12/0.9.6/pprint_2.12-0.9.6.pom
2026.07.13 14:23:53 INFO  Scala CLI: Downloading https://repo.scala-lang.org/artifactory/maven-nightlies/io/monix/monix-reactive_2.12/3.2.0/monix-reactive_2.12-3.2.0.pom
2026.07.13 14:23:53 INFO  Scala CLI: Downloaded https://repo.scala-lang.org/artifactory/maven-nightlies/com/github/plokhotnyuk/jsoniter-scala/jsoniter-scala-core_2.12/2.13.5.2/jsoniter-scala-core_2.12-2.13.5.2.pom
2026.07.13 14:23:53 INFO  Scala CLI: Downloading https://repo.scala-lang.org/artifactory/maven-nightlies/org/ow2/asm/asm-util/9.9.1/asm-util-9.9.1.pom
2026.07.13 14:23:53 INFO  Scala CLI: Downloaded https://repo.scala-lang.org/artifactory/maven-nightlies/io/zipkin/reporter2/zipkin-sender-urlconnection/2.17.2/zipkin-sender-urlconnection-2.17.2.pom
2026.07.13 14:23:53 INFO  Scala CLI: Downloading https://repo.scala-lang.org/artifactory/maven-nightlies/io/monix/monix-tail_2.12/3.2.0/monix-tail_2.12-3.2.0.pom
2026.07.13 14:23:53 INFO  Scala CLI: Downloaded https://repo.scala-lang.org/artifactory/maven-nightlies/net/jpountz/lz4/lz4/1.3.0/lz4-1.3.0.pom
2026.07.13 14:23:53 INFO  Scala CLI: Downloading https://repo.scala-lang.org/artifactory/maven-nightlies/com/github/alexarchambault/case-app-util_2.12/2.0.6/case-app-util_2.12-2.0.6.pom
2026.07.13 14:23:53 INFO  Scala CLI: Downloaded https://repo.scala-lang.org/artifactory/maven-nightlies/io/zipkin/brave/brave/5.18.1/brave-5.18.1.pom
2026.07.13 14:23:53 INFO  Scala CLI: Downloading https://repo.scala-lang.org/artifactory/maven-nightlies/org/scala-sbt/librarymanagement-ivy_2.12/1.12.0/librarymanagement-ivy_2.12-1.12.0.pom
2026.07.13 14:23:54 INFO  Scala CLI: Downloaded https://repo.scala-lang.org/artifactory/maven-nightlies/io/monix/monix-reactive_2.12/3.2.0/monix-reactive_2.12-3.2.0.pom
2026.07.13 14:23:54 INFO  Scala CLI: Downloading https://repo.scala-lang.org/artifactory/maven-nightlies/org/zeroturnaround/zt-zip/1.17/zt-zip-1.17.pom
2026.07.13 14:23:54 INFO  Scala CLI: Downloaded https://repo.scala-lang.org/artifactory/maven-nightlies/io/monix/monix-tail_2.12/3.2.0/monix-tail_2.12-3.2.0.pom
2026.07.13 14:23:54 INFO  Scala CLI: Downloading https://repo.scala-lang.org/artifactory/maven-nightlies/io/monix/monix-java_2.12/3.2.0/monix-java_2.12-3.2.0.pom
2026.07.13 14:23:54 INFO  Scala CLI: Downloaded https://repo.scala-lang.org/artifactory/maven-nightlies/org/scala-sbt/librarymanagement-ivy_2.12/1.12.0/librarymanagement-ivy_2.12-1.12.0.pom
2026.07.13 14:23:54 INFO  Scala CLI: Downloading https://repo.scala-lang.org/artifactory/maven-nightlies/org/scala-sbt/test-agent/1.12.1/test-agent-1.12.1.pom
2026.07.13 14:23:54 INFO  Scala CLI: Downloaded https://repo.scala-lang.org/artifactory/maven-nightlies/com/github/alexarchambault/case-app-util_2.12/2.0.6/case-app-util_2.12-2.0.6.pom
2026.07.13 14:23:54 INFO  Scala CLI: Downloading https://repo.scala-lang.org/artifactory/maven-nightlies/io/monix/monix-execution_2.12/3.2.0/monix-execution_2.12-3.2.0.pom
2026.07.13 14:23:54 INFO  Scala CLI: Downloaded https://repo.scala-lang.org/artifactory/maven-nightlies/org/zeroturnaround/zt-zip/1.17/zt-zip-1.17.pom
2026.07.13 14:23:54 INFO  Scala CLI: Downloading https://repo.scala-lang.org/artifactory/maven-nightlies/net/java/dev/jna/jna/5.18.1/jna-5.18.1.pom.sha1
2026.07.13 14:23:54 INFO  Scala CLI: Downloaded https://repo.scala-lang.org/artifactory/maven-nightlies/io/monix/monix-execution_2.12/3.2.0/monix-execution_2.12-3.2.0.pom
2026.07.13 14:23:54 INFO  Scala CLI: Downloading https://repo.scala-lang.org/artifactory/maven-nightlies/io/monix/monix-eval_2.12/3.2.0/monix-eval_2.12-3.2.0.pom.sha1
2026.07.13 14:23:54 INFO  Scala CLI: Downloaded https://repo.scala-lang.org/artifactory/maven-nightlies/net/java/dev/jna/jna/5.18.1/jna-5.18.1.pom.sha1
2026.07.13 14:23:54 INFO  Scala CLI: Downloading https://repo.scala-lang.org/artifactory/maven-nightlies/org/scala-lang/scala-reflect/2.12.21/scala-reflect-2.12.21.pom.sha1
2026.07.13 14:23:54 INFO  Scala CLI: Downloaded https://repo.scala-lang.org/artifactory/maven-nightlies/org/ow2/asm/asm-util/9.9.1/asm-util-9.9.1.pom
2026.07.13 14:23:54 INFO  Scala CLI: Downloading https://repo.scala-lang.org/artifactory/maven-nightlies/io/github/alexarchambault/bleep/jsonrpc4s_2.12/0.1.1/jsonrpc4s_2.12-0.1.1.pom.sha1
2026.07.13 14:23:54 INFO  Scala CLI: Downloaded https://repo.scala-lang.org/artifactory/maven-nightlies/io/monix/monix-java_2.12/3.2.0/monix-java_2.12-3.2.0.pom
2026.07.13 14:23:54 INFO  Scala CLI: Downloading https://repo.scala-lang.org/artifactory/maven-nightlies/ch/epfl/scala/bsp4s_2.12/2.1.1/bsp4s_2.12-2.1.1.pom.sha1
2026.07.13 14:23:54 INFO  Scala CLI: Downloaded https://repo.scala-lang.org/artifactory/maven-nightlies/io/monix/monix-eval_2.12/3.2.0/monix-eval_2.12-3.2.0.pom.sha1
2026.07.13 14:23:54 INFO  Scala CLI: Downloading https://repo.scala-lang.org/artifactory/maven-nightlies/io/github/alexarchambault/bleep/nailgun-server/1.0.7/nailgun-server-1.0.7.pom.sha1
2026.07.13 14:23:54 INFO  Scala CLI: Downloaded https://repo.scala-lang.org/artifactory/maven-nightlies/io/github/alexarchambault/bleep/jsonrpc4s_2.12/0.1.1/jsonrpc4s_2.12-0.1.1.pom.sha1
2026.07.13 14:23:54 INFO  Scala CLI: Downloading https://repo.scala-lang.org/artifactory/maven-nightlies/org/scala-lang/modules/scala-collection-compat_2.12/2.13.0/scala-collection-compat_2.12-2.13.0.pom.sha1
2026.07.13 14:23:54 INFO  Scala CLI: Downloaded https://repo.scala-lang.org/artifactory/maven-nightlies/org/scala-lang/scala-reflect/2.12.21/scala-reflect-2.12.21.pom.sha1
2026.07.13 14:23:54 INFO  Scala CLI: Downloading https://repo.scala-lang.org/artifactory/maven-nightlies/com/lihaoyi/sourcecode_2.12/0.4.4/sourcecode_2.12-0.4.4.pom.sha1
2026.07.13 14:23:55 INFO  Scala CLI: Downloaded https://repo.scala-lang.org/artifactory/maven-nightlies/ch/epfl/scala/bsp4s_2.12/2.1.1/bsp4s_2.12-2.1.1.pom.sha1
2026.07.13 14:23:55 INFO  Scala CLI: Downloading https://repo.scala-lang.org/artifactory/maven-nightlies/com/lihaoyi/unroll-annotation_2.12/0.1.12/unroll-annotation_2.12-0.1.12.pom.sha1
2026.07.13 14:23:55 INFO  Scala CLI: Downloaded https://repo.scala-lang.org/artifactory/maven-nightlies/io/github/alexarchambault/bleep/nailgun-server/1.0.7/nailgun-server-1.0.7.pom.sha1
2026.07.13 14:23:55 INFO  Scala CLI: Downloading https://repo.scala-lang.org/artifactory/maven-nightlies/io/get-coursier/util/directories-jni/0.1.2/directories-jni-0.1.2.pom.sha1
2026.07.13 14:23:55 INFO  Scala CLI: Downloaded https://repo.scala-lang.org/artifactory/maven-nightlies/org/scala-lang/modules/scala-collection-compat_2.12/2.13.0/scala-collection-compat_2.12-2.13.0.pom.sha1
2026.07.13 14:23:55 INFO  Scala CLI: Downloading https://repo.scala-lang.org/artifactory/maven-nightlies/org/scala-sbt/zinc_2.12/1.12.0/zinc_2.12-1.12.0.pom.sha1
2026.07.13 14:23:55 INFO  Scala CLI: Downloaded https://repo.scala-lang.org/artifactory/maven-nightlies/com/lihaoyi/sourcecode_2.12/0.4.4/sourcecode_2.12-0.4.4.pom.sha1
2026.07.13 14:23:55 INFO  Scala CLI: Downloading https://repo.scala-lang.org/artifactory/maven-nightlies/com/github/plokhotnyuk/jsoniter-scala/jsoniter-scala-macros_2.12/2.13.3.2/jsoniter-scala-macros_2.12-2.13.3.2.pom.sha1
2026.07.13 14:23:55 INFO  Scala CLI: Downloaded https://repo.scala-lang.org/artifactory/maven-nightlies/io/get-coursier/util/directories-jni/0.1.2/directories-jni-0.1.2.pom.sha1
2026.07.13 14:23:55 INFO  Scala CLI: Downloading https://repo.scala-lang.org/artifactory/maven-nightlies/com/lihaoyi/pprint_2.12/0.9.6/pprint_2.12-0.9.6.pom.sha1
2026.07.13 14:23:55 INFO  Scala CLI: Downloaded https://repo.scala-lang.org/artifactory/maven-nightlies/com/github/plokhotnyuk/jsoniter-scala/jsoniter-scala-macros_2.12/2.13.3.2/jsoniter-scala-macros_2.12-2.13.3.2.pom.sha1
2026.07.13 14:23:55 INFO  Scala CLI: Downloading https://repo.scala-lang.org/artifactory/maven-nightlies/com/github/plokhotnyuk/jsoniter-scala/jsoniter-scala-core_2.12/2.13.5.2/jsoniter-scala-core_2.12-2.13.5.2.pom.sha1
2026.07.13 14:23:55 INFO  Scala CLI: Downloaded https://repo.scala-lang.org/artifactory/maven-nightlies/com/lihaoyi/pprint_2.12/0.9.6/pprint_2.12-0.9.6.pom.sha1
2026.07.13 14:23:55 INFO  Scala CLI: Downloading https://repo.scala-lang.org/artifactory/maven-nightlies/io/zipkin/reporter2/zipkin-sender-urlconnection/2.17.2/zipkin-sender-urlconnection-2.17.2.pom.sha1
2026.07.13 14:23:55 INFO  Scala CLI: Downloaded https://repo.scala-lang.org/artifactory/maven-nightlies/com/lihaoyi/unroll-annotation_2.12/0.1.12/unroll-annotation_2.12-0.1.12.pom.sha1
2026.07.13 14:23:55 INFO  Scala CLI: Downloading https://repo.scala-lang.org/artifactory/maven-nightlies/net/jpountz/lz4/lz4/1.3.0/lz4-1.3.0.pom.sha1
2026.07.13 14:23:55 INFO  Scala CLI: Downloaded https://repo.scala-lang.org/artifactory/maven-nightlies/ch/qos/logback/logback-core/1.5.27/logback-core-1.5.27.pom
2026.07.13 14:23:55 INFO  Scala CLI: Downloading https://repo.scala-lang.org/artifactory/maven-nightlies/io/zipkin/brave/brave/5.18.1/brave-5.18.1.pom.sha1
2026.07.13 14:23:55 INFO  Scala CLI: Downloaded https://repo.scala-lang.org/artifactory/maven-nightlies/io/zipkin/reporter2/zipkin-sender-urlconnection/2.17.2/zipkin-sender-urlconnection-2.17.2.pom.sha1
2026.07.13 14:23:55 INFO  Scala CLI: Downloading https://repo.scala-lang.org/artifactory/maven-nightlies/io/monix/monix-reactive_2.12/3.2.0/monix-reactive_2.12-3.2.0.pom.sha1
2026.07.13 14:23:56 INFO  Scala CLI: Downloaded https://repo.scala-lang.org/artifactory/maven-nightlies/net/jpountz/lz4/lz4/1.3.0/lz4-1.3.0.pom.sha1
2026.07.13 14:23:56 INFO  Scala CLI: Downloading https://repo.scala-lang.org/artifactory/maven-nightlies/io/monix/monix-tail_2.12/3.2.0/monix-tail_2.12-3.2.0.pom.sha1
2026.07.13 14:23:56 INFO  Scala CLI: Downloaded https://repo.scala-lang.org/artifactory/maven-nightlies/io/zipkin/brave/brave/5.18.1/brave-5.18.1.pom.sha1
2026.07.13 14:23:56 INFO  Scala CLI: Downloading https://repo.scala-lang.org/artifactory/maven-nightlies/org/scala-sbt/librarymanagement-ivy_2.12/1.12.0/librarymanagement-ivy_2.12-1.12.0.pom.sha1
2026.07.13 14:23:56 INFO  Scala CLI: Downloaded https://repo.scala-lang.org/artifactory/maven-nightlies/io/monix/monix-tail_2.12/3.2.0/monix-tail_2.12-3.2.0.pom.sha1
2026.07.13 14:23:56 INFO  Scala CLI: Downloading https://repo.scala-lang.org/artifactory/maven-nightlies/com/github/alexarchambault/case-app-util_2.12/2.0.6/case-app-util_2.12-2.0.6.pom.sha1
2026.07.13 14:23:56 INFO  Scala CLI: Downloaded https://repo.scala-lang.org/artifactory/maven-nightlies/com/github/plokhotnyuk/jsoniter-scala/jsoniter-scala-core_2.12/2.13.5.2/jsoniter-scala-core_2.12-2.13.5.2.pom.sha1
2026.07.13 14:23:56 INFO  Scala CLI: Downloading https://repo.scala-lang.org/artifactory/maven-nightlies/org/zeroturnaround/zt-zip/1.17/zt-zip-1.17.pom.sha1
2026.07.13 14:23:56 INFO  Scala CLI: Downloaded https://repo.scala-lang.org/artifactory/maven-nightlies/org/scala-sbt/zinc_2.12/1.12.0/zinc_2.12-1.12.0.pom.sha1
2026.07.13 14:23:56 INFO  Scala CLI: Downloading https://repo.scala-lang.org/artifactory/maven-nightlies/org/apache/logging/log4j/log4j-core/2.23.0/log4j-core-2.23.0.pom
2026.07.13 14:23:56 INFO  Scala CLI: Downloaded https://repo.scala-lang.org/artifactory/maven-nightlies/org/scala-sbt/librarymanagement-ivy_2.12/1.12.0/librarymanagement-ivy_2.12-1.12.0.pom.sha1
2026.07.13 14:23:56 INFO  Scala CLI: Downloading https://repo.scala-lang.org/artifactory/maven-nightlies/org/scalameta/parsers_2.12/4.13.8/parsers_2.12-4.13.8.pom
2026.07.13 14:23:56 INFO  Scala CLI: Downloaded https://repo.scala-lang.org/artifactory/maven-nightlies/com/github/alexarchambault/case-app-util_2.12/2.0.6/case-app-util_2.12-2.0.6.pom.sha1
2026.07.13 14:23:56 INFO  Scala CLI: Downloading https://repo.scala-lang.org/artifactory/maven-nightlies/io/monix/monix-catnap_2.12/3.2.0/monix-catnap_2.12-3.2.0.pom
2026.07.13 14:23:56 INFO  Scala CLI: Downloaded https://repo.scala-lang.org/artifactory/maven-nightlies/org/zeroturnaround/zt-zip/1.17/zt-zip-1.17.pom.sha1
2026.07.13 14:23:56 INFO  Scala CLI: Downloading https://repo.scala-lang.org/artifactory/maven-nightlies/ch/epfl/scala/directory-watcher/0.8.0+6-f651bd93/directory-watcher-0.8.0+6-f651bd93.pom
2026.07.13 14:23:56 INFO  Scala CLI: Downloaded https://repo.scala-lang.org/artifactory/maven-nightlies/org/scala-sbt/test-agent/1.12.1/test-agent-1.12.1.pom
2026.07.13 14:23:56 INFO  Scala CLI: Downloading https://repo.scala-lang.org/artifactory/maven-nightlies/com/github/alexarchambault/case-app-annotations_2.12/2.0.6/case-app-annotations_2.12-2.0.6.pom
2026.07.13 14:23:56 INFO  Scala CLI: Downloaded https://repo.scala-lang.org/artifactory/maven-nightlies/io/monix/monix-reactive_2.12/3.2.0/monix-reactive_2.12-3.2.0.pom.sha1
2026.07.13 14:23:56 INFO  Scala CLI: Downloading https://repo.scala-lang.org/artifactory/maven-nightlies/io/monix/monix-execution_2.12/3.2.0/monix-execution_2.12-3.2.0.pom.sha1
2026.07.13 14:23:56 INFO  Scala CLI: Downloaded https://repo.scala-lang.org/artifactory/maven-nightlies/org/scalameta/parsers_2.12/4.13.8/parsers_2.12-4.13.8.pom
2026.07.13 14:23:56 INFO  Scala CLI: Downloading https://repo.scala-lang.org/artifactory/maven-nightlies/org/ow2/asm/asm-util/9.9.1/asm-util-9.9.1.pom.sha1
2026.07.13 14:23:56 INFO  Scala CLI: Downloaded https://repo.scala-lang.org/artifactory/maven-nightlies/ch/epfl/scala/directory-watcher/0.8.0+6-f651bd93/directory-watcher-0.8.0+6-f651bd93.pom
2026.07.13 14:23:56 INFO  Scala CLI: Downloading https://repo.scala-lang.org/artifactory/maven-nightlies/io/monix/monix-java_2.12/3.2.0/monix-java_2.12-3.2.0.pom.sha1
2026.07.13 14:23:56 INFO  Scala CLI: Downloaded https://repo.scala-lang.org/artifactory/maven-nightlies/io/monix/monix-execution_2.12/3.2.0/monix-execution_2.12-3.2.0.pom.sha1
2026.07.13 14:23:57 INFO  Scala CLI: Downloaded https://repo.scala-lang.org/artifactory/maven-nightlies/io/monix/monix-catnap_2.12/3.2.0/monix-catnap_2.12-3.2.0.pom
2026.07.13 14:23:57 INFO  Scala CLI: Downloading https://repo.scala-lang.org/artifactory/maven-nightlies/ch/qos/logback/logback-core/1.5.27/logback-core-1.5.27.pom.sha1
2026.07.13 14:23:57 INFO  Scala CLI: Downloading https://repo.scala-lang.org/artifactory/maven-nightlies/org/scala-sbt/test-agent/1.12.1/test-agent-1.12.1.pom.sha1
2026.07.13 14:23:57 INFO  Scala CLI: Downloaded https://repo.scala-lang.org/artifactory/maven-nightlies/org/ow2/asm/asm-util/9.9.1/asm-util-9.9.1.pom.sha1
2026.07.13 14:23:57 INFO  Scala CLI: Downloading https://repo.scala-lang.org/artifactory/maven-nightlies/org/scalameta/parsers_2.12/4.13.8/parsers_2.12-4.13.8.pom.sha1
2026.07.13 14:23:57 INFO  Scala CLI: Downloaded https://repo.scala-lang.org/artifactory/maven-nightlies/io/monix/monix-java_2.12/3.2.0/monix-java_2.12-3.2.0.pom.sha1
2026.07.13 14:23:57 INFO  Scala CLI: Downloading https://repo.scala-lang.org/artifactory/maven-nightlies/ch/epfl/scala/directory-watcher/0.8.0+6-f651bd93/directory-watcher-0.8.0+6-f651bd93.pom.sha1
2026.07.13 14:23:57 INFO  Scala CLI: Downloaded https://repo.scala-lang.org/artifactory/maven-nightlies/ch/qos/logback/logback-core/1.5.27/logback-core-1.5.27.pom.sha1
2026.07.13 14:23:57 INFO  Scala CLI: Downloading https://repo.scala-lang.org/artifactory/maven-nightlies/io/monix/monix-catnap_2.12/3.2.0/monix-catnap_2.12-3.2.0.pom.sha1
2026.07.13 14:23:57 INFO  Scala CLI: Downloaded https://repo.scala-lang.org/artifactory/maven-nightlies/org/scala-sbt/test-agent/1.12.1/test-agent-1.12.1.pom.sha1
2026.07.13 14:23:57 INFO  Scala CLI: Downloaded https://repo.scala-lang.org/artifactory/maven-nightlies/io/monix/monix-catnap_2.12/3.2.0/monix-catnap_2.12-3.2.0.pom.sha1
2026.07.13 14:23:57 INFO  Scala CLI: Downloaded https://repo.scala-lang.org/artifactory/maven-nightlies/ch/epfl/scala/directory-watcher/0.8.0+6-f651bd93/directory-watcher-0.8.0+6-f651bd93.pom.sha1
2026.07.13 14:23:57 INFO  Scala CLI: Downloaded https://repo.scala-lang.org/artifactory/maven-nightlies/org/apache/logging/log4j/log4j-core/2.23.0/log4j-core-2.23.0.pom
2026.07.13 14:23:57 INFO  Scala CLI: Downloading https://repo.scala-lang.org/artifactory/maven-nightlies/org/apache/logging/log4j/log4j-core/2.23.0/log4j-core-2.23.0.pom.sha1
2026.07.13 14:23:57 INFO  Scala CLI: Downloaded https://repo.scala-lang.org/artifactory/maven-nightlies/org/apache/logging/log4j/log4j-core/2.23.0/log4j-core-2.23.0.pom.sha1
2026.07.13 14:23:58 INFO  Scala CLI: Downloaded https://repo.scala-lang.org/artifactory/maven-nightlies/com/github/alexarchambault/case-app-annotations_2.12/2.0.6/case-app-annotations_2.12-2.0.6.pom
2026.07.13 14:23:58 INFO  Scala CLI: Downloading https://repo.scala-lang.org/artifactory/maven-nightlies/com/github/alexarchambault/case-app-annotations_2.12/2.0.6/case-app-annotations_2.12-2.0.6.pom.sha1
2026.07.13 14:23:58 INFO  Scala CLI: Downloaded https://repo.scala-lang.org/artifactory/maven-nightlies/org/scalameta/parsers_2.12/4.13.8/parsers_2.12-4.13.8.pom.sha1
2026.07.13 14:23:58 INFO  Scala CLI: Downloaded https://repo.scala-lang.org/artifactory/maven-nightlies/com/github/alexarchambault/case-app-annotations_2.12/2.0.6/case-app-annotations_2.12-2.0.6.pom.sha1
2026.07.13 14:23:58 INFO  Scala CLI: Downloading https://central.sonatype.com/repository/maven-snapshots/io/zipkin/brave/brave-parent/5.18.1/brave-parent-5.18.1.pom
2026.07.13 14:23:58 INFO  Scala CLI: Downloading https://central.sonatype.com/repository/maven-snapshots/io/zipkin/reporter2/zipkin-reporter-parent/2.17.2/zipkin-reporter-parent-2.17.2.pom
2026.07.13 14:23:58 INFO  Scala CLI: Downloading https://central.sonatype.com/repository/maven-snapshots/org/apache/logging/log4j/log4j/2.23.0/log4j-2.23.0.pom
2026.07.13 14:23:59 INFO  Scala CLI: Failed to download https://central.sonatype.com/repository/maven-snapshots/io/zipkin/brave/brave-parent/5.18.1/brave-parent-5.18.1.pom
2026.07.13 14:23:59 INFO  Scala CLI: Downloading https://central.sonatype.com/repository/maven-snapshots/io/zipkin/brave/brave-parent/5.18.1/brave-parent-5.18.1.pom.sha1
2026.07.13 14:23:59 INFO  Scala CLI: Failed to download https://central.sonatype.com/repository/maven-snapshots/org/apache/logging/log4j/log4j/2.23.0/log4j-2.23.0.pom
2026.07.13 14:23:59 INFO  Scala CLI: Downloading https://central.sonatype.com/repository/maven-snapshots/org/apache/logging/log4j/log4j/2.23.0/log4j-2.23.0.pom.sha1
2026.07.13 14:23:59 INFO  Scala CLI: Failed to download https://central.sonatype.com/repository/maven-snapshots/io/zipkin/brave/brave-parent/5.18.1/brave-parent-5.18.1.pom.sha1
2026.07.13 14:23:59 INFO  Scala CLI: Downloading https://repo.scala-lang.org/artifactory/maven-nightlies/io/zipkin/brave/brave-parent/5.18.1/brave-parent-5.18.1.pom
2026.07.13 14:24:00 INFO  Scala CLI: Failed to download https://central.sonatype.com/repository/maven-snapshots/io/zipkin/reporter2/zipkin-reporter-parent/2.17.2/zipkin-reporter-parent-2.17.2.pom
2026.07.13 14:24:00 INFO  Scala CLI: Downloading https://central.sonatype.com/repository/maven-snapshots/io/zipkin/reporter2/zipkin-reporter-parent/2.17.2/zipkin-reporter-parent-2.17.2.pom.sha1
2026.07.13 14:24:00 INFO  Scala CLI: Failed to download https://central.sonatype.com/repository/maven-snapshots/io/zipkin/reporter2/zipkin-reporter-parent/2.17.2/zipkin-reporter-parent-2.17.2.pom.sha1
2026.07.13 14:24:00 INFO  Scala CLI: Downloading https://repo.scala-lang.org/artifactory/maven-nightlies/io/zipkin/reporter2/zipkin-reporter-parent/2.17.2/zipkin-reporter-parent-2.17.2.pom
2026.07.13 14:24:00 INFO  Scala CLI: Failed to download https://central.sonatype.com/repository/maven-snapshots/org/apache/logging/log4j/log4j/2.23.0/log4j-2.23.0.pom.sha1
2026.07.13 14:24:00 INFO  Scala CLI: Downloading https://repo.scala-lang.org/artifactory/maven-nightlies/org/apache/logging/log4j/log4j/2.23.0/log4j-2.23.0.pom
2026.07.13 14:24:03 INFO  Scala CLI: Downloaded https://repo.scala-lang.org/artifactory/maven-nightlies/io/zipkin/brave/brave-parent/5.18.1/brave-parent-5.18.1.pom
2026.07.13 14:24:03 INFO  Scala CLI: Downloading https://repo.scala-lang.org/artifactory/maven-nightlies/io/zipkin/brave/brave-parent/5.18.1/brave-parent-5.18.1.pom.sha1
2026.07.13 14:24:03 INFO  Scala CLI: Downloaded https://repo.scala-lang.org/artifactory/maven-nightlies/io/zipkin/brave/brave-parent/5.18.1/brave-parent-5.18.1.pom.sha1
2026.07.13 14:24:04 INFO  Scala CLI: Downloaded https://repo.scala-lang.org/artifactory/maven-nightlies/org/apache/logging/log4j/log4j/2.23.0/log4j-2.23.0.pom
2026.07.13 14:24:04 INFO  Scala CLI: Downloading https://repo.scala-lang.org/artifactory/maven-nightlies/org/apache/logging/log4j/log4j/2.23.0/log4j-2.23.0.pom.sha1
2026.07.13 14:24:04 INFO  Scala CLI: Downloaded https://repo.scala-lang.org/artifactory/maven-nightlies/org/apache/logging/log4j/log4j/2.23.0/log4j-2.23.0.pom.sha1
2026.07.13 14:24:04 INFO  Scala CLI: Downloaded https://repo.scala-lang.org/artifactory/maven-nightlies/io/zipkin/reporter2/zipkin-reporter-parent/2.17.2/zipkin-reporter-parent-2.17.2.pom
2026.07.13 14:24:04 INFO  Scala CLI: Downloading https://repo.scala-lang.org/artifactory/maven-nightlies/io/zipkin/reporter2/zipkin-reporter-parent/2.17.2/zipkin-reporter-parent-2.17.2.pom.sha1
2026.07.13 14:24:05 INFO  Scala CLI: Downloaded https://repo.scala-lang.org/artifactory/maven-nightlies/io/zipkin/reporter2/zipkin-reporter-parent/2.17.2/zipkin-reporter-parent-2.17.2.pom.sha1
2026.07.13 14:24:05 INFO  Scala CLI: Downloading https://central.sonatype.com/repository/maven-snapshots/org/apache/logging/log4j/log4j-bom/2.23.0/log4j-bom-2.23.0.pom
2026.07.13 14:24:05 INFO  Scala CLI: Failed to download https://central.sonatype.com/repository/maven-snapshots/org/apache/logging/log4j/log4j-bom/2.23.0/log4j-bom-2.23.0.pom
2026.07.13 14:24:05 INFO  Scala CLI: Downloading https://central.sonatype.com/repository/maven-snapshots/org/apache/logging/log4j/log4j-bom/2.23.0/log4j-bom-2.23.0.pom.sha1
2026.07.13 14:24:07 INFO  Scala CLI: Failed to download https://central.sonatype.com/repository/maven-snapshots/org/apache/logging/log4j/log4j-bom/2.23.0/log4j-bom-2.23.0.pom.sha1
2026.07.13 14:24:07 INFO  Scala CLI: Downloading https://repo.scala-lang.org/artifactory/maven-nightlies/org/apache/logging/log4j/log4j-bom/2.23.0/log4j-bom-2.23.0.pom
2026.07.13 14:24:07 INFO  Scala CLI: Downloaded https://repo.scala-lang.org/artifactory/maven-nightlies/org/apache/logging/log4j/log4j-bom/2.23.0/log4j-bom-2.23.0.pom
2026.07.13 14:24:07 INFO  Scala CLI: Downloading https://repo.scala-lang.org/artifactory/maven-nightlies/org/apache/logging/log4j/log4j-bom/2.23.0/log4j-bom-2.23.0.pom.sha1
2026.07.13 14:24:08 INFO  Scala CLI: Downloaded https://repo.scala-lang.org/artifactory/maven-nightlies/org/apache/logging/log4j/log4j-bom/2.23.0/log4j-bom-2.23.0.pom.sha1
2026.07.13 14:24:08 INFO  Scala CLI: Downloading https://central.sonatype.com/repository/maven-snapshots/org/apache/logging/logging-parent/10.6.0/logging-parent-10.6.0.pom
2026.07.13 14:24:08 INFO  Scala CLI: Failed to download https://central.sonatype.com/repository/maven-snapshots/org/apache/logging/logging-parent/10.6.0/logging-parent-10.6.0.pom
2026.07.13 14:24:08 INFO  Scala CLI: Downloading https://central.sonatype.com/repository/maven-snapshots/org/apache/logging/logging-parent/10.6.0/logging-parent-10.6.0.pom.sha1
2026.07.13 14:24:09 INFO  Scala CLI: Failed to download https://central.sonatype.com/repository/maven-snapshots/org/apache/logging/logging-parent/10.6.0/logging-parent-10.6.0.pom.sha1
2026.07.13 14:24:09 INFO  Scala CLI: Downloading https://repo.scala-lang.org/artifactory/maven-nightlies/org/apache/logging/logging-parent/10.6.0/logging-parent-10.6.0.pom
2026.07.13 14:24:13 INFO  Scala CLI: Downloaded https://repo.scala-lang.org/artifactory/maven-nightlies/org/apache/logging/logging-parent/10.6.0/logging-parent-10.6.0.pom
2026.07.13 14:24:13 INFO  Scala CLI: Downloading https://repo.scala-lang.org/artifactory/maven-nightlies/org/apache/logging/logging-parent/10.6.0/logging-parent-10.6.0.pom.sha1
2026.07.13 14:24:13 INFO  Scala CLI: Downloaded https://repo.scala-lang.org/artifactory/maven-nightlies/org/apache/logging/logging-parent/10.6.0/logging-parent-10.6.0.pom.sha1
2026.07.13 14:24:13 INFO  Scala CLI: Downloading https://central.sonatype.com/repository/maven-snapshots/io/fabric8/kubernetes-client-bom/5.12.4/kubernetes-client-bom-5.12.4.pom
2026.07.13 14:24:13 INFO  Scala CLI: Downloading https://central.sonatype.com/repository/maven-snapshots/org/codehaus/groovy/groovy-bom/3.0.20/groovy-bom-3.0.20.pom
2026.07.13 14:24:13 INFO  Scala CLI: Downloading https://central.sonatype.com/repository/maven-snapshots/org/springframework/spring-framework-bom/5.3.32/spring-framework-bom-5.3.32.pom
2026.07.13 14:24:13 INFO  Scala CLI: Downloading https://central.sonatype.com/repository/maven-snapshots/io/netty/netty-bom/4.1.107.Final/netty-bom-4.1.107.Final.pom
2026.07.13 14:24:13 INFO  Scala CLI: Downloading https://central.sonatype.com/repository/maven-snapshots/com/fasterxml/jackson/jackson-bom/2.16.1/jackson-bom-2.16.1.pom
2026.07.13 14:24:13 INFO  Scala CLI: Downloading https://central.sonatype.com/repository/maven-snapshots/org/eclipse/jetty/jetty-bom/9.4.54.v20240208/jetty-bom-9.4.54.v20240208.pom
2026.07.13 14:24:13 INFO  Scala CLI: Failed to download https://central.sonatype.com/repository/maven-snapshots/org/codehaus/groovy/groovy-bom/3.0.20/groovy-bom-3.0.20.pom
2026.07.13 14:24:13 INFO  Scala CLI: Downloading https://central.sonatype.com/repository/maven-snapshots/org/codehaus/groovy/groovy-bom/3.0.20/groovy-bom-3.0.20.pom.sha1
2026.07.13 14:24:14 INFO  Scala CLI: Failed to download https://central.sonatype.com/repository/maven-snapshots/org/springframework/spring-framework-bom/5.3.32/spring-framework-bom-5.3.32.pom
2026.07.13 14:24:14 INFO  Scala CLI: Downloading https://central.sonatype.com/repository/maven-snapshots/org/springframework/spring-framework-bom/5.3.32/spring-framework-bom-5.3.32.pom.sha1
2026.07.13 14:24:14 INFO  Scala CLI: Failed to download https://central.sonatype.com/repository/maven-snapshots/org/codehaus/groovy/groovy-bom/3.0.20/groovy-bom-3.0.20.pom.sha1
2026.07.13 14:24:14 INFO  Scala CLI: Downloading https://repo.scala-lang.org/artifactory/maven-nightlies/org/codehaus/groovy/groovy-bom/3.0.20/groovy-bom-3.0.20.pom
2026.07.13 14:24:14 INFO  Scala CLI: Failed to download https://central.sonatype.com/repository/maven-snapshots/io/netty/netty-bom/4.1.107.Final/netty-bom-4.1.107.Final.pom
2026.07.13 14:24:14 INFO  Scala CLI: Downloading https://central.sonatype.com/repository/maven-snapshots/io/netty/netty-bom/4.1.107.Final/netty-bom-4.1.107.Final.pom.sha1
2026.07.13 14:24:14 INFO  Scala CLI: Failed to download https://central.sonatype.com/repository/maven-snapshots/org/springframework/spring-framework-bom/5.3.32/spring-framework-bom-5.3.32.pom.sha1
2026.07.13 14:24:14 INFO  Scala CLI: Downloading https://repo.scala-lang.org/artifactory/maven-nightlies/org/springframework/spring-framework-bom/5.3.32/spring-framework-bom-5.3.32.pom
2026.07.13 14:24:15 INFO  Scala CLI: Failed to download https://central.sonatype.com/repository/maven-snapshots/io/fabric8/kubernetes-client-bom/5.12.4/kubernetes-client-bom-5.12.4.pom
2026.07.13 14:24:15 INFO  Scala CLI: Downloading https://central.sonatype.com/repository/maven-snapshots/io/fabric8/kubernetes-client-bom/5.12.4/kubernetes-client-bom-5.12.4.pom.sha1
2026.07.13 14:24:15 INFO  Scala CLI: Failed to download https://central.sonatype.com/repository/maven-snapshots/io/netty/netty-bom/4.1.107.Final/netty-bom-4.1.107.Final.pom.sha1
2026.07.13 14:24:15 INFO  Scala CLI: Downloading https://repo.scala-lang.org/artifactory/maven-nightlies/io/netty/netty-bom/4.1.107.Final/netty-bom-4.1.107.Final.pom
2026.07.13 14:24:15 INFO  Scala CLI: Failed to download https://central.sonatype.com/repository/maven-snapshots/org/eclipse/jetty/jetty-bom/9.4.54.v20240208/jetty-bom-9.4.54.v20240208.pom
2026.07.13 14:24:15 INFO  Scala CLI: Downloading https://central.sonatype.com/repository/maven-snapshots/org/eclipse/jetty/jetty-bom/9.4.54.v20240208/jetty-bom-9.4.54.v20240208.pom.sha1
2026.07.13 14:24:15 INFO  Scala CLI: Failed to download https://central.sonatype.com/repository/maven-snapshots/io/fabric8/kubernetes-client-bom/5.12.4/kubernetes-client-bom-5.12.4.pom.sha1
2026.07.13 14:24:15 INFO  Scala CLI: Downloading https://repo.scala-lang.org/artifactory/maven-nightlies/io/fabric8/kubernetes-client-bom/5.12.4/kubernetes-client-bom-5.12.4.pom
2026.07.13 14:24:15 INFO  Scala CLI: Failed to download https://central.sonatype.com/repository/maven-snapshots/org/eclipse/jetty/jetty-bom/9.4.54.v20240208/jetty-bom-9.4.54.v20240208.pom.sha1
2026.07.13 14:24:15 INFO  Scala CLI: Downloading https://repo.scala-lang.org/artifactory/maven-nightlies/org/eclipse/jetty/jetty-bom/9.4.54.v20240208/jetty-bom-9.4.54.v20240208.pom
2026.07.13 14:24:16 INFO  Scala CLI: Failed to download https://central.sonatype.com/repository/maven-snapshots/com/fasterxml/jackson/jackson-bom/2.16.1/jackson-bom-2.16.1.pom
2026.07.13 14:24:16 INFO  Scala CLI: Downloading https://central.sonatype.com/repository/maven-snapshots/com/fasterxml/jackson/jackson-bom/2.16.1/jackson-bom-2.16.1.pom.sha1
2026.07.13 14:24:16 INFO  Scala CLI: Downloaded https://repo.scala-lang.org/artifactory/maven-nightlies/org/springframework/spring-framework-bom/5.3.32/spring-framework-bom-5.3.32.pom
2026.07.13 14:24:16 INFO  Scala CLI: Downloading https://repo.scala-lang.org/artifactory/maven-nightlies/org/springframework/spring-framework-bom/5.3.32/spring-framework-bom-5.3.32.pom.sha1
2026.07.13 14:24:16 INFO  Scala CLI: Downloaded https://repo.scala-lang.org/artifactory/maven-nightlies/io/netty/netty-bom/4.1.107.Final/netty-bom-4.1.107.Final.pom
2026.07.13 14:24:16 INFO  Scala CLI: Downloading https://repo.scala-lang.org/artifactory/maven-nightlies/io/netty/netty-bom/4.1.107.Final/netty-bom-4.1.107.Final.pom.sha1
2026.07.13 14:24:16 INFO  Scala CLI: Downloaded https://repo.scala-lang.org/artifactory/maven-nightlies/org/eclipse/jetty/jetty-bom/9.4.54.v20240208/jetty-bom-9.4.54.v20240208.pom
2026.07.13 14:24:16 INFO  Scala CLI: Downloading https://repo.scala-lang.org/artifactory/maven-nightlies/org/eclipse/jetty/jetty-bom/9.4.54.v20240208/jetty-bom-9.4.54.v20240208.pom.sha1
2026.07.13 14:24:16 INFO  Scala CLI: Downloaded https://repo.scala-lang.org/artifactory/maven-nightlies/org/springframework/spring-framework-bom/5.3.32/spring-framework-bom-5.3.32.pom.sha1
2026.07.13 14:24:16 INFO  Scala CLI: Downloaded https://repo.scala-lang.org/artifactory/maven-nightlies/io/netty/netty-bom/4.1.107.Final/netty-bom-4.1.107.Final.pom.sha1
2026.07.13 14:24:16 INFO  Scala CLI: Downloaded https://repo.scala-lang.org/artifactory/maven-nightlies/org/eclipse/jetty/jetty-bom/9.4.54.v20240208/jetty-bom-9.4.54.v20240208.pom.sha1
2026.07.13 14:24:16 INFO  Scala CLI: Downloaded https://repo.scala-lang.org/artifactory/maven-nightlies/io/fabric8/kubernetes-client-bom/5.12.4/kubernetes-client-bom-5.12.4.pom
2026.07.13 14:24:16 INFO  Scala CLI: Downloading https://repo.scala-lang.org/artifactory/maven-nightlies/io/fabric8/kubernetes-client-bom/5.12.4/kubernetes-client-bom-5.12.4.pom.sha1
2026.07.13 14:24:17 INFO  Scala CLI: Downloaded https://repo.scala-lang.org/artifactory/maven-nightlies/io/fabric8/kubernetes-client-bom/5.12.4/kubernetes-client-bom-5.12.4.pom.sha1
2026.07.13 14:24:17 INFO  Scala CLI: Failed to download https://central.sonatype.com/repository/maven-snapshots/com/fasterxml/jackson/jackson-bom/2.16.1/jackson-bom-2.16.1.pom.sha1
2026.07.13 14:24:17 INFO  Scala CLI: Downloading https://repo.scala-lang.org/artifactory/maven-nightlies/com/fasterxml/jackson/jackson-bom/2.16.1/jackson-bom-2.16.1.pom
2026.07.13 14:24:18 ERROR Timeout waiting for 'build/initialize' response
2026.07.13 14:24:18 WARN  Retrying connection to the build server Scala CLI
2026.07.13 14:24:18 INFO  Running List(/nfs/home/yanglucheng/.cache/coursier/arc/https/github.com/adoptium/temurin17-binaries/releases/download/jdk-17.0.19%252B10/OpenJDK17U-jdk_x64_linux_hotspot_17.0.19_10.tar.gz/jdk-17.0.19+10/bin/java, -cp, /nfs/home/yanglucheng/.cache/coursier/v1/https/repo1.maven.org/maven2/org/virtuslab/scala-cli/cli_3/1.12.4/cli_3-1.12.4.jar:/nfs/home/yanglucheng/.cache/coursier/v1/https/repo1.maven.org/maven2/com/github/alexarchambault/case-app_3/2.1.0/case-app_3-2.1.0.jar:/nfs/home/yanglucheng/.cache/coursier/v1/https/repo1.maven.org/maven2/io/get-coursier/coursier-launcher_2.13/2.1.25-M23/coursier-launcher_2.13-2.1.25-M23.jar:/nfs/home/yanglucheng/.cache/coursier/v1/https/repo1.maven.org/maven2/io/get-coursier/coursier-proxy-setup/2.1.25-M23/coursier-proxy-setup-2.1.25-M23.jar:/nfs/home/yanglucheng/.cache/coursier/v1/https/repo1.maven.org/maven2/io/get-coursier/publish/publish_3/0.4.4/publish_3-0.4.4.jar:/nfs/home/yanglucheng/.cache/coursier/v1/https/repo1.maven.org/maven2/com/google/jimfs/jimfs/1.3.1/jimfs-1.3.1.jar:/nfs/home/yanglucheng/.cache/coursier/v1/https/repo1.maven.org/maven2/io/get-coursier/jniutils/windows-jni-utils/0.3.3/windows-jni-utils-0.3.3.jar:/nfs/home/yanglucheng/.cache/coursier/v1/https/repo1.maven.org/maven2/com/github/plokhotnyuk/jsoniter-scala/jsoniter-scala-core_3/2.38.8/jsoniter-scala-core_3-2.38.8.jar:/nfs/home/yanglucheng/.cache/coursier/v1/https/repo1.maven.org/maven2/org/virtuslab/scala-cli/libsodiumjni/0.0.4/libsodiumjni-0.0.4.jar:/nfs/home/yanglucheng/.cache/coursier/v1/https/repo1.maven.org/maven2/org/scalameta/metaconfig-typesafe-config_3/0.18.2/metaconfig-typesafe-config_3-0.18.2.jar:/nfs/home/yanglucheng/.cache/coursier/v1/https/repo1.maven.org/maven2/ai/kien/python-native-libs_3/0.2.5/python-native-libs_3-0.2.5.jar:/nfs/home/yanglucheng/.cache/coursier/v1/https/repo1.maven.org/maven2/org/virtuslab/scala-packager_3/0.2.1/scala-packager_3-0.2.1.jar:/nfs/home/yanglucheng/.cache/coursier/v1/https/repo1.maven.org/maven2/org/virtuslab/scala-cli-signing/cli_3/0.2.13/cli_3-0.2.13.jar:/nfs/home/yanglucheng/.cache/coursier/v1/https/repo1.maven.org/maven2/org/slf4j/slf4j-nop/2.0.17/slf4j-nop-2.0.17.jar:/nfs/home/yanglucheng/.cache/coursier/v1/https/repo1.maven.org/maven2/com/softwaremill/sttp/client3/core_3/3.11.0/core_3-3.11.0.jar:/nfs/home/yanglucheng/.cache/coursier/v1/https/repo1.maven.org/maven2/ch/epfl/scala/scalafix-interfaces/0.14.5/scalafix-interfaces-0.14.5.jar:/nfs/home/yanglucheng/.cache/coursier/v1/https/repo1.maven.org/maven2/org/virtuslab/scala-cli/scala3-graal_3/1.9.1/scala3-graal_3-1.9.1.jar:/nfs/home/yanglucheng/.cache/coursier/v1/https/repo1.maven.org/maven2/org/virtuslab/scala-cli/scala3-graal-processor_3/1.9.1/scala3-graal-processor_3-1.9.1.jar:/nfs/home/yanglucheng/.cache/coursier/v1/https/repo1.maven.org/maven2/org/scala-lang/scala3-library_3/3.3.7/scala3-library_3-3.3.7.jar:/nfs/home/yanglucheng/.cache/coursier/v1/https/repo1.maven.org/maven2/org/virtuslab/scala-cli/build-module_3/1.12.4/build-module_3-1.12.4.jar:/nfs/home/yanglucheng/.cache/coursier/v1/https/repo1.maven.org/maven2/org/virtuslab/scala-cli/config_3/1.12.4/config_3-1.12.4.jar:/nfs/home/yanglucheng/.cache/coursier/v1/https/repo1.maven.org/maven2/org/virtuslab/scala-cli/specification-level_3/1.12.4/specification-level_3-1.12.4.jar:/nfs/home/yanglucheng/.cache/coursier/v1/https/repo1.maven.org/maven2/com/lihaoyi/sourcecode_3/0.4.3-M5/sourcecode_3-0.4.3-M5.jar:/nfs/home/yanglucheng/.cache/coursier/v1/https/repo1.maven.org/maven2/com/github/alexarchambault/case-app-annotations_3/2.1.0/case-app-annotations_3-2.1.0.jar:/nfs/home/yanglucheng/.cache/coursier/v1/https/repo1.maven.org/maven2/com/github/alexarchambault/case-app-util_3/2.1.0/case-app-util_3-2.1.0.jar:/nfs/home/yanglucheng/.cache/coursier/v1/https/repo1.maven.org/maven2/io/github/alexarchambault/scala-cli/tmp/zip-input-stream/0.1.1/zip-input-stream-0.1.1.jar:/nfs/home/yanglucheng/.cache/coursier/v1/https/repo1.maven.org/maven2/org/scala-lang/scala-library/2.13.18/scala-library-2.13.18.jar:/nfs/home/yanglucheng/.cache/coursier/v1/https/repo1.maven.org/maven2/io/get-coursier/coursier-cache_2.13/2.1.25-M23/coursier-cache_2.13-2.1.25-M23.jar:/nfs/home/yanglucheng/.cache/coursier/v1/https/repo1.maven.org/maven2/io/get-coursier/coursier-core_2.13/2.1.25-M23/coursier-core_2.13-2.1.25-M23.jar:/nfs/home/yanglucheng/.cache/coursier/v1/https/repo1.maven.org/maven2/com/google/guava/guava/33.5.0-jre/guava-33.5.0-jre.jar:/nfs/home/yanglucheng/.cache/coursier/v1/https/repo1.maven.org/maven2/net/java/dev/jna/jna/5.17.0/jna-5.17.0.jar:/nfs/home/yanglucheng/.cache/coursier/v1/https/repo1.maven.org/maven2/net/java/dev/jna/jna-platform/5.12.1/jna-platform-5.12.1.jar:/nfs/home/yanglucheng/.cache/coursier/v1/https/repo1.maven.org/maven2/org/scalameta/metaconfig-core_3/0.18.2/metaconfig-core_3-0.18.2.jar:/nfs/home/yanglucheng/.cache/coursier/v1/https/repo1.maven.org/maven2/com/typesafe/config/1.4.5/config-1.4.5.jar:/nfs/home/yanglucheng/.cache/coursier/v1/https/repo1.maven.org/maven2/org/scala-lang/modules/scala-collection-compat_3/2.14.0/scala-collection-compat_3-2.14.0.jar:/nfs/home/yanglucheng/.cache/coursier/v1/https/repo1.maven.org/maven2/commons-io/commons-io/2.20.0/commons-io-2.20.0.jar:/nfs/home/yanglucheng/.cache/coursier/v1/https/repo1.maven.org/maven2/com/google/cloud/tools/jib-core/0.27.3/jib-core-0.27.3.jar:/nfs/home/yanglucheng/.cache/coursier/v1/https/repo1.maven.org/maven2/com/lihaoyi/os-lib_3/0.11.8/os-lib_3-0.11.8.jar:/nfs/home/yanglucheng/.cache/coursier/v1/https/repo1.maven.org/maven2/org/bouncycastle/bcpg-jdk18on/1.83/bcpg-jdk18on-1.83.jar:/nfs/home/yanglucheng/.cache/coursier/v1/https/repo1.maven.org/maven2/org/bouncycastle/bcutil-jdk18on/1.83/bcutil-jdk18on-1.83.jar:/nfs/home/yanglucheng/.cache/coursier/v1/https/repo1.maven.org/maven2/org/virtuslab/scala-cli-signing/shared_3/0.2.13/shared_3-0.2.13.jar:/nfs/home/yanglucheng/.cache/coursier/v1/https/repo1.maven.org/maven2/org/slf4j/slf4j-api/2.0.17/slf4j-api-2.0.17.jar:/nfs/home/yanglucheng/.cache/coursier/v1/https/repo1.maven.org/maven2/com/softwaremill/sttp/model/core_3/1.7.11/core_3-1.7.11.jar:/nfs/home/yanglucheng/.cache/coursier/v1/https/repo1.maven.org/maven2/com/softwaremill/sttp/shared/core_3/1.3.22/core_3-1.3.22.jar:/nfs/home/yanglucheng/.cache/coursier/v1/https/repo1.maven.org/maven2/com/softwaremill/sttp/shared/ws_3/1.3.22/ws_3-1.3.22.jar:/nfs/home/yanglucheng/.cache/coursier/v1/https/repo1.maven.org/maven2/io/get-coursier/interface/1.0.28/interface-1.0.28.jar:/nfs/home/yanglucheng/.cache/coursier/v1/https/repo1.maven.org/maven2/org/ow2/asm/asm/9.9.1/asm-9.9.1.jar:/nfs/home/yanglucheng/.cache/coursier/v1/https/repo1.maven.org/maven2/org/virtuslab/scala-cli/java-class-name/java-class-name_3/0.1.9/java-class-name_3-0.1.9.jar:/nfs/home/yanglucheng/.cache/coursier/v1/https/repo1.maven.org/maven2/org/scalameta/semanticdb-shared_2.13/4.15.2/semanticdb-shared_2.13-4.15.2.jar:/nfs/home/yanglucheng/.cache/coursier/v1/https/repo1.maven.org/maven2/org/scala-native/test-runner_3/0.5.10/test-runner_3-0.5.10.jar:/nfs/home/yanglucheng/.cache/coursier/v1/https/repo1.maven.org/maven2/com/lihaoyi/pprint_3/0.9.5/pprint_3-0.9.5.jar:/nfs/home/yanglucheng/.cache/coursier/v1/https/repo1.maven.org/maven2/org/scala-js/scalajs-env-nodejs_3/1.5.0/scalajs-env-nodejs_3-1.5.0.jar:/nfs/home/yanglucheng/.cache/coursier/v1/https/repo1.maven.org/maven2/org/scala-js/scalajs-sbt-test-adapter_2.13/1.20.2/scalajs-sbt-test-adapter_2.13-1.20.2.jar:/nfs/home/yanglucheng/.cache/coursier/v1/https/repo1.maven.org/maven2/com/swoval/file-tree-views/2.1.12/file-tree-views-2.1.12.jar:/nfs/home/yanglucheng/.cache/coursier/v1/https/repo1.maven.org/maven2/org/virtuslab/scala-cli/zip-input-stream/zip-input-stream/0.1.3/zip-input-stream-0.1.3.jar:/nfs/home/yanglucheng/.cache/coursier/v1/https/repo1.maven.org/maven2/org/virtuslab/scala-cli/options_3/1.12.4/options_3-1.12.4.jar:/nfs/home/yanglucheng/.cache/coursier/v1/https/repo1.maven.org/maven2/org/virtuslab/scala-cli/directives_3/1.12.4/directives_3-1.12.4.jar:/nfs/home/yanglucheng/.cache/coursier/v1/https/repo1.maven.org/maven2/org/virtuslab/scala-cli/scala-cli-bsp/1.12.4/scala-cli-bsp-1.12.4.jar:/nfs/home/yanglucheng/.cache/coursier/v1/https/repo1.maven.org/maven2/org/virtuslab/scala-cli/test-runner_3/1.12.4/test-runner_3-1.12.4.jar:/nfs/home/yanglucheng/.cache/coursier/v1/https/repo1.maven.org/maven2/org/virtuslab/scala-cli/tasty-lib_3/1.12.4/tasty-lib_3-1.12.4.jar:/nfs/home/yanglucheng/.cache/coursier/v1/https/repo1.maven.org/maven2/io/github/alexarchambault/windows-ansi/windows-ansi/0.0.6/windows-ansi-0.0.6.jar:/nfs/home/yanglucheng/.cache/coursier/v1/https/repo1.maven.org/maven2/io/get-coursier/cache-util/2.1.25-M23/cache-util-2.1.25-M23.jar:/nfs/home/yanglucheng/.cache/coursier/v1/https/repo1.maven.org/maven2/io/get-coursier/coursier-paths/2.1.25-M23/coursier-paths-2.1.25-M23.jar:/nfs/home/yanglucheng/.cache/coursier/v1/https/repo1.maven.org/maven2/io/get-coursier/coursier-util_2.13/2.1.25-M23/coursier-util_2.13-2.1.25-M23.jar:/nfs/home/yanglucheng/.cache/coursier/v1/https/repo1.maven.org/maven2/io/get-coursier/versions_2.13/0.5.1/versions_2.13-0.5.1.jar:/nfs/home/yanglucheng/.cache/coursier/v1/https/repo1.maven.org/maven2/io/github/alexarchambault/concurrent-reference-hash-map/1.1.0/concurrent-reference-hash-map-1.1.0.jar:/nfs/home/yanglucheng/.cache/coursier/v1/https/repo1.maven.org/maven2/org/scala-lang/modules/scala-xml_2.13/2.4.0/scala-xml_2.13-2.4.0.jar:/nfs/home/yanglucheng/.cache/coursier/v1/https/repo1.maven.org/maven2/com/google/guava/failureaccess/1.0.3/failureaccess-1.0.3.jar:/nfs/home/yanglucheng/.cache/coursier/v1/https/repo1.maven.org/maven2/com/google/guava/listenablefuture/9999.0-empty-to-avoid-conflict-with-guava/listenablefuture-9999.0-empty-to-avoid-conflict-with-guava.jar:/nfs/home/yanglucheng/.cache/coursier/v1/https/repo1.maven.org/maven2/org/jspecify/jspecify/1.0.0/jspecify-1.0.0.jar:/nfs/home/yanglucheng/.cache/coursier/v1/https/repo1.maven.org/maven2/com/google/errorprone/error_prone_annotations/2.41.0/error_prone_annotations-2.41.0.jar:/nfs/home/yanglucheng/.cache/coursier/v1/https/repo1.maven.org/maven2/com/google/j2objc/j2objc-annotations/3.1/j2objc-annotations-3.1.jar:/nfs/home/yanglucheng/.cache/coursier/v1/https/repo1.maven.org/maven2/org/scalameta/metaconfig-pprint_3/0.18.2/metaconfig-pprint_3-0.18.2.jar:/nfs/home/yanglucheng/.cache/coursier/v1/https/repo1.maven.org/maven2/org/typelevel/paiges-core_3/0.4.4/paiges-core_3-0.4.4.jar:/nfs/home/yanglucheng/.cache/coursier/v1/https/repo1.maven.org/maven2/org/scala-lang/scala-reflect/2.13.18/scala-reflect-2.13.18.jar:/nfs/home/yanglucheng/.cache/coursier/v1/https/repo1.maven.org/maven2/com/google/cloud/tools/jib-build-plan/0.4.0/jib-build-plan-0.4.0.jar:/nfs/home/yanglucheng/.cache/coursier/v1/https/repo1.maven.org/maven2/com/google/http-client/google-http-client/1.42.2/google-http-client-1.42.2.jar:/nfs/home/yanglucheng/.cache/coursier/v1/https/repo1.maven.org/maven2/com/google/http-client/google-http-client-apache-v2/1.42.2/google-http-client-apache-v2-1.42.2.jar:/nfs/home/yanglucheng/.cache/coursier/v1/https/repo1.maven.org/maven2/com/google/auth/google-auth-library-oauth2-http/1.10.0/google-auth-library-oauth2-http-1.10.0.jar:/nfs/home/yanglucheng/.cache/coursier/v1/https/repo1.maven.org/maven2/org/apache/commons/commons-compress/1.28.0/commons-compress-1.28.0.jar:/nfs/home/yanglucheng/.cache/coursier/v1/https/repo1.maven.org/maven2/com/fasterxml/jackson/core/jackson-databind/2.15.2/jackson-databind-2.15.2.jar:/nfs/home/yanglucheng/.cache/coursier/v1/https/repo1.maven.org/maven2/com/fasterxml/jackson/datatype/jackson-datatype-jsr310/2.15.2/jackson-datatype-jsr310-2.15.2.jar:/nfs/home/yanglucheng/.cache/coursier/v1/https/repo1.maven.org/maven2/com/lihaoyi/geny_3/1.1.1/geny_3-1.1.1.jar:/nfs/home/yanglucheng/.cache/coursier/v1/https/repo1.maven.org/maven2/com/lihaoyi/os-zip/0.11.8/os-zip-0.11.8.jar:/nfs/home/yanglucheng/.cache/coursier/v1/https/repo1.maven.org/maven2/org/bouncycastle/bcprov-jdk18on/1.83/bcprov-jdk18on-1.83.jar:/nfs/home/yanglucheng/.cache/coursier/v1/https/repo1.maven.org/maven2/org/jline/jline-terminal-jni/3.25.0/jline-terminal-jni-3.25.0.jar:/nfs/home/yanglucheng/.cache/coursier/v1/https/repo1.maven.org/maven2/org/jline/jline-native/3.25.0/jline-native-3.25.0.jar:/nfs/home/yanglucheng/.cache/coursier/v1/https/repo1.maven.org/maven2/org/scala-lang/scala3-compiler_3/3.3.7/scala3-compiler_3-3.3.7.jar:/nfs/home/yanglucheng/.cache/coursier/v1/https/repo1.maven.org/maven2/org/scalameta/scalameta_2.13/4.15.2/scalameta_2.13-4.15.2.jar:/nfs/home/yanglucheng/.cache/coursier/v1/https/repo1.maven.org/maven2/org/scala-lang/scalap/2.13.15/scalap-2.13.15.jar:/nfs/home/yanglucheng/.cache/coursier/v1/https/repo1.maven.org/maven2/com/thesamet/scalapb/scalapb-runtime_2.13/0.11.17/scalapb-runtime_2.13-0.11.17.jar:/nfs/home/yanglucheng/.cache/coursier/v1/https/repo1.maven.org/maven2/org/scala-native/tools_3/0.5.10/tools_3-0.5.10.jar:/nfs/home/yanglucheng/.cache/coursier/v1/https/repo1.maven.org/maven2/org/scala-sbt/test-interface/1.0/test-interface-1.0.jar:/nfs/home/yanglucheng/.cache/coursier/v1/https/repo1.maven.org/maven2/com/lihaoyi/fansi_3/0.5.1/fansi_3-0.5.1.jar:/nfs/home/yanglucheng/.cache/coursier/v1/https/repo1.maven.org/maven2/org/scala-js/scalajs-js-envs_3/1.5.0/scalajs-js-envs_3-1.5.0.jar:/nfs/home/yanglucheng/.cache/coursier/v1/https/repo1.maven.org/maven2/ch/epfl/scala/bloop-config_2.13/2.3.3/bloop-config_2.13-2.3.3.jar:/nfs/home/yanglucheng/.cache/coursier/v1/https/repo1.maven.org/maven2/org/virtuslab/scala-cli/core_3/1.12.4/core_3-1.12.4.jar:/nfs/home/yanglucheng/.cache/coursier/v1/https/repo1.maven.org/maven2/org/virtuslab/using_directives/1.1.4/using_directives-1.1.4.jar:/nfs/home/yanglucheng/.cache/coursier/v1/https/repo1.maven.org/maven2/org/virtuslab/scala-cli/build-macros_3/1.12.4/build-macros_3-1.12.4.jar:/nfs/home/yanglucheng/.cache/coursier/v1/https/repo1.maven.org/maven2/ch/epfl/scala/bsp4j/2.1.1/bsp4j-2.1.1.jar:/nfs/home/yanglucheng/.cache/coursier/v1/https/repo1.maven.org/maven2/org/fusesource/jansi/jansi/2.4.1/jansi-2.4.1.jar:/nfs/home/yanglucheng/.cache/coursier/v1/https/repo1.maven.org/maven2/io/github/alexarchambault/is-terminal/0.1.2/is-terminal-0.1.2.jar:/nfs/home/yanglucheng/.cache/coursier/v1/https/repo1.maven.org/maven2/org/apache/httpcomponents/httpclient/4.5.13/httpclient-4.5.13.jar:/nfs/home/yanglucheng/.cache/coursier/v1/https/repo1.maven.org/maven2/org/apache/httpcomponents/httpcore/4.4.15/httpcore-4.4.15.jar:/nfs/home/yanglucheng/.cache/coursier/v1/https/repo1.maven.org/maven2/com/google/code/findbugs/jsr305/3.0.2/jsr305-3.0.2.jar:/nfs/home/yanglucheng/.cache/coursier/v1/https/repo1.maven.org/maven2/io/opencensus/opencensus-api/0.31.1/opencensus-api-0.31.1.jar:/nfs/home/yanglucheng/.cache/coursier/v1/https/repo1.maven.org/maven2/io/opencensus/opencensus-contrib-http-util/0.31.1/opencensus-contrib-http-util-0.31.1.jar:/nfs/home/yanglucheng/.cache/coursier/v1/https/repo1.maven.org/maven2/com/google/auto/value/auto-value-annotations/1.9/auto-value-annotations-1.9.jar:/nfs/home/yanglucheng/.cache/coursier/v1/https/repo1.maven.org/maven2/com/google/auth/google-auth-library-credentials/1.10.0/google-auth-library-credentials-1.10.0.jar:/nfs/home/yanglucheng/.cache/coursier/v1/https/repo1.maven.org/maven2/com/google/http-client/google-http-client-gson/1.42.2/google-http-client-gson-1.42.2.jar:/nfs/home/yanglucheng/.cache/coursier/v1/https/repo1.maven.org/maven2/commons-codec/commons-codec/1.20.0/commons-codec-1.20.0.jar:/nfs/home/yanglucheng/.cache/coursier/v1/https/repo1.maven.org/maven2/org/apache/commons/commons-lang3/3.18.0/commons-lang3-3.18.0.jar:/nfs/home/yanglucheng/.cache/coursier/v1/https/repo1.maven.org/maven2/com/fasterxml/jackson/core/jackson-annotations/2.15.2/jackson-annotations-2.15.2.jar:/nfs/home/yanglucheng/.cache/coursier/v1/https/repo1.maven.org/maven2/com/fasterxml/jackson/core/jackson-core/2.15.2/jackson-core-2.15.2.jar:/nfs/home/yanglucheng/.cache/coursier/v1/https/repo1.maven.org/maven2/org/scala-lang/scala3-interfaces/3.3.7/scala3-interfaces-3.3.7.jar:/nfs/home/yanglucheng/.cache/coursier/v1/https/repo1.maven.org/maven2/org/scala-lang/tasty-core_3/3.3.7/tasty-core_3-3.3.7.jar:/nfs/home/yanglucheng/.cache/coursier/v1/https/repo1.maven.org/maven2/org/scala-lang/modules/scala-asm/9.8.0-scala-1/scala-asm-9.8.0-scala-1.jar:/nfs/home/yanglucheng/.cache/coursier/v1/https/repo1.maven.org/maven2/org/scala-sbt/compiler-interface/1.10.7/compiler-interface-1.10.7.jar:/nfs/home/yanglucheng/.cache/coursier/v1/https/repo1.maven.org/maven2/org/scalameta/parsers_2.13/4.15.2/parsers_2.13-4.15.2.jar:/nfs/home/yanglucheng/.cache/coursier/v1/https/repo1.maven.org/maven2/org/scala-lang/scala-compiler/2.13.15/scala-compiler-2.13.15.jar:/nfs/home/yanglucheng/.cache/coursier/v1/https/repo1.maven.org/maven2/com/thesamet/scalapb/lenses_2.13/0.11.17/lenses_2.13-0.11.17.jar:/nfs/home/yanglucheng/.cache/coursier/v1/https/repo1.maven.org/maven2/com/google/protobuf/protobuf-java/3.19.6/protobuf-java-3.19.6.jar:/nfs/home/yanglucheng/.cache/coursier/v1/https/repo1.maven.org/maven2/org/scala-native/nir_3/0.5.10/nir_3-0.5.10.jar:/nfs/home/yanglucheng/.cache/coursier/v1/https/repo1.maven.org/maven2/org/scala-native/util_3/0.5.10/util_3-0.5.10.jar:/nfs/home/yanglucheng/.cache/coursier/v1/https/repo1.maven.org/maven2/org/scala-js/scalajs-logging_3/1.2.0/scalajs-logging_3-1.2.0.jar:/nfs/home/yanglucheng/.cache/coursier/v1/https/repo1.maven.org/maven2/com/lihaoyi/unroll-annotation_2.13/0.1.12/unroll-annotation_2.13-0.1.12.jar:/nfs/home/yanglucheng/.cache/coursier/v1/https/repo1.maven.org/maven2/ch/epfl/scala/bloop-rifle_2.13/2.0.19/bloop-rifle_2.13-2.0.19.jar:/nfs/home/yanglucheng/.cache/coursier/v1/https/repo1.maven.org/maven2/io/get-coursier/coursier-jvm_2.13/2.1.25-M23/coursier-jvm_2.13-2.1.25-M23.jar:/nfs/home/yanglucheng/.cache/coursier/v1/https/repo1.maven.org/maven2/io/get-coursier/dependency_3/0.3.2/dependency_3-0.3.2.jar:/nfs/home/yanglucheng/.cache/coursier/v1/https/repo1.maven.org/maven2/org/eclipse/jgit/org.eclipse.jgit/7.5.0.202512021534-r/org.eclipse.jgit-7.5.0.202512021534-r.jar:/nfs/home/yanglucheng/.cache/coursier/v1/https/repo1.maven.org/maven2/org/scala-js/scalajs-env-jsdom-nodejs_2.13/1.1.1/scalajs-env-jsdom-nodejs_2.13-1.1.1.jar:/nfs/home/yanglucheng/.cache/coursier/v1/https/repo1.maven.org/maven2/org/eclipse/lsp4j/org.eclipse.lsp4j.generator/0.20.1/org.eclipse.lsp4j.generator-0.20.1.jar:/nfs/home/yanglucheng/.cache/coursier/v1/https/repo1.maven.org/maven2/org/eclipse/lsp4j/org.eclipse.lsp4j.jsonrpc/0.20.1/org.eclipse.lsp4j.jsonrpc-0.20.1.jar:/nfs/home/yanglucheng/.cache/coursier/v1/https/repo1.maven.org/maven2/commons-logging/commons-logging/1.2/commons-logging-1.2.jar:/nfs/home/yanglucheng/.cache/coursier/v1/https/repo1.maven.org/maven2/io/grpc/grpc-context/1.27.2/grpc-context-1.27.2.jar:/nfs/home/yanglucheng/.cache/coursier/v1/https/repo1.maven.org/maven2/com/google/code/gson/gson/2.10.1/gson-2.10.1.jar:/nfs/home/yanglucheng/.cache/coursier/v1/https/repo1.maven.org/maven2/org/scala-sbt/util-interface/1.10.7/util-interface-1.10.7.jar:/nfs/home/yanglucheng/.cache/coursier/v1/https/repo1.maven.org/maven2/org/scalameta/trees_2.13/4.15.2/trees_2.13-4.15.2.jar:/nfs/home/yanglucheng/.cache/coursier/v1/https/repo1.maven.org/maven2/io/github/java-diff-utils/java-diff-utils/4.12/java-diff-utils-4.12.jar:/nfs/home/yanglucheng/.cache/coursier/v1/https/repo1.maven.org/maven2/ch/epfl/scala/libdaemon_2.13/0.0.12/libdaemon_2.13-0.0.12.jar:/nfs/home/yanglucheng/.cache/coursier/v1/https/repo1.maven.org/maven2/io/github/alexarchambault/scala-cli/snailgun/snailgun-core_2.13/0.4.1-sc2/snailgun-core_2.13-0.4.1-sc2.jar:/nfs/home/yanglucheng/.cache/coursier/v1/https/repo1.maven.org/maven2/io/get-coursier/coursier_2.13/2.1.25-M23/coursier_2.13-2.1.25-M23.jar:/nfs/home/yanglucheng/.cache/coursier/v1/https/repo1.maven.org/maven2/io/get-coursier/coursier-archive-cache_2.13/2.1.25-M23/coursier-archive-cache_2.13-2.1.25-M23.jar:/nfs/home/yanglucheng/.cache/coursier/v1/https/repo1.maven.org/maven2/io/get-coursier/coursier-env_2.13/2.1.25-M23/coursier-env_2.13-2.1.25-M23.jar:/nfs/home/yanglucheng/.cache/coursier/v1/https/repo1.maven.org/maven2/io/get-coursier/coursier-exec/2.1.25-M23/coursier-exec-2.1.25-M23.jar:/nfs/home/yanglucheng/.cache/coursier/v1/https/repo1.maven.org/maven2/com/googlecode/javaewah/JavaEWAH/1.2.3/JavaEWAH-1.2.3.jar:/nfs/home/yanglucheng/.cache/coursier/v1/https/repo1.maven.org/maven2/org/eclipse/xtend/org.eclipse.xtend.lib/2.28.0/org.eclipse.xtend.lib-2.28.0.jar:/nfs/home/yanglucheng/.cache/coursier/v1/https/repo1.maven.org/maven2/org/scalameta/common_2.13/4.15.2/common_2.13-4.15.2.jar:/nfs/home/yanglucheng/.cache/coursier/v1/https/repo1.maven.org/maven2/org/scalameta/io_2.13/4.15.2/io_2.13-4.15.2.jar:/nfs/home/yanglucheng/.cache/coursier/v1/https/repo1.maven.org/maven2/org/codehaus/plexus/plexus-archiver/4.10.1/plexus-archiver-4.10.1.jar:/nfs/home/yanglucheng/.cache/coursier/v1/https/repo1.maven.org/maven2/org/codehaus/plexus/plexus-container-default/2.1.1/plexus-container-default-2.1.1.jar:/nfs/home/yanglucheng/.cache/coursier/v1/https/repo1.maven.org/maven2/org/apache/tika/tika-core/3.2.3/tika-core-3.2.3.jar:/nfs/home/yanglucheng/.cache/coursier/v1/https/repo1.maven.org/maven2/com/github/luben/zstd-jni/1.5.7-4/zstd-jni-1.5.7-4.jar:/nfs/home/yanglucheng/.cache/coursier/v1/https/repo1.maven.org/maven2/org/eclipse/xtext/org.eclipse.xtext.xbase.lib/2.28.0/org.eclipse.xtext.xbase.lib-2.28.0.jar:/nfs/home/yanglucheng/.cache/coursier/v1/https/repo1.maven.org/maven2/org/eclipse/xtend/org.eclipse.xtend.lib.macro/2.28.0/org.eclipse.xtend.lib.macro-2.28.0.jar:/nfs/home/yanglucheng/.cache/coursier/v1/https/repo1.maven.org/maven2/javax/inject/javax.inject/1/javax.inject-1.jar:/nfs/home/yanglucheng/.cache/coursier/v1/https/repo1.maven.org/maven2/org/codehaus/plexus/plexus-utils/4.0.2/plexus-utils-4.0.2.jar:/nfs/home/yanglucheng/.cache/coursier/v1/https/repo1.maven.org/maven2/org/codehaus/plexus/plexus-io/3.5.1/plexus-io-3.5.1.jar:/nfs/home/yanglucheng/.cache/coursier/v1/https/repo1.maven.org/maven2/io/airlift/aircompressor/0.27/aircompressor-0.27.jar:/nfs/home/yanglucheng/.cache/coursier/v1/https/repo1.maven.org/maven2/org/tukaani/xz/1.10/xz-1.10.jar:/nfs/home/yanglucheng/.cache/coursier/v1/https/repo1.maven.org/maven2/org/codehaus/plexus/plexus-classworlds/2.6.0/plexus-classworlds-2.6.0.jar:/nfs/home/yanglucheng/.cache/coursier/v1/https/repo1.maven.org/maven2/org/apache/xbean/xbean-reflect/3.7/xbean-reflect-3.7.jar, scala.cli.ScalaCli, bsp, --workspace, /tmp/metals-scala-cli16284561289389547191, --semantic-db-source-root, /nfs/home/yanglucheng/workspace/CodeReading/AxiInfra/src/main/scala/xs/infra/axi, /nfs/home/yanglucheng/workspace/CodeReading/AxiInfra/src/main/scala/xs/infra/axi/AxiReorder.scala)
2026.07.13 14:24:18 INFO  tracing is disabled for protocol BSP, to enable tracing of incoming and outgoing JSON messages create an empty file at /nfs/home/yanglucheng/workspace/CodeReading/AxiInfra/src/main/scala/xs/infra/axi/.metals/bsp.trace.json or /nfs/home/yanglucheng/.cache/metals/bsp.trace.json
2026.07.13 14:24:20 INFO  Scala CLI: Downloading https://central.sonatype.com/repository/maven-snapshots/com/fasterxml/jackson/jackson-bom/2.16.1/jackson-bom-2.16.1.pom
2026.07.13 14:24:20 INFO  Scala CLI: Downloading https://central.sonatype.com/repository/maven-snapshots/org/codehaus/groovy/groovy-bom/3.0.20/groovy-bom-3.0.20.pom
2026.07.13 14:24:20 INFO  Scala CLI: Failed to download https://central.sonatype.com/repository/maven-snapshots/org/codehaus/groovy/groovy-bom/3.0.20/groovy-bom-3.0.20.pom
2026.07.13 14:24:20 INFO  Scala CLI: Downloading https://central.sonatype.com/repository/maven-snapshots/org/codehaus/groovy/groovy-bom/3.0.20/groovy-bom-3.0.20.pom.sha1
2026.07.13 14:24:22 INFO  Scala CLI: Failed to download https://central.sonatype.com/repository/maven-snapshots/org/codehaus/groovy/groovy-bom/3.0.20/groovy-bom-3.0.20.pom.sha1
2026.07.13 14:24:22 INFO  Scala CLI: Downloading https://repo.scala-lang.org/artifactory/maven-nightlies/org/codehaus/groovy/groovy-bom/3.0.20/groovy-bom-3.0.20.pom
2026.07.13 14:24:22 INFO  Scala CLI: Failed to download https://central.sonatype.com/repository/maven-snapshots/com/fasterxml/jackson/jackson-bom/2.16.1/jackson-bom-2.16.1.pom
2026.07.13 14:24:22 INFO  Scala CLI: Downloading https://central.sonatype.com/repository/maven-snapshots/com/fasterxml/jackson/jackson-bom/2.16.1/jackson-bom-2.16.1.pom.sha1
2026.07.13 14:24:23 INFO  Scala CLI: Downloaded https://repo.scala-lang.org/artifactory/maven-nightlies/org/codehaus/groovy/groovy-bom/3.0.20/groovy-bom-3.0.20.pom
2026.07.13 14:24:23 INFO  Scala CLI: Downloading https://repo.scala-lang.org/artifactory/maven-nightlies/org/codehaus/groovy/groovy-bom/3.0.20/groovy-bom-3.0.20.pom.sha1
2026.07.13 14:24:23 INFO  Scala CLI: Downloaded https://repo.scala-lang.org/artifactory/maven-nightlies/org/codehaus/groovy/groovy-bom/3.0.20/groovy-bom-3.0.20.pom.sha1
2026.07.13 14:24:23 INFO  Scala CLI: Failed to download https://central.sonatype.com/repository/maven-snapshots/com/fasterxml/jackson/jackson-bom/2.16.1/jackson-bom-2.16.1.pom.sha1
2026.07.13 14:24:23 INFO  Scala CLI: Downloading https://repo.scala-lang.org/artifactory/maven-nightlies/com/fasterxml/jackson/jackson-bom/2.16.1/jackson-bom-2.16.1.pom
2026.07.13 14:24:23 INFO  Scala CLI: Downloaded https://repo.scala-lang.org/artifactory/maven-nightlies/com/fasterxml/jackson/jackson-bom/2.16.1/jackson-bom-2.16.1.pom
2026.07.13 14:24:23 INFO  Scala CLI: Downloading https://central.sonatype.com/repository/maven-snapshots/com/fasterxml/jackson/jackson-parent/2.16/jackson-parent-2.16.pom
2026.07.13 14:24:25 INFO  Scala CLI: Failed to download https://central.sonatype.com/repository/maven-snapshots/com/fasterxml/jackson/jackson-parent/2.16/jackson-parent-2.16.pom
2026.07.13 14:24:25 INFO  Scala CLI: Downloading https://central.sonatype.com/repository/maven-snapshots/com/fasterxml/jackson/jackson-parent/2.16/jackson-parent-2.16.pom.sha1
2026.07.13 14:24:25 INFO  Scala CLI: Failed to download https://central.sonatype.com/repository/maven-snapshots/com/fasterxml/jackson/jackson-parent/2.16/jackson-parent-2.16.pom.sha1
2026.07.13 14:24:25 INFO  Scala CLI: Downloading https://repo.scala-lang.org/artifactory/maven-nightlies/com/fasterxml/jackson/jackson-parent/2.16/jackson-parent-2.16.pom
2026.07.13 14:24:25 INFO  Scala CLI: Downloaded https://repo.scala-lang.org/artifactory/maven-nightlies/com/fasterxml/jackson/jackson-parent/2.16/jackson-parent-2.16.pom
2026.07.13 14:24:25 INFO  Scala CLI: Downloading https://central.sonatype.com/repository/maven-snapshots/com/fasterxml/oss-parent/56/oss-parent-56.pom
2026.07.13 14:24:26 INFO  Scala CLI: Failed to download https://central.sonatype.com/repository/maven-snapshots/com/fasterxml/oss-parent/56/oss-parent-56.pom
2026.07.13 14:24:26 INFO  Scala CLI: Downloading https://central.sonatype.com/repository/maven-snapshots/com/fasterxml/oss-parent/56/oss-parent-56.pom.sha1
2026.07.13 14:24:26 INFO  Scala CLI: Failed to download https://central.sonatype.com/repository/maven-snapshots/com/fasterxml/oss-parent/56/oss-parent-56.pom.sha1
2026.07.13 14:24:26 INFO  Scala CLI: Downloading https://repo.scala-lang.org/artifactory/maven-nightlies/com/fasterxml/oss-parent/56/oss-parent-56.pom
2026.07.13 14:24:28 INFO  Scala CLI: Downloaded https://repo.scala-lang.org/artifactory/maven-nightlies/com/fasterxml/oss-parent/56/oss-parent-56.pom
2026.07.13 14:24:28 INFO  Scala CLI: Downloading https://central.sonatype.com/repository/maven-snapshots/io/zipkin/reporter2/zipkin-reporter-brave/2.17.2/zipkin-reporter-brave-2.17.2.pom
2026.07.13 14:24:28 INFO  Scala CLI: Downloading https://central.sonatype.com/repository/maven-snapshots/io/zipkin/reporter2/zipkin-reporter/2.17.2/zipkin-reporter-2.17.2.pom
2026.07.13 14:24:28 INFO  Scala CLI: Downloading https://central.sonatype.com/repository/maven-snapshots/org/scala-sbt/zinc-core_2.12/1.12.0/zinc-core_2.12-1.12.0.pom
2026.07.13 14:24:28 INFO  Scala CLI: Downloading https://central.sonatype.com/repository/maven-snapshots/net/java/dev/jna/jna-platform/4.4.0/jna-platform-4.4.0.pom
2026.07.13 14:24:28 INFO  Scala CLI: Downloading https://central.sonatype.com/repository/maven-snapshots/org/ow2/asm/asm-tree/9.9.1/asm-tree-9.9.1.pom
2026.07.13 14:24:28 INFO  Scala CLI: Downloading https://central.sonatype.com/repository/maven-snapshots/io/zipkin/zipkin2/zipkin/2.27.0/zipkin-2.27.0.pom
2026.07.13 14:24:28 INFO  Scala CLI: Failed to download https://central.sonatype.com/repository/maven-snapshots/io/zipkin/zipkin2/zipkin/2.27.0/zipkin-2.27.0.pom
2026.07.13 14:24:28 INFO  Scala CLI: Downloading https://central.sonatype.com/repository/maven-snapshots/org/scala-sbt/zinc-persist_2.12/1.12.0/zinc-persist_2.12-1.12.0.pom
2026.07.13 14:24:28 INFO  Scala CLI: Failed to download https://central.sonatype.com/repository/maven-snapshots/org/scala-sbt/zinc-core_2.12/1.12.0/zinc-core_2.12-1.12.0.pom
2026.07.13 14:24:28 INFO  Scala CLI: Downloading https://central.sonatype.com/repository/maven-snapshots/org/apache/logging/log4j/log4j-api/2.23.0/log4j-api-2.23.0.pom
2026.07.13 14:24:28 INFO  Scala CLI: Failed to download https://central.sonatype.com/repository/maven-snapshots/io/zipkin/reporter2/zipkin-reporter/2.17.2/zipkin-reporter-2.17.2.pom
2026.07.13 14:24:28 INFO  Scala CLI: Downloading https://central.sonatype.com/repository/maven-snapshots/org/scala-sbt/zinc-compile-core_2.12/1.12.0/zinc-compile-core_2.12-1.12.0.pom
2026.07.13 14:24:28 INFO  Scala CLI: Failed to download https://central.sonatype.com/repository/maven-snapshots/net/java/dev/jna/jna-platform/4.4.0/jna-platform-4.4.0.pom
2026.07.13 14:24:28 INFO  Scala CLI: Downloading https://central.sonatype.com/repository/maven-snapshots/com/eed3si9n/sjson-new-core_2.12/0.10.1/sjson-new-core_2.12-0.10.1.pom
2026.07.13 14:24:28 INFO  Scala CLI: Failed to download https://central.sonatype.com/repository/maven-snapshots/org/ow2/asm/asm-tree/9.9.1/asm-tree-9.9.1.pom
2026.07.13 14:24:28 INFO  Scala CLI: Downloading https://central.sonatype.com/repository/maven-snapshots/com/outr/scribe_2.12/3.5.5/scribe_2.12-3.5.5.pom
2026.07.13 14:24:28 INFO  Scala CLI: Failed to download https://central.sonatype.com/repository/maven-snapshots/io/zipkin/reporter2/zipkin-reporter-brave/2.17.2/zipkin-reporter-brave-2.17.2.pom
2026.07.13 14:24:28 INFO  Scala CLI: Downloading https://central.sonatype.com/repository/maven-snapshots/com/chuusai/shapeless_2.12/2.3.3/shapeless_2.12-2.3.3.pom
2026.07.13 14:24:29 INFO  Scala CLI: Failed to download https://central.sonatype.com/repository/maven-snapshots/org/scala-sbt/zinc-persist_2.12/1.12.0/zinc-persist_2.12-1.12.0.pom
2026.07.13 14:24:29 INFO  Scala CLI: Downloading https://central.sonatype.com/repository/maven-snapshots/org/ow2/asm/asm-analysis/9.9.1/asm-analysis-9.9.1.pom
2026.07.13 14:24:29 INFO  Scala CLI: Failed to download https://central.sonatype.com/repository/maven-snapshots/org/scala-sbt/zinc-compile-core_2.12/1.12.0/zinc-compile-core_2.12-1.12.0.pom
2026.07.13 14:24:29 INFO  Scala CLI: Downloading https://central.sonatype.com/repository/maven-snapshots/io/monix/implicitbox_2.12/0.2.0/implicitbox_2.12-0.2.0.pom
2026.07.13 14:24:29 INFO  Scala CLI: Failed to download https://central.sonatype.com/repository/maven-snapshots/com/chuusai/shapeless_2.12/2.3.3/shapeless_2.12-2.3.3.pom
2026.07.13 14:24:29 INFO  Scala CLI: Downloading https://central.sonatype.com/repository/maven-snapshots/org/jctools/jctools-core/2.1.2/jctools-core-2.1.2.pom
2026.07.13 14:24:29 INFO  Scala CLI: Failed to download https://central.sonatype.com/repository/maven-snapshots/org/apache/logging/log4j/log4j-api/2.23.0/log4j-api-2.23.0.pom
2026.07.13 14:24:29 INFO  Scala CLI: Downloading https://central.sonatype.com/repository/maven-snapshots/org/scala-sbt/ivy/ivy/2.3.0-sbt-77cc781d727b367d3761f097d89f5a4762771d41/ivy-2.3.0-sbt-77cc781d727b367d3761f097d89f5a4762771d41.pom
2026.07.13 14:24:29 INFO  Scala CLI: Failed to download https://central.sonatype.com/repository/maven-snapshots/org/jctools/jctools-core/2.1.2/jctools-core-2.1.2.pom
2026.07.13 14:24:29 INFO  Scala CLI: Downloading https://central.sonatype.com/repository/maven-snapshots/io/zipkin/zipkin2/zipkin/2.27.0/zipkin-2.27.0.pom.sha1
2026.07.13 14:24:29 INFO  Scala CLI: Failed to download https://central.sonatype.com/repository/maven-snapshots/org/ow2/asm/asm-analysis/9.9.1/asm-analysis-9.9.1.pom
2026.07.13 14:24:29 INFO  Scala CLI: Downloading https://central.sonatype.com/repository/maven-snapshots/org/scala-sbt/zinc-core_2.12/1.12.0/zinc-core_2.12-1.12.0.pom.sha1
2026.07.13 14:24:30 INFO  Scala CLI: Failed to download https://central.sonatype.com/repository/maven-snapshots/com/outr/scribe_2.12/3.5.5/scribe_2.12-3.5.5.pom
2026.07.13 14:24:30 INFO  Scala CLI: Downloading https://central.sonatype.com/repository/maven-snapshots/org/scala-sbt/zinc-classfile_2.12/1.12.0/zinc-classfile_2.12-1.12.0.pom
2026.07.13 14:24:30 INFO  Scala CLI: Failed to download https://central.sonatype.com/repository/maven-snapshots/io/zipkin/zipkin2/zipkin/2.27.0/zipkin-2.27.0.pom.sha1
2026.07.13 14:24:30 INFO  Scala CLI: Downloading https://central.sonatype.com/repository/maven-snapshots/io/zipkin/reporter2/zipkin-reporter/2.17.2/zipkin-reporter-2.17.2.pom.sha1
2026.07.13 14:24:30 INFO  Scala CLI: Failed to download https://central.sonatype.com/repository/maven-snapshots/org/scala-sbt/ivy/ivy/2.3.0-sbt-77cc781d727b367d3761f097d89f5a4762771d41/ivy-2.3.0-sbt-77cc781d727b367d3761f097d89f5a4762771d41.pom
2026.07.13 14:24:30 INFO  Scala CLI: Downloading https://central.sonatype.com/repository/maven-snapshots/net/java/dev/jna/jna-platform/4.4.0/jna-platform-4.4.0.pom.sha1
2026.07.13 14:24:30 INFO  Scala CLI: Failed to download https://central.sonatype.com/repository/maven-snapshots/com/eed3si9n/sjson-new-core_2.12/0.10.1/sjson-new-core_2.12-0.10.1.pom
2026.07.13 14:24:30 INFO  Scala CLI: Downloading https://central.sonatype.com/repository/maven-snapshots/org/typelevel/cats-effect_2.12/2.1.3/cats-effect_2.12-2.1.3.pom
2026.07.13 14:24:30 INFO  Scala CLI: Failed to download https://central.sonatype.com/repository/maven-snapshots/org/scala-sbt/zinc-core_2.12/1.12.0/zinc-core_2.12-1.12.0.pom.sha1
2026.07.13 14:24:30 INFO  Scala CLI: Downloading https://central.sonatype.com/repository/maven-snapshots/org/scala-sbt/librarymanagement-core_2.12/1.12.0/librarymanagement-core_2.12-1.12.0.pom
2026.07.13 14:24:30 INFO  Scala CLI: Failed to download https://central.sonatype.com/repository/maven-snapshots/net/java/dev/jna/jna-platform/4.4.0/jna-platform-4.4.0.pom.sha1
2026.07.13 14:24:30 INFO  Scala CLI: Downloading https://central.sonatype.com/repository/maven-snapshots/org/ow2/asm/asm-tree/9.9.1/asm-tree-9.9.1.pom.sha1
2026.07.13 14:24:30 INFO  Scala CLI: Failed to download https://central.sonatype.com/repository/maven-snapshots/io/monix/implicitbox_2.12/0.2.0/implicitbox_2.12-0.2.0.pom
2026.07.13 14:24:30 INFO  Scala CLI: Downloading https://central.sonatype.com/repository/maven-snapshots/io/zipkin/reporter2/zipkin-reporter-brave/2.17.2/zipkin-reporter-brave-2.17.2.pom.sha1
2026.07.13 14:24:31 INFO  Scala CLI: Failed to download https://central.sonatype.com/repository/maven-snapshots/io/zipkin/reporter2/zipkin-reporter-brave/2.17.2/zipkin-reporter-brave-2.17.2.pom.sha1
2026.07.13 14:24:31 INFO  Scala CLI: Downloading https://central.sonatype.com/repository/maven-snapshots/org/scala-sbt/zinc-persist_2.12/1.12.0/zinc-persist_2.12-1.12.0.pom.sha1
2026.07.13 14:24:31 INFO  Scala CLI: Failed to download https://central.sonatype.com/repository/maven-snapshots/org/scala-sbt/zinc-classfile_2.12/1.12.0/zinc-classfile_2.12-1.12.0.pom
2026.07.13 14:24:31 INFO  Scala CLI: Downloading https://central.sonatype.com/repository/maven-snapshots/com/lihaoyi/fansi_2.12/0.5.1/fansi_2.12-0.5.1.pom
2026.07.13 14:24:31 INFO  Scala CLI: Failed to download https://central.sonatype.com/repository/maven-snapshots/org/scala-sbt/zinc-persist_2.12/1.12.0/zinc-persist_2.12-1.12.0.pom.sha1
2026.07.13 14:24:31 INFO  Scala CLI: Downloading https://central.sonatype.com/repository/maven-snapshots/org/scalameta/trees_2.12/4.13.8/trees_2.12-4.13.8.pom
2026.07.13 14:24:31 INFO  Scala CLI: Failed to download https://central.sonatype.com/repository/maven-snapshots/io/zipkin/reporter2/zipkin-reporter/2.17.2/zipkin-reporter-2.17.2.pom.sha1
2026.07.13 14:24:31 INFO  Scala CLI: Downloading https://central.sonatype.com/repository/maven-snapshots/org/scala-sbt/zinc-compile-core_2.12/1.12.0/zinc-compile-core_2.12-1.12.0.pom.sha1
2026.07.13 14:24:31 INFO  Scala CLI: Failed to download https://central.sonatype.com/repository/maven-snapshots/org/typelevel/cats-effect_2.12/2.1.3/cats-effect_2.12-2.1.3.pom
2026.07.13 14:24:31 INFO  Scala CLI: Downloading https://central.sonatype.com/repository/maven-snapshots/com/chuusai/shapeless_2.12/2.3.3/shapeless_2.12-2.3.3.pom.sha1
2026.07.13 14:24:31 INFO  Scala CLI: Failed to download https://central.sonatype.com/repository/maven-snapshots/org/scala-sbt/librarymanagement-core_2.12/1.12.0/librarymanagement-core_2.12-1.12.0.pom
2026.07.13 14:24:31 INFO  Scala CLI: Downloading https://central.sonatype.com/repository/maven-snapshots/org/apache/logging/log4j/log4j-api/2.23.0/log4j-api-2.23.0.pom.sha1
2026.07.13 14:24:31 INFO  Scala CLI: Failed to download https://central.sonatype.com/repository/maven-snapshots/com/lihaoyi/fansi_2.12/0.5.1/fansi_2.12-0.5.1.pom
2026.07.13 14:24:31 INFO  Scala CLI: Downloading https://central.sonatype.com/repository/maven-snapshots/org/jctools/jctools-core/2.1.2/jctools-core-2.1.2.pom.sha1
2026.07.13 14:24:32 INFO  Scala CLI: Failed to download https://central.sonatype.com/repository/maven-snapshots/org/scalameta/trees_2.12/4.13.8/trees_2.12-4.13.8.pom
2026.07.13 14:24:32 INFO  Scala CLI: Downloading https://central.sonatype.com/repository/maven-snapshots/io/get-coursier/util/directories/0.1.2/directories-0.1.2.pom
2026.07.13 14:24:32 INFO  Scala CLI: Failed to download https://central.sonatype.com/repository/maven-snapshots/org/ow2/asm/asm-tree/9.9.1/asm-tree-9.9.1.pom.sha1
2026.07.13 14:24:32 INFO  Scala CLI: Downloading https://central.sonatype.com/repository/maven-snapshots/org/ow2/asm/asm-analysis/9.9.1/asm-analysis-9.9.1.pom.sha1
2026.07.13 14:24:32 INFO  Scala CLI: Failed to download https://central.sonatype.com/repository/maven-snapshots/org/scala-sbt/zinc-compile-core_2.12/1.12.0/zinc-compile-core_2.12-1.12.0.pom.sha1
2026.07.13 14:24:32 INFO  Scala CLI: Downloading https://central.sonatype.com/repository/maven-snapshots/com/outr/scribe_2.12/3.5.5/scribe_2.12-3.5.5.pom.sha1
2026.07.13 14:24:32 INFO  Scala CLI: Failed to download https://central.sonatype.com/repository/maven-snapshots/com/chuusai/shapeless_2.12/2.3.3/shapeless_2.12-2.3.3.pom.sha1
2026.07.13 14:24:32 INFO  Scala CLI: Downloading https://central.sonatype.com/repository/maven-snapshots/org/scala-sbt/ivy/ivy/2.3.0-sbt-77cc781d727b367d3761f097d89f5a4762771d41/ivy-2.3.0-sbt-77cc781d727b367d3761f097d89f5a4762771d41.pom.sha1
2026.07.13 14:24:32 INFO  Scala CLI: Failed to download https://central.sonatype.com/repository/maven-snapshots/org/jctools/jctools-core/2.1.2/jctools-core-2.1.2.pom.sha1
2026.07.13 14:24:32 INFO  Scala CLI: Downloading https://central.sonatype.com/repository/maven-snapshots/com/eed3si9n/sjson-new-core_2.12/0.10.1/sjson-new-core_2.12-0.10.1.pom.sha1
2026.07.13 14:24:32 INFO  Scala CLI: Failed to download https://central.sonatype.com/repository/maven-snapshots/io/get-coursier/util/directories/0.1.2/directories-0.1.2.pom
2026.07.13 14:24:32 INFO  Scala CLI: Downloading https://central.sonatype.com/repository/maven-snapshots/io/monix/implicitbox_2.12/0.2.0/implicitbox_2.12-0.2.0.pom.sha1
2026.07.13 14:24:32 INFO  Scala CLI: Failed to download https://central.sonatype.com/repository/maven-snapshots/org/ow2/asm/asm-analysis/9.9.1/asm-analysis-9.9.1.pom.sha1
2026.07.13 14:24:32 INFO  Scala CLI: Downloading https://central.sonatype.com/repository/maven-snapshots/org/scala-sbt/zinc-classfile_2.12/1.12.0/zinc-classfile_2.12-1.12.0.pom.sha1
2026.07.13 14:24:32 INFO  Scala CLI: Failed to download https://central.sonatype.com/repository/maven-snapshots/com/outr/scribe_2.12/3.5.5/scribe_2.12-3.5.5.pom.sha1
2026.07.13 14:24:32 INFO  Scala CLI: Downloading https://central.sonatype.com/repository/maven-snapshots/org/typelevel/cats-effect_2.12/2.1.3/cats-effect_2.12-2.1.3.pom.sha1
2026.07.13 14:24:33 INFO  BSP server: [17-compile] Entered buildTargetCompile
2026.07.13 14:24:33 INFO  BSP server: [17-compile] buildTargetCompile took 2 msec
2026.07.13 14:24:32 INFO  Scala CLI: Failed to download https://central.sonatype.com/repository/maven-snapshots/org/scala-sbt/ivy/ivy/2.3.0-sbt-77cc781d727b367d3761f097d89f5a4762771d41/ivy-2.3.0-sbt-77cc781d727b367d3761f097d89f5a4762771d41.pom.sha1
2026.07.13 14:24:32 INFO  Scala CLI: Downloading https://central.sonatype.com/repository/maven-snapshots/org/scala-sbt/librarymanagement-core_2.12/1.12.0/librarymanagement-core_2.12-1.12.0.pom.sha1
2026.07.13 14:24:32 INFO  Scala CLI: Failed to download https://central.sonatype.com/repository/maven-snapshots/com/eed3si9n/sjson-new-core_2.12/0.10.1/sjson-new-core_2.12-0.10.1.pom.sha1
2026.07.13 14:24:32 INFO  Scala CLI: Downloading https://central.sonatype.com/repository/maven-snapshots/com/lihaoyi/fansi_2.12/0.5.1/fansi_2.12-0.5.1.pom.sha1
2026.07.13 14:24:34 INFO  Scala CLI: Failed to download https://central.sonatype.com/repository/maven-snapshots/com/lihaoyi/fansi_2.12/0.5.1/fansi_2.12-0.5.1.pom.sha1
2026.07.13 14:24:34 INFO  Scala CLI: Downloading https://central.sonatype.com/repository/maven-snapshots/org/scalameta/trees_2.12/4.13.8/trees_2.12-4.13.8.pom.sha1
2026.07.13 14:24:34 INFO  Scala CLI: Failed to download https://central.sonatype.com/repository/maven-snapshots/org/apache/logging/log4j/log4j-api/2.23.0/log4j-api-2.23.0.pom.sha1
2026.07.13 14:24:34 INFO  Scala CLI: Downloading https://central.sonatype.com/repository/maven-snapshots/io/get-coursier/util/directories/0.1.2/directories-0.1.2.pom.sha1
2026.07.13 14:24:34 INFO  Scala CLI: Failed to download https://central.sonatype.com/repository/maven-snapshots/org/scala-sbt/librarymanagement-core_2.12/1.12.0/librarymanagement-core_2.12-1.12.0.pom.sha1
2026.07.13 14:24:34 INFO  Scala CLI: Downloading https://repo.scala-lang.org/artifactory/maven-nightlies/io/zipkin/zipkin2/zipkin/2.27.0/zipkin-2.27.0.pom
2026.07.13 14:24:34 INFO  Scala CLI: Failed to download https://central.sonatype.com/repository/maven-snapshots/org/typelevel/cats-effect_2.12/2.1.3/cats-effect_2.12-2.1.3.pom.sha1
2026.07.13 14:24:34 INFO  Scala CLI: Downloading https://repo.scala-lang.org/artifactory/maven-nightlies/org/scala-sbt/zinc-core_2.12/1.12.0/zinc-core_2.12-1.12.0.pom
2026.07.13 14:24:34 INFO  Scala CLI: Failed to download https://central.sonatype.com/repository/maven-snapshots/org/scalameta/trees_2.12/4.13.8/trees_2.12-4.13.8.pom.sha1
2026.07.13 14:24:34 INFO  Scala CLI: Downloading https://repo.scala-lang.org/artifactory/maven-nightlies/net/java/dev/jna/jna-platform/4.4.0/jna-platform-4.4.0.pom
2026.07.13 14:24:34 INFO  Scala CLI: Failed to download https://central.sonatype.com/repository/maven-snapshots/io/monix/implicitbox_2.12/0.2.0/implicitbox_2.12-0.2.0.pom.sha1
2026.07.13 14:24:34 INFO  Scala CLI: Downloading https://repo.scala-lang.org/artifactory/maven-nightlies/io/zipkin/reporter2/zipkin-reporter-brave/2.17.2/zipkin-reporter-brave-2.17.2.pom
2026.07.13 14:24:34 INFO  Scala CLI: Failed to download https://central.sonatype.com/repository/maven-snapshots/org/scala-sbt/zinc-classfile_2.12/1.12.0/zinc-classfile_2.12-1.12.0.pom.sha1
2026.07.13 14:24:34 INFO  Scala CLI: Downloading https://repo.scala-lang.org/artifactory/maven-nightlies/org/scala-sbt/zinc-persist_2.12/1.12.0/zinc-persist_2.12-1.12.0.pom
2026.07.13 14:24:34 INFO  Scala CLI: Failed to download https://central.sonatype.com/repository/maven-snapshots/io/get-coursier/util/directories/0.1.2/directories-0.1.2.pom.sha1
2026.07.13 14:24:34 INFO  Scala CLI: Downloading https://repo.scala-lang.org/artifactory/maven-nightlies/io/zipkin/reporter2/zipkin-reporter/2.17.2/zipkin-reporter-2.17.2.pom
2026.07.13 14:24:34 INFO  Scala CLI: Downloaded https://repo.scala-lang.org/artifactory/maven-nightlies/io/zipkin/zipkin2/zipkin/2.27.0/zipkin-2.27.0.pom
2026.07.13 14:24:35 INFO  Scala CLI: Downloading https://repo.scala-lang.org/artifactory/maven-nightlies/org/ow2/asm/asm-tree/9.9.1/asm-tree-9.9.1.pom
2026.07.13 14:24:35 INFO  Scala CLI: Downloaded https://repo.scala-lang.org/artifactory/maven-nightlies/org/scala-sbt/zinc-core_2.12/1.12.0/zinc-core_2.12-1.12.0.pom
2026.07.13 14:24:35 INFO  Scala CLI: Downloading https://repo.scala-lang.org/artifactory/maven-nightlies/org/scala-sbt/zinc-compile-core_2.12/1.12.0/zinc-compile-core_2.12-1.12.0.pom
2026.07.13 14:24:35 INFO  Scala CLI: Downloaded https://repo.scala-lang.org/artifactory/maven-nightlies/org/scala-sbt/zinc-compile-core_2.12/1.12.0/zinc-compile-core_2.12-1.12.0.pom
2026.07.13 14:24:35 INFO  Scala CLI: Downloading https://repo.scala-lang.org/artifactory/maven-nightlies/com/chuusai/shapeless_2.12/2.3.3/shapeless_2.12-2.3.3.pom
2026.07.13 14:24:35 INFO  Scala CLI: Downloaded https://repo.scala-lang.org/artifactory/maven-nightlies/io/zipkin/reporter2/zipkin-reporter-brave/2.17.2/zipkin-reporter-brave-2.17.2.pom
2026.07.13 14:24:35 INFO  Scala CLI: Downloading https://repo.scala-lang.org/artifactory/maven-nightlies/org/jctools/jctools-core/2.1.2/jctools-core-2.1.2.pom
2026.07.13 14:24:35 INFO  Scala CLI: Downloaded https://repo.scala-lang.org/artifactory/maven-nightlies/org/scala-sbt/zinc-persist_2.12/1.12.0/zinc-persist_2.12-1.12.0.pom
2026.07.13 14:24:35 INFO  Scala CLI: Downloading https://repo.scala-lang.org/artifactory/maven-nightlies/org/ow2/asm/asm-analysis/9.9.1/asm-analysis-9.9.1.pom
2026.07.13 14:24:35 INFO  Scala CLI: Downloaded https://repo.scala-lang.org/artifactory/maven-nightlies/com/chuusai/shapeless_2.12/2.3.3/shapeless_2.12-2.3.3.pom
2026.07.13 14:24:35 INFO  Scala CLI: Downloading https://repo.scala-lang.org/artifactory/maven-nightlies/com/outr/scribe_2.12/3.5.5/scribe_2.12-3.5.5.pom
2026.07.13 14:24:35 INFO  Scala CLI: Downloaded https://repo.scala-lang.org/artifactory/maven-nightlies/org/jctools/jctools-core/2.1.2/jctools-core-2.1.2.pom
2026.07.13 14:24:35 INFO  Scala CLI: Downloading https://repo.scala-lang.org/artifactory/maven-nightlies/org/scala-sbt/ivy/ivy/2.3.0-sbt-77cc781d727b367d3761f097d89f5a4762771d41/ivy-2.3.0-sbt-77cc781d727b367d3761f097d89f5a4762771d41.pom
2026.07.13 14:24:35 INFO  Scala CLI: Downloaded https://repo.scala-lang.org/artifactory/maven-nightlies/io/zipkin/reporter2/zipkin-reporter/2.17.2/zipkin-reporter-2.17.2.pom
2026.07.13 14:24:35 INFO  Scala CLI: Downloading https://repo.scala-lang.org/artifactory/maven-nightlies/com/eed3si9n/sjson-new-core_2.12/0.10.1/sjson-new-core_2.12-0.10.1.pom
2026.07.13 14:24:35 INFO  Scala CLI: Downloaded https://repo.scala-lang.org/artifactory/maven-nightlies/org/ow2/asm/asm-analysis/9.9.1/asm-analysis-9.9.1.pom
2026.07.13 14:24:35 INFO  Scala CLI: Downloading https://repo.scala-lang.org/artifactory/maven-nightlies/com/lihaoyi/fansi_2.12/0.5.1/fansi_2.12-0.5.1.pom
2026.07.13 14:24:36 INFO  Scala CLI: Downloaded https://repo.scala-lang.org/artifactory/maven-nightlies/org/scala-sbt/ivy/ivy/2.3.0-sbt-77cc781d727b367d3761f097d89f5a4762771d41/ivy-2.3.0-sbt-77cc781d727b367d3761f097d89f5a4762771d41.pom
2026.07.13 14:24:36 INFO  Scala CLI: Downloading https://repo.scala-lang.org/artifactory/maven-nightlies/org/apache/logging/log4j/log4j-api/2.23.0/log4j-api-2.23.0.pom
2026.07.13 14:24:36 INFO  Scala CLI: Downloaded https://repo.scala-lang.org/artifactory/maven-nightlies/com/eed3si9n/sjson-new-core_2.12/0.10.1/sjson-new-core_2.12-0.10.1.pom
2026.07.13 14:24:36 INFO  Scala CLI: Downloading https://repo.scala-lang.org/artifactory/maven-nightlies/io/zipkin/zipkin2/zipkin/2.27.0/zipkin-2.27.0.pom.sha1
2026.07.13 14:24:36 INFO  Scala CLI: Downloaded https://repo.scala-lang.org/artifactory/maven-nightlies/net/java/dev/jna/jna-platform/4.4.0/jna-platform-4.4.0.pom
2026.07.13 14:24:36 INFO  Scala CLI: Downloading https://repo.scala-lang.org/artifactory/maven-nightlies/org/scala-sbt/librarymanagement-core_2.12/1.12.0/librarymanagement-core_2.12-1.12.0.pom
2026.07.13 14:24:36 INFO  Scala CLI: Downloaded https://repo.scala-lang.org/artifactory/maven-nightlies/org/ow2/asm/asm-tree/9.9.1/asm-tree-9.9.1.pom
2026.07.13 14:24:36 INFO  Scala CLI: Downloading https://repo.scala-lang.org/artifactory/maven-nightlies/org/scala-sbt/zinc-core_2.12/1.12.0/zinc-core_2.12-1.12.0.pom.sha1
2026.07.13 14:24:36 INFO  Scala CLI: Downloaded https://repo.scala-lang.org/artifactory/maven-nightlies/com/outr/scribe_2.12/3.5.5/scribe_2.12-3.5.5.pom
2026.07.13 14:24:36 INFO  Scala CLI: Downloading https://repo.scala-lang.org/artifactory/maven-nightlies/org/scala-sbt/zinc-compile-core_2.12/1.12.0/zinc-compile-core_2.12-1.12.0.pom.sha1
2026.07.13 14:24:36 INFO  Scala CLI: Downloaded https://repo.scala-lang.org/artifactory/maven-nightlies/org/apache/logging/log4j/log4j-api/2.23.0/log4j-api-2.23.0.pom
2026.07.13 14:24:36 INFO  Scala CLI: Downloading https://repo.scala-lang.org/artifactory/maven-nightlies/io/zipkin/reporter2/zipkin-reporter-brave/2.17.2/zipkin-reporter-brave-2.17.2.pom.sha1
2026.07.13 14:24:36 INFO  Scala CLI: Downloaded https://repo.scala-lang.org/artifactory/maven-nightlies/io/zipkin/zipkin2/zipkin/2.27.0/zipkin-2.27.0.pom.sha1
2026.07.13 14:24:36 INFO  Scala CLI: Downloading https://repo.scala-lang.org/artifactory/maven-nightlies/org/scala-sbt/zinc-persist_2.12/1.12.0/zinc-persist_2.12-1.12.0.pom.sha1
2026.07.13 14:24:36 INFO  Scala CLI: Downloaded https://repo.scala-lang.org/artifactory/maven-nightlies/org/scala-sbt/zinc-core_2.12/1.12.0/zinc-core_2.12-1.12.0.pom.sha1
2026.07.13 14:24:36 INFO  Scala CLI: Downloading https://repo.scala-lang.org/artifactory/maven-nightlies/com/chuusai/shapeless_2.12/2.3.3/shapeless_2.12-2.3.3.pom.sha1
2026.07.13 14:24:36 INFO  Scala CLI: Downloaded https://repo.scala-lang.org/artifactory/maven-nightlies/org/scala-sbt/librarymanagement-core_2.12/1.12.0/librarymanagement-core_2.12-1.12.0.pom
2026.07.13 14:24:36 INFO  Scala CLI: Downloading https://repo.scala-lang.org/artifactory/maven-nightlies/org/jctools/jctools-core/2.1.2/jctools-core-2.1.2.pom.sha1
2026.07.13 14:24:36 INFO  Scala CLI: Downloaded https://repo.scala-lang.org/artifactory/maven-nightlies/org/scala-sbt/zinc-compile-core_2.12/1.12.0/zinc-compile-core_2.12-1.12.0.pom.sha1
2026.07.13 14:24:36 INFO  Scala CLI: Downloading https://repo.scala-lang.org/artifactory/maven-nightlies/io/zipkin/reporter2/zipkin-reporter/2.17.2/zipkin-reporter-2.17.2.pom.sha1
2026.07.13 14:24:36 INFO  Scala CLI: Downloaded https://repo.scala-lang.org/artifactory/maven-nightlies/io/zipkin/reporter2/zipkin-reporter-brave/2.17.2/zipkin-reporter-brave-2.17.2.pom.sha1
2026.07.13 14:24:36 INFO  Scala CLI: Downloading https://repo.scala-lang.org/artifactory/maven-nightlies/org/typelevel/cats-effect_2.12/2.1.3/cats-effect_2.12-2.1.3.pom
2026.07.13 14:24:36 INFO  Scala CLI: Downloaded https://repo.scala-lang.org/artifactory/maven-nightlies/org/scala-sbt/zinc-persist_2.12/1.12.0/zinc-persist_2.12-1.12.0.pom.sha1
2026.07.13 14:24:36 INFO  Scala CLI: Downloading https://repo.scala-lang.org/artifactory/maven-nightlies/org/ow2/asm/asm-analysis/9.9.1/asm-analysis-9.9.1.pom.sha1
2026.07.13 14:24:36 INFO  Scala CLI: Downloaded https://repo.scala-lang.org/artifactory/maven-nightlies/com/chuusai/shapeless_2.12/2.3.3/shapeless_2.12-2.3.3.pom.sha1
2026.07.13 14:24:36 INFO  Scala CLI: Downloading https://repo.scala-lang.org/artifactory/maven-nightlies/org/scalameta/trees_2.12/4.13.8/trees_2.12-4.13.8.pom
2026.07.13 14:24:36 INFO  Scala CLI: Downloaded https://repo.scala-lang.org/artifactory/maven-nightlies/org/jctools/jctools-core/2.1.2/jctools-core-2.1.2.pom.sha1
2026.07.13 14:24:36 INFO  Scala CLI: Downloading https://repo.scala-lang.org/artifactory/maven-nightlies/org/scala-sbt/ivy/ivy/2.3.0-sbt-77cc781d727b367d3761f097d89f5a4762771d41/ivy-2.3.0-sbt-77cc781d727b367d3761f097d89f5a4762771d41.pom.sha1
2026.07.13 14:24:36 INFO  Scala CLI: Downloaded https://repo.scala-lang.org/artifactory/maven-nightlies/io/zipkin/reporter2/zipkin-reporter/2.17.2/zipkin-reporter-2.17.2.pom.sha1
2026.07.13 14:24:36 INFO  Scala CLI: Downloading https://repo.scala-lang.org/artifactory/maven-nightlies/io/monix/implicitbox_2.12/0.2.0/implicitbox_2.12-0.2.0.pom
2026.07.13 14:24:36 INFO  Scala CLI: Downloaded https://repo.scala-lang.org/artifactory/maven-nightlies/com/lihaoyi/fansi_2.12/0.5.1/fansi_2.12-0.5.1.pom
2026.07.13 14:24:36 INFO  Scala CLI: Downloading https://repo.scala-lang.org/artifactory/maven-nightlies/org/scala-sbt/zinc-classfile_2.12/1.12.0/zinc-classfile_2.12-1.12.0.pom
2026.07.13 14:24:36 INFO  Scala CLI: Downloaded https://repo.scala-lang.org/artifactory/maven-nightlies/org/typelevel/cats-effect_2.12/2.1.3/cats-effect_2.12-2.1.3.pom
2026.07.13 14:24:36 INFO  Scala CLI: Downloading https://repo.scala-lang.org/artifactory/maven-nightlies/io/get-coursier/util/directories/0.1.2/directories-0.1.2.pom
2026.07.13 14:24:36 INFO  Scala CLI: Downloaded https://repo.scala-lang.org/artifactory/maven-nightlies/org/ow2/asm/asm-analysis/9.9.1/asm-analysis-9.9.1.pom.sha1
2026.07.13 14:24:36 INFO  Scala CLI: Downloading https://repo.scala-lang.org/artifactory/maven-nightlies/com/eed3si9n/sjson-new-core_2.12/0.10.1/sjson-new-core_2.12-0.10.1.pom.sha1
2026.07.13 14:24:36 INFO  Scala CLI: Downloaded https://repo.scala-lang.org/artifactory/maven-nightlies/io/monix/implicitbox_2.12/0.2.0/implicitbox_2.12-0.2.0.pom
2026.07.13 14:24:36 INFO  Scala CLI: Downloading https://repo.scala-lang.org/artifactory/maven-nightlies/net/java/dev/jna/jna-platform/4.4.0/jna-platform-4.4.0.pom.sha1
2026.07.13 14:24:37 INFO  Scala CLI: Downloaded https://repo.scala-lang.org/artifactory/maven-nightlies/io/get-coursier/util/directories/0.1.2/directories-0.1.2.pom
2026.07.13 14:24:37 INFO  Scala CLI: Downloading https://repo.scala-lang.org/artifactory/maven-nightlies/org/ow2/asm/asm-tree/9.9.1/asm-tree-9.9.1.pom.sha1
2026.07.13 14:24:37 INFO  Scala CLI: Downloaded https://repo.scala-lang.org/artifactory/maven-nightlies/com/eed3si9n/sjson-new-core_2.12/0.10.1/sjson-new-core_2.12-0.10.1.pom.sha1
2026.07.13 14:24:37 INFO  Scala CLI: Downloading https://repo.scala-lang.org/artifactory/maven-nightlies/com/outr/scribe_2.12/3.5.5/scribe_2.12-3.5.5.pom.sha1
2026.07.13 14:24:37 INFO  Scala CLI: Downloaded https://repo.scala-lang.org/artifactory/maven-nightlies/net/java/dev/jna/jna-platform/4.4.0/jna-platform-4.4.0.pom.sha1
2026.07.13 14:24:37 INFO  Scala CLI: Downloading https://repo.scala-lang.org/artifactory/maven-nightlies/org/apache/logging/log4j/log4j-api/2.23.0/log4j-api-2.23.0.pom.sha1
2026.07.13 14:24:37 INFO  Scala CLI: Downloaded https://repo.scala-lang.org/artifactory/maven-nightlies/org/scala-sbt/ivy/ivy/2.3.0-sbt-77cc781d727b367d3761f097d89f5a4762771d41/ivy-2.3.0-sbt-77cc781d727b367d3761f097d89f5a4762771d41.pom.sha1
2026.07.13 14:24:37 INFO  Scala CLI: Downloading https://repo.scala-lang.org/artifactory/maven-nightlies/org/scala-sbt/librarymanagement-core_2.12/1.12.0/librarymanagement-core_2.12-1.12.0.pom.sha1
2026.07.13 14:24:37 INFO  Scala CLI: Downloaded https://repo.scala-lang.org/artifactory/maven-nightlies/org/ow2/asm/asm-tree/9.9.1/asm-tree-9.9.1.pom.sha1
2026.07.13 14:24:37 INFO  Scala CLI: Downloading https://repo.scala-lang.org/artifactory/maven-nightlies/com/lihaoyi/fansi_2.12/0.5.1/fansi_2.12-0.5.1.pom.sha1
2026.07.13 14:24:37 INFO  Scala CLI: Downloaded https://repo.scala-lang.org/artifactory/maven-nightlies/com/outr/scribe_2.12/3.5.5/scribe_2.12-3.5.5.pom.sha1
2026.07.13 14:24:37 INFO  Scala CLI: Downloading https://repo.scala-lang.org/artifactory/maven-nightlies/org/typelevel/cats-effect_2.12/2.1.3/cats-effect_2.12-2.1.3.pom.sha1
2026.07.13 14:24:37 INFO  Scala CLI: Downloaded https://repo.scala-lang.org/artifactory/maven-nightlies/org/scalameta/trees_2.12/4.13.8/trees_2.12-4.13.8.pom
2026.07.13 14:24:37 INFO  Scala CLI: Downloaded https://repo.scala-lang.org/artifactory/maven-nightlies/org/scala-sbt/zinc-classfile_2.12/1.12.0/zinc-classfile_2.12-1.12.0.pom
2026.07.13 14:24:37 INFO  Scala CLI: Downloading https://repo.scala-lang.org/artifactory/maven-nightlies/io/monix/implicitbox_2.12/0.2.0/implicitbox_2.12-0.2.0.pom.sha1
2026.07.13 14:24:37 INFO  Scala CLI: Downloading https://repo.scala-lang.org/artifactory/maven-nightlies/io/get-coursier/util/directories/0.1.2/directories-0.1.2.pom.sha1
2026.07.13 14:24:37 INFO  Scala CLI: Downloaded https://repo.scala-lang.org/artifactory/maven-nightlies/com/lihaoyi/fansi_2.12/0.5.1/fansi_2.12-0.5.1.pom.sha1
2026.07.13 14:24:37 INFO  Scala CLI: Downloading https://repo.scala-lang.org/artifactory/maven-nightlies/org/scalameta/trees_2.12/4.13.8/trees_2.12-4.13.8.pom.sha1
2026.07.13 14:24:37 INFO  Scala CLI: Downloaded https://repo.scala-lang.org/artifactory/maven-nightlies/org/typelevel/cats-effect_2.12/2.1.3/cats-effect_2.12-2.1.3.pom.sha1
2026.07.13 14:24:37 INFO  Scala CLI: Downloading https://repo.scala-lang.org/artifactory/maven-nightlies/org/scala-sbt/zinc-classfile_2.12/1.12.0/zinc-classfile_2.12-1.12.0.pom.sha1
2026.07.13 14:24:37 INFO  Scala CLI: Downloaded https://repo.scala-lang.org/artifactory/maven-nightlies/io/monix/implicitbox_2.12/0.2.0/implicitbox_2.12-0.2.0.pom.sha1
2026.07.13 14:24:37 INFO  Scala CLI: Downloaded https://repo.scala-lang.org/artifactory/maven-nightlies/org/scala-sbt/zinc-classfile_2.12/1.12.0/zinc-classfile_2.12-1.12.0.pom.sha1
2026.07.13 14:24:38 INFO  Scala CLI: Downloaded https://repo.scala-lang.org/artifactory/maven-nightlies/io/get-coursier/util/directories/0.1.2/directories-0.1.2.pom.sha1
2026.07.13 14:24:38 INFO  Scala CLI: Downloaded https://repo.scala-lang.org/artifactory/maven-nightlies/org/scalameta/trees_2.12/4.13.8/trees_2.12-4.13.8.pom.sha1
2026.07.13 14:24:38 INFO  Scala CLI: Downloaded https://repo.scala-lang.org/artifactory/maven-nightlies/org/apache/logging/log4j/log4j-api/2.23.0/log4j-api-2.23.0.pom.sha1
2026.07.13 14:24:38 INFO  Scala CLI: Downloaded https://repo.scala-lang.org/artifactory/maven-nightlies/org/scala-sbt/librarymanagement-core_2.12/1.12.0/librarymanagement-core_2.12-1.12.0.pom.sha1
2026.07.13 14:24:38 INFO  Scala CLI: Downloading https://central.sonatype.com/repository/maven-snapshots/io/zipkin/zipkin-parent/2.27.0/zipkin-parent-2.27.0.pom
2026.07.13 14:24:40 INFO  Scala CLI: Failed to download https://central.sonatype.com/repository/maven-snapshots/io/zipkin/zipkin-parent/2.27.0/zipkin-parent-2.27.0.pom
2026.07.13 14:24:40 INFO  Scala CLI: Downloading https://central.sonatype.com/repository/maven-snapshots/io/zipkin/zipkin-parent/2.27.0/zipkin-parent-2.27.0.pom.sha1
2026.07.13 14:24:40 INFO  Scala CLI: Failed to download https://central.sonatype.com/repository/maven-snapshots/io/zipkin/zipkin-parent/2.27.0/zipkin-parent-2.27.0.pom.sha1
2026.07.13 14:24:40 INFO  Scala CLI: Downloading https://repo.scala-lang.org/artifactory/maven-nightlies/io/zipkin/zipkin-parent/2.27.0/zipkin-parent-2.27.0.pom
2026.07.13 14:24:42 INFO  Scala CLI: Downloaded https://repo.scala-lang.org/artifactory/maven-nightlies/io/zipkin/zipkin-parent/2.27.0/zipkin-parent-2.27.0.pom
2026.07.13 14:24:42 INFO  Scala CLI: Downloading https://repo.scala-lang.org/artifactory/maven-nightlies/io/zipkin/zipkin-parent/2.27.0/zipkin-parent-2.27.0.pom.sha1
2026.07.13 14:24:42 INFO  Scala CLI: Downloaded https://repo.scala-lang.org/artifactory/maven-nightlies/io/zipkin/zipkin-parent/2.27.0/zipkin-parent-2.27.0.pom.sha1
2026.07.13 14:24:42 INFO  Scala CLI: Downloading https://central.sonatype.com/repository/maven-snapshots/org/scala-sbt/io_2.12/1.10.5/io_2.12-1.10.5.pom
2026.07.13 14:24:42 INFO  Scala CLI: Downloading https://central.sonatype.com/repository/maven-snapshots/org/scala-sbt/util-logging_2.12/1.11.7/util-logging_2.12-1.11.7.pom
2026.07.13 14:24:42 INFO  Scala CLI: Downloading https://central.sonatype.com/repository/maven-snapshots/org/scala-sbt/sbinary_2.12/0.5.1/sbinary_2.12-0.5.1.pom
2026.07.13 14:24:42 INFO  Scala CLI: Downloading https://central.sonatype.com/repository/maven-snapshots/com/google/errorprone/error_prone_annotations/2.38.0/error_prone_annotations-2.38.0.pom
2026.07.13 14:24:42 INFO  Scala CLI: Downloading https://central.sonatype.com/repository/maven-snapshots/org/scala-sbt/compiler-interface/1.12.0/compiler-interface-1.12.0.pom
2026.07.13 14:24:42 INFO  Scala CLI: Downloading https://central.sonatype.com/repository/maven-snapshots/org/scala-sbt/zinc-classpath_2.12/1.12.0/zinc-classpath_2.12-1.12.0.pom
2026.07.13 14:24:42 INFO  Scala CLI: Failed to download https://central.sonatype.com/repository/maven-snapshots/org/scala-sbt/compiler-interface/1.12.0/compiler-interface-1.12.0.pom
2026.07.13 14:24:42 INFO  Scala CLI: Downloading https://central.sonatype.com/repository/maven-snapshots/org/scalameta/io_2.12/4.13.8/io_2.12-4.13.8.pom
2026.07.13 14:24:42 INFO  Scala CLI: Failed to download https://central.sonatype.com/repository/maven-snapshots/org/scala-sbt/zinc-classpath_2.12/1.12.0/zinc-classpath_2.12-1.12.0.pom
2026.07.13 14:24:42 INFO  Scala CLI: Downloading https://central.sonatype.com/repository/maven-snapshots/org/scala-sbt/util-relation_2.12/1.11.5/util-relation_2.12-1.11.5.pom
2026.07.13 14:24:42 INFO  Scala CLI: Failed to download https://central.sonatype.com/repository/maven-snapshots/org/scala-sbt/io_2.12/1.10.5/io_2.12-1.10.5.pom
2026.07.13 14:24:42 INFO  Scala CLI: Downloading https://central.sonatype.com/repository/maven-snapshots/org/typelevel/cats-core_2.12/2.1.1/cats-core_2.12-2.1.1.pom
2026.07.13 14:24:42 INFO  Scala CLI: Failed to download https://central.sonatype.com/repository/maven-snapshots/com/google/errorprone/error_prone_annotations/2.38.0/error_prone_annotations-2.38.0.pom
2026.07.13 14:24:42 INFO  Scala CLI: Downloading https://central.sonatype.com/repository/maven-snapshots/org/scalameta/common_2.12/4.13.8/common_2.12-4.13.8.pom
2026.07.13 14:24:43 INFO  Scala CLI: Failed to download https://central.sonatype.com/repository/maven-snapshots/org/scala-sbt/util-logging_2.12/1.11.7/util-logging_2.12-1.11.7.pom
2026.07.13 14:24:43 INFO  Scala CLI: Downloading https://central.sonatype.com/repository/maven-snapshots/org/scala-lang/modules/scala-xml_2.12/2.3.0/scala-xml_2.12-2.3.0.pom
2026.07.13 14:24:43 INFO  Scala CLI: Failed to download https://central.sonatype.com/repository/maven-snapshots/org/scala-sbt/sbinary_2.12/0.5.1/sbinary_2.12-0.5.1.pom
2026.07.13 14:24:43 INFO  Scala CLI: Downloading https://central.sonatype.com/repository/maven-snapshots/org/scala-lang/modules/scala-parser-combinators_2.12/1.1.2/scala-parser-combinators_2.12-1.1.2.pom
2026.07.13 14:24:43 INFO  Scala CLI: Failed to download https://central.sonatype.com/repository/maven-snapshots/org/scalameta/io_2.12/4.13.8/io_2.12-4.13.8.pom
2026.07.13 14:24:43 INFO  Scala CLI: Downloading https://central.sonatype.com/repository/maven-snapshots/com/github/mwiede/jsch/2.27.5/jsch-2.27.5.pom
2026.07.13 14:24:43 INFO  Scala CLI: Failed to download https://central.sonatype.com/repository/maven-snapshots/org/scala-lang/modules/scala-xml_2.12/2.3.0/scala-xml_2.12-2.3.0.pom
2026.07.13 14:24:43 INFO  Scala CLI: Downloading https://central.sonatype.com/repository/maven-snapshots/org/scala-sbt/util-control_2.12/1.11.5/util-control_2.12-1.11.5.pom
2026.07.13 14:24:43 INFO  Scala CLI: Failed to download https://central.sonatype.com/repository/maven-snapshots/org/scala-lang/modules/scala-parser-combinators_2.12/1.1.2/scala-parser-combinators_2.12-1.1.2.pom
2026.07.13 14:24:43 INFO  Scala CLI: Downloading https://central.sonatype.com/repository/maven-snapshots/com/eed3si9n/gigahorse-apache-http_2.12/0.9.3/gigahorse-apache-http_2.12-0.9.3.pom
2026.07.13 14:24:43 INFO  Scala CLI: Failed to download https://central.sonatype.com/repository/maven-snapshots/com/github/mwiede/jsch/2.27.5/jsch-2.27.5.pom
2026.07.13 14:24:43 INFO  Scala CLI: Downloading https://central.sonatype.com/repository/maven-snapshots/org/scala-sbt/util-position_2.12/1.11.7/util-position_2.12-1.11.7.pom
2026.07.13 14:24:43 INFO  Scala CLI: Failed to download https://central.sonatype.com/repository/maven-snapshots/org/scalameta/common_2.12/4.13.8/common_2.12-4.13.8.pom
2026.07.13 14:24:43 INFO  Scala CLI: Downloading https://central.sonatype.com/repository/maven-snapshots/org/scala-sbt/util-cache_2.12/1.11.7/util-cache_2.12-1.11.7.pom
2026.07.13 14:24:44 INFO  Scala CLI: Failed to download https://central.sonatype.com/repository/maven-snapshots/org/scala-sbt/util-control_2.12/1.11.5/util-control_2.12-1.11.5.pom
2026.07.13 14:24:44 INFO  Scala CLI: Downloading https://central.sonatype.com/repository/maven-snapshots/org/scala-sbt/launcher-interface/1.5.2/launcher-interface-1.5.2.pom
2026.07.13 14:24:44 INFO  Scala CLI: Failed to download https://central.sonatype.com/repository/maven-snapshots/org/scala-sbt/util-cache_2.12/1.11.7/util-cache_2.12-1.11.7.pom
2026.07.13 14:24:44 INFO  Scala CLI: Downloading https://central.sonatype.com/repository/maven-snapshots/org/scala-sbt/zinc-apiinfo_2.12/1.12.0/zinc-apiinfo_2.12-1.12.0.pom
2026.07.13 14:24:44 INFO  Scala CLI: Failed to download https://central.sonatype.com/repository/maven-snapshots/org/scala-sbt/util-relation_2.12/1.11.5/util-relation_2.12-1.11.5.pom
2026.07.13 14:24:44 INFO  Scala CLI: Downloading https://central.sonatype.com/repository/maven-snapshots/org/typelevel/macro-compat_2.12/1.1.1/macro-compat_2.12-1.1.1.pom
2026.07.13 14:24:44 INFO  Scala CLI: Failed to download https://central.sonatype.com/repository/maven-snapshots/com/eed3si9n/gigahorse-apache-http_2.12/0.9.3/gigahorse-apache-http_2.12-0.9.3.pom
2026.07.13 14:24:44 INFO  Scala CLI: Downloading https://central.sonatype.com/repository/maven-snapshots/org/scala-sbt/compiler-interface/1.12.0/compiler-interface-1.12.0.pom.sha1
2026.07.13 14:24:44 INFO  Scala CLI: Failed to download https://central.sonatype.com/repository/maven-snapshots/org/scala-sbt/zinc-apiinfo_2.12/1.12.0/zinc-apiinfo_2.12-1.12.0.pom
2026.07.13 14:24:44 INFO  Scala CLI: Downloading https://central.sonatype.com/repository/maven-snapshots/org/scala-sbt/zinc-classpath_2.12/1.12.0/zinc-classpath_2.12-1.12.0.pom.sha1
2026.07.13 14:24:44 INFO  Scala CLI: Failed to download https://central.sonatype.com/repository/maven-snapshots/org/scala-sbt/launcher-interface/1.5.2/launcher-interface-1.5.2.pom
2026.07.13 14:24:44 INFO  Scala CLI: Downloading https://central.sonatype.com/repository/maven-snapshots/org/scala-sbt/io_2.12/1.10.5/io_2.12-1.10.5.pom.sha1
2026.07.13 14:24:45 INFO  Scala CLI: Failed to download https://central.sonatype.com/repository/maven-snapshots/org/typelevel/macro-compat_2.12/1.1.1/macro-compat_2.12-1.1.1.pom
2026.07.13 14:24:45 INFO  Scala CLI: Downloading https://central.sonatype.com/repository/maven-snapshots/com/google/errorprone/error_prone_annotations/2.38.0/error_prone_annotations-2.38.0.pom.sha1
2026.07.13 14:24:45 INFO  Scala CLI: Failed to download https://central.sonatype.com/repository/maven-snapshots/org/scala-sbt/util-position_2.12/1.11.7/util-position_2.12-1.11.7.pom
2026.07.13 14:24:45 INFO  Scala CLI: Downloading https://central.sonatype.com/repository/maven-snapshots/org/scala-sbt/util-logging_2.12/1.11.7/util-logging_2.12-1.11.7.pom.sha1
2026.07.13 14:24:45 INFO  Scala CLI: Failed to download https://central.sonatype.com/repository/maven-snapshots/org/scala-sbt/compiler-interface/1.12.0/compiler-interface-1.12.0.pom.sha1
2026.07.13 14:24:45 INFO  Scala CLI: Downloading https://central.sonatype.com/repository/maven-snapshots/org/scala-sbt/sbinary_2.12/0.5.1/sbinary_2.12-0.5.1.pom.sha1
2026.07.13 14:24:45 INFO  Scala CLI: Failed to download https://central.sonatype.com/repository/maven-snapshots/org/scala-sbt/zinc-classpath_2.12/1.12.0/zinc-classpath_2.12-1.12.0.pom.sha1
2026.07.13 14:24:45 INFO  Scala CLI: Downloading https://central.sonatype.com/repository/maven-snapshots/org/scalameta/io_2.12/4.13.8/io_2.12-4.13.8.pom.sha1
2026.07.13 14:24:45 INFO  Scala CLI: Failed to download https://central.sonatype.com/repository/maven-snapshots/com/google/errorprone/error_prone_annotations/2.38.0/error_prone_annotations-2.38.0.pom.sha1
2026.07.13 14:24:45 INFO  Scala CLI: Downloading https://central.sonatype.com/repository/maven-snapshots/org/scala-lang/modules/scala-xml_2.12/2.3.0/scala-xml_2.12-2.3.0.pom.sha1
2026.07.13 14:24:45 INFO  Scala CLI: Failed to download https://central.sonatype.com/repository/maven-snapshots/org/scala-sbt/io_2.12/1.10.5/io_2.12-1.10.5.pom.sha1
2026.07.13 14:24:45 INFO  Scala CLI: Downloading https://central.sonatype.com/repository/maven-snapshots/org/scala-lang/modules/scala-parser-combinators_2.12/1.1.2/scala-parser-combinators_2.12-1.1.2.pom.sha1
2026.07.13 14:24:45 INFO  Scala CLI: Failed to download https://central.sonatype.com/repository/maven-snapshots/org/scala-sbt/sbinary_2.12/0.5.1/sbinary_2.12-0.5.1.pom.sha1
2026.07.13 14:24:45 INFO  Scala CLI: Downloading https://central.sonatype.com/repository/maven-snapshots/com/github/mwiede/jsch/2.27.5/jsch-2.27.5.pom.sha1
2026.07.13 14:24:45 INFO  Scala CLI: Failed to download https://central.sonatype.com/repository/maven-snapshots/org/scalameta/io_2.12/4.13.8/io_2.12-4.13.8.pom.sha1
2026.07.13 14:24:45 INFO  Scala CLI: Downloading https://central.sonatype.com/repository/maven-snapshots/org/scalameta/common_2.12/4.13.8/common_2.12-4.13.8.pom.sha1
2026.07.13 14:24:46 INFO  Scala CLI: Failed to download https://central.sonatype.com/repository/maven-snapshots/org/scala-lang/modules/scala-xml_2.12/2.3.0/scala-xml_2.12-2.3.0.pom.sha1
2026.07.13 14:24:46 INFO  Scala CLI: Downloading https://central.sonatype.com/repository/maven-snapshots/com/outr/moduload_2.12/1.1.5/moduload_2.12-1.1.5.pom
2026.07.13 14:24:46 INFO  Scala CLI: Failed to download https://central.sonatype.com/repository/maven-snapshots/org/scala-lang/modules/scala-parser-combinators_2.12/1.1.2/scala-parser-combinators_2.12-1.1.2.pom.sha1
2026.07.13 14:24:46 INFO  Scala CLI: Downloading https://central.sonatype.com/repository/maven-snapshots/com/outr/perfolation_2.12/1.2.8/perfolation_2.12-1.2.8.pom
2026.07.13 14:24:46 INFO  Scala CLI: Failed to download https://central.sonatype.com/repository/maven-snapshots/com/github/mwiede/jsch/2.27.5/jsch-2.27.5.pom.sha1
2026.07.13 14:24:46 INFO  Scala CLI: Downloading https://central.sonatype.com/repository/maven-snapshots/org/scala-sbt/util-control_2.12/1.11.5/util-control_2.12-1.11.5.pom.sha1
2026.07.13 14:24:46 INFO  Scala CLI: Failed to download https://central.sonatype.com/repository/maven-snapshots/org/typelevel/cats-core_2.12/2.1.1/cats-core_2.12-2.1.1.pom
2026.07.13 14:24:46 INFO  Scala CLI: Downloading https://central.sonatype.com/repository/maven-snapshots/org/scala-lang/scala-compiler/2.12.21/scala-compiler-2.12.21.pom
2026.07.13 14:24:46 INFO  Scala CLI: Failed to download https://central.sonatype.com/repository/maven-snapshots/org/scalameta/common_2.12/4.13.8/common_2.12-4.13.8.pom.sha1
2026.07.13 14:24:46 INFO  Scala CLI: Downloading https://central.sonatype.com/repository/maven-snapshots/org/scala-sbt/util-cache_2.12/1.11.7/util-cache_2.12-1.11.7.pom.sha1
2026.07.13 14:24:46 INFO  Scala CLI: Failed to download https://central.sonatype.com/repository/maven-snapshots/com/outr/moduload_2.12/1.1.5/moduload_2.12-1.1.5.pom
2026.07.13 14:24:46 INFO  Scala CLI: Downloading https://central.sonatype.com/repository/maven-snapshots/org/scala-sbt/zinc-persist-core-assembly/1.12.0/zinc-persist-core-assembly-1.12.0.pom
2026.07.13 14:24:46 INFO  Scala CLI: Failed to download https://central.sonatype.com/repository/maven-snapshots/org/scala-sbt/util-control_2.12/1.11.5/util-control_2.12-1.11.5.pom.sha1
2026.07.13 14:24:46 INFO  Scala CLI: Downloading https://central.sonatype.com/repository/maven-snapshots/org/scala-sbt/util-relation_2.12/1.11.5/util-relation_2.12-1.11.5.pom.sha1
2026.07.13 14:24:46 INFO  Scala CLI: Failed to download https://central.sonatype.com/repository/maven-snapshots/org/scala-lang/scala-compiler/2.12.21/scala-compiler-2.12.21.pom
2026.07.13 14:24:46 INFO  Scala CLI: Downloading https://central.sonatype.com/repository/maven-snapshots/com/eed3si9n/gigahorse-apache-http_2.12/0.9.3/gigahorse-apache-http_2.12-0.9.3.pom.sha1
2026.07.13 14:24:46 INFO  Scala CLI: Failed to download https://central.sonatype.com/repository/maven-snapshots/com/outr/perfolation_2.12/1.2.8/perfolation_2.12-1.2.8.pom
2026.07.13 14:24:46 INFO  Scala CLI: Downloading https://central.sonatype.com/repository/maven-snapshots/org/scala-sbt/zinc-apiinfo_2.12/1.12.0/zinc-apiinfo_2.12-1.12.0.pom.sha1
2026.07.13 14:24:46 INFO  Scala CLI: Failed to download https://central.sonatype.com/repository/maven-snapshots/org/scala-sbt/util-logging_2.12/1.11.7/util-logging_2.12-1.11.7.pom.sha1
2026.07.13 14:24:46 INFO  Scala CLI: Downloading https://central.sonatype.com/repository/maven-snapshots/org/scala-sbt/launcher-interface/1.5.2/launcher-interface-1.5.2.pom.sha1
2026.07.13 14:24:47 INFO  Scala CLI: Failed to download https://central.sonatype.com/repository/maven-snapshots/org/scala-sbt/zinc-persist-core-assembly/1.12.0/zinc-persist-core-assembly-1.12.0.pom
2026.07.13 14:24:47 INFO  Scala CLI: Downloading https://central.sonatype.com/repository/maven-snapshots/org/typelevel/macro-compat_2.12/1.1.1/macro-compat_2.12-1.1.1.pom.sha1
2026.07.13 14:24:47 INFO  Scala CLI: Failed to download https://central.sonatype.com/repository/maven-snapshots/org/scala-sbt/util-relation_2.12/1.11.5/util-relation_2.12-1.11.5.pom.sha1
2026.07.13 14:24:47 INFO  Scala CLI: Downloading https://central.sonatype.com/repository/maven-snapshots/org/scala-sbt/util-position_2.12/1.11.7/util-position_2.12-1.11.7.pom.sha1
2026.07.13 14:24:47 INFO  Scala CLI: Failed to download https://central.sonatype.com/repository/maven-snapshots/com/eed3si9n/gigahorse-apache-http_2.12/0.9.3/gigahorse-apache-http_2.12-0.9.3.pom.sha1
2026.07.13 14:24:47 INFO  Scala CLI: Downloading https://central.sonatype.com/repository/maven-snapshots/org/typelevel/cats-core_2.12/2.1.1/cats-core_2.12-2.1.1.pom.sha1
2026.07.13 14:24:47 INFO  Scala CLI: Failed to download https://central.sonatype.com/repository/maven-snapshots/org/scala-sbt/zinc-apiinfo_2.12/1.12.0/zinc-apiinfo_2.12-1.12.0.pom.sha1
2026.07.13 14:24:47 INFO  Scala CLI: Downloading https://central.sonatype.com/repository/maven-snapshots/com/outr/moduload_2.12/1.1.5/moduload_2.12-1.1.5.pom.sha1
2026.07.13 14:24:47 INFO  Scala CLI: Failed to download https://central.sonatype.com/repository/maven-snapshots/org/scala-sbt/launcher-interface/1.5.2/launcher-interface-1.5.2.pom.sha1
2026.07.13 14:24:47 INFO  Scala CLI: Downloading https://central.sonatype.com/repository/maven-snapshots/org/scala-lang/scala-compiler/2.12.21/scala-compiler-2.12.21.pom.sha1
2026.07.13 14:24:47 INFO  Scala CLI: Failed to download https://central.sonatype.com/repository/maven-snapshots/org/typelevel/macro-compat_2.12/1.1.1/macro-compat_2.12-1.1.1.pom.sha1
2026.07.13 14:24:47 INFO  Scala CLI: Downloading https://central.sonatype.com/repository/maven-snapshots/com/outr/perfolation_2.12/1.2.8/perfolation_2.12-1.2.8.pom.sha1
2026.07.13 14:24:47 INFO  Scala CLI: Failed to download https://central.sonatype.com/repository/maven-snapshots/org/typelevel/cats-core_2.12/2.1.1/cats-core_2.12-2.1.1.pom.sha1
2026.07.13 14:24:47 INFO  Scala CLI: Downloading https://central.sonatype.com/repository/maven-snapshots/org/scala-sbt/zinc-persist-core-assembly/1.12.0/zinc-persist-core-assembly-1.12.0.pom.sha1
2026.07.13 14:24:47 INFO  Scala CLI: Failed to download https://central.sonatype.com/repository/maven-snapshots/com/outr/moduload_2.12/1.1.5/moduload_2.12-1.1.5.pom.sha1
2026.07.13 14:24:47 INFO  Scala CLI: Downloading https://repo.scala-lang.org/artifactory/maven-nightlies/org/scala-sbt/compiler-interface/1.12.0/compiler-interface-1.12.0.pom
2026.07.13 14:24:48 INFO  Scala CLI: Failed to download https://central.sonatype.com/repository/maven-snapshots/org/scala-sbt/util-cache_2.12/1.11.7/util-cache_2.12-1.11.7.pom.sha1
2026.07.13 14:24:48 INFO  Scala CLI: Downloading https://repo.scala-lang.org/artifactory/maven-nightlies/org/scala-sbt/zinc-classpath_2.12/1.12.0/zinc-classpath_2.12-1.12.0.pom
2026.07.13 14:24:48 INFO  Scala CLI: Failed to download https://central.sonatype.com/repository/maven-snapshots/com/outr/perfolation_2.12/1.2.8/perfolation_2.12-1.2.8.pom.sha1
2026.07.13 14:24:48 INFO  Scala CLI: Downloading https://repo.scala-lang.org/artifactory/maven-nightlies/com/google/errorprone/error_prone_annotations/2.38.0/error_prone_annotations-2.38.0.pom
2026.07.13 14:24:48 INFO  Scala CLI: Failed to download https://central.sonatype.com/repository/maven-snapshots/org/scala-sbt/zinc-persist-core-assembly/1.12.0/zinc-persist-core-assembly-1.12.0.pom.sha1
2026.07.13 14:24:48 INFO  Scala CLI: Downloading https://repo.scala-lang.org/artifactory/maven-nightlies/org/scala-sbt/io_2.12/1.10.5/io_2.12-1.10.5.pom
2026.07.13 14:24:48 INFO  Scala CLI: Downloaded https://repo.scala-lang.org/artifactory/maven-nightlies/org/scala-sbt/compiler-interface/1.12.0/compiler-interface-1.12.0.pom
2026.07.13 14:24:48 INFO  Scala CLI: Downloading https://repo.scala-lang.org/artifactory/maven-nightlies/org/scala-sbt/sbinary_2.12/0.5.1/sbinary_2.12-0.5.1.pom
2026.07.13 14:24:48 INFO  Scala CLI: Downloaded https://repo.scala-lang.org/artifactory/maven-nightlies/org/scala-sbt/zinc-classpath_2.12/1.12.0/zinc-classpath_2.12-1.12.0.pom
2026.07.13 14:24:48 INFO  Scala CLI: Downloading https://repo.scala-lang.org/artifactory/maven-nightlies/org/scalameta/io_2.12/4.13.8/io_2.12-4.13.8.pom
2026.07.13 14:24:48 INFO  Scala CLI: Downloaded https://repo.scala-lang.org/artifactory/maven-nightlies/com/google/errorprone/error_prone_annotations/2.38.0/error_prone_annotations-2.38.0.pom
2026.07.13 14:24:48 INFO  Scala CLI: Downloading https://repo.scala-lang.org/artifactory/maven-nightlies/org/scala-lang/modules/scala-xml_2.12/2.3.0/scala-xml_2.12-2.3.0.pom
2026.07.13 14:24:48 INFO  Scala CLI: Downloaded https://repo.scala-lang.org/artifactory/maven-nightlies/org/scala-sbt/sbinary_2.12/0.5.1/sbinary_2.12-0.5.1.pom
2026.07.13 14:24:48 INFO  Scala CLI: Downloading https://repo.scala-lang.org/artifactory/maven-nightlies/org/scala-lang/modules/scala-parser-combinators_2.12/1.1.2/scala-parser-combinators_2.12-1.1.2.pom
2026.07.13 14:24:48 INFO  Scala CLI: Failed to download https://central.sonatype.com/repository/maven-snapshots/org/scala-lang/scala-compiler/2.12.21/scala-compiler-2.12.21.pom.sha1
2026.07.13 14:24:48 INFO  Scala CLI: Downloading https://repo.scala-lang.org/artifactory/maven-nightlies/com/github/mwiede/jsch/2.27.5/jsch-2.27.5.pom
2026.07.13 14:24:48 INFO  Scala CLI: Downloaded https://repo.scala-lang.org/artifactory/maven-nightlies/org/scala-sbt/io_2.12/1.10.5/io_2.12-1.10.5.pom
2026.07.13 14:24:48 INFO  Scala CLI: Downloading https://repo.scala-lang.org/artifactory/maven-nightlies/org/scalameta/common_2.12/4.13.8/common_2.12-4.13.8.pom
2026.07.13 14:24:48 INFO  Scala CLI: Downloaded https://repo.scala-lang.org/artifactory/maven-nightlies/org/scalameta/io_2.12/4.13.8/io_2.12-4.13.8.pom
2026.07.13 14:24:48 INFO  Scala CLI: Downloading https://repo.scala-lang.org/artifactory/maven-nightlies/org/scala-sbt/util-control_2.12/1.11.5/util-control_2.12-1.11.5.pom
2026.07.13 14:24:48 INFO  Scala CLI: Failed to download https://central.sonatype.com/repository/maven-snapshots/org/scala-sbt/util-position_2.12/1.11.7/util-position_2.12-1.11.7.pom.sha1
2026.07.13 14:24:48 INFO  Scala CLI: Downloading https://repo.scala-lang.org/artifactory/maven-nightlies/org/scala-sbt/util-logging_2.12/1.11.7/util-logging_2.12-1.11.7.pom
2026.07.13 14:24:50 INFO  Scala CLI: Downloaded https://repo.scala-lang.org/artifactory/maven-nightlies/org/scala-lang/modules/scala-parser-combinators_2.12/1.1.2/scala-parser-combinators_2.12-1.1.2.pom
2026.07.13 14:24:50 INFO  Scala CLI: Downloading https://repo.scala-lang.org/artifactory/maven-nightlies/org/scala-sbt/util-relation_2.12/1.11.5/util-relation_2.12-1.11.5.pom
2026.07.13 14:24:50 INFO  Scala CLI: Downloaded https://repo.scala-lang.org/artifactory/maven-nightlies/org/scalameta/common_2.12/4.13.8/common_2.12-4.13.8.pom
2026.07.13 14:24:50 INFO  Scala CLI: Downloading https://repo.scala-lang.org/artifactory/maven-nightlies/com/eed3si9n/gigahorse-apache-http_2.12/0.9.3/gigahorse-apache-http_2.12-0.9.3.pom
2026.07.13 14:24:50 INFO  Scala CLI: Downloaded https://repo.scala-lang.org/artifactory/maven-nightlies/org/scala-sbt/util-control_2.12/1.11.5/util-control_2.12-1.11.5.pom
2026.07.13 14:24:50 INFO  Scala CLI: Downloading https://repo.scala-lang.org/artifactory/maven-nightlies/org/scala-sbt/zinc-apiinfo_2.12/1.12.0/zinc-apiinfo_2.12-1.12.0.pom
2026.07.13 14:24:50 INFO  Scala CLI: Downloaded https://repo.scala-lang.org/artifactory/maven-nightlies/org/scala-sbt/util-relation_2.12/1.11.5/util-relation_2.12-1.11.5.pom
2026.07.13 14:24:50 INFO  Scala CLI: Downloading https://repo.scala-lang.org/artifactory/maven-nightlies/org/scala-sbt/compiler-interface/1.12.0/compiler-interface-1.12.0.pom.sha1
2026.07.13 14:24:50 INFO  Scala CLI: Downloaded https://repo.scala-lang.org/artifactory/maven-nightlies/com/eed3si9n/gigahorse-apache-http_2.12/0.9.3/gigahorse-apache-http_2.12-0.9.3.pom
2026.07.13 14:24:50 INFO  Scala CLI: Downloading https://repo.scala-lang.org/artifactory/maven-nightlies/org/scala-sbt/launcher-interface/1.5.2/launcher-interface-1.5.2.pom
2026.07.13 14:24:50 INFO  Scala CLI: Downloaded https://repo.scala-lang.org/artifactory/maven-nightlies/org/scala-sbt/zinc-apiinfo_2.12/1.12.0/zinc-apiinfo_2.12-1.12.0.pom
2026.07.13 14:24:50 INFO  Scala CLI: Downloading https://repo.scala-lang.org/artifactory/maven-nightlies/org/scala-sbt/zinc-classpath_2.12/1.12.0/zinc-classpath_2.12-1.12.0.pom.sha1
2026.07.13 14:24:50 INFO  Scala CLI: Downloaded https://repo.scala-lang.org/artifactory/maven-nightlies/org/scala-sbt/util-logging_2.12/1.11.7/util-logging_2.12-1.11.7.pom
2026.07.13 14:24:50 INFO  Scala CLI: Downloading https://repo.scala-lang.org/artifactory/maven-nightlies/com/google/errorprone/error_prone_annotations/2.38.0/error_prone_annotations-2.38.0.pom.sha1
2026.07.13 14:24:50 INFO  Scala CLI: Downloaded https://repo.scala-lang.org/artifactory/maven-nightlies/org/scala-sbt/compiler-interface/1.12.0/compiler-interface-1.12.0.pom.sha1
2026.07.13 14:24:50 INFO  Scala CLI: Downloading https://repo.scala-lang.org/artifactory/maven-nightlies/org/typelevel/macro-compat_2.12/1.1.1/macro-compat_2.12-1.1.1.pom
2026.07.13 14:24:50 INFO  Scala CLI: Downloaded https://repo.scala-lang.org/artifactory/maven-nightlies/org/scala-sbt/zinc-classpath_2.12/1.12.0/zinc-classpath_2.12-1.12.0.pom.sha1
2026.07.13 14:24:50 INFO  Scala CLI: Downloading https://repo.scala-lang.org/artifactory/maven-nightlies/org/typelevel/cats-core_2.12/2.1.1/cats-core_2.12-2.1.1.pom
2026.07.13 14:24:50 INFO  Scala CLI: Downloaded https://repo.scala-lang.org/artifactory/maven-nightlies/org/scala-lang/modules/scala-xml_2.12/2.3.0/scala-xml_2.12-2.3.0.pom
2026.07.13 14:24:50 INFO  Scala CLI: Downloading https://repo.scala-lang.org/artifactory/maven-nightlies/org/scala-sbt/io_2.12/1.10.5/io_2.12-1.10.5.pom.sha1
2026.07.13 14:24:50 INFO  Scala CLI: Downloaded https://repo.scala-lang.org/artifactory/maven-nightlies/com/google/errorprone/error_prone_annotations/2.38.0/error_prone_annotations-2.38.0.pom.sha1
2026.07.13 14:24:50 INFO  Scala CLI: Downloading https://repo.scala-lang.org/artifactory/maven-nightlies/com/outr/moduload_2.12/1.1.5/moduload_2.12-1.1.5.pom
2026.07.13 14:24:50 INFO  Scala CLI: Downloaded https://repo.scala-lang.org/artifactory/maven-nightlies/org/typelevel/macro-compat_2.12/1.1.1/macro-compat_2.12-1.1.1.pom
2026.07.13 14:24:50 INFO  Scala CLI: Downloading https://repo.scala-lang.org/artifactory/maven-nightlies/org/scalameta/io_2.12/4.13.8/io_2.12-4.13.8.pom.sha1
2026.07.13 14:24:50 INFO  Scala CLI: Downloaded https://repo.scala-lang.org/artifactory/maven-nightlies/org/typelevel/cats-core_2.12/2.1.1/cats-core_2.12-2.1.1.pom
2026.07.13 14:24:50 INFO  Scala CLI: Downloading https://repo.scala-lang.org/artifactory/maven-nightlies/org/scala-lang/modules/scala-parser-combinators_2.12/1.1.2/scala-parser-combinators_2.12-1.1.2.pom.sha1
2026.07.13 14:24:50 INFO  Scala CLI: Downloaded https://repo.scala-lang.org/artifactory/maven-nightlies/org/scala-sbt/io_2.12/1.10.5/io_2.12-1.10.5.pom.sha1
2026.07.13 14:24:50 INFO  Scala CLI: Downloading https://repo.scala-lang.org/artifactory/maven-nightlies/org/scalameta/common_2.12/4.13.8/common_2.12-4.13.8.pom.sha1
2026.07.13 14:24:51 INFO  Scala CLI: Downloaded https://repo.scala-lang.org/artifactory/maven-nightlies/com/outr/moduload_2.12/1.1.5/moduload_2.12-1.1.5.pom
2026.07.13 14:24:51 INFO  Scala CLI: Downloading https://repo.scala-lang.org/artifactory/maven-nightlies/org/scala-sbt/util-control_2.12/1.11.5/util-control_2.12-1.11.5.pom.sha1
2026.07.13 14:24:51 INFO  Scala CLI: Downloaded https://repo.scala-lang.org/artifactory/maven-nightlies/org/scalameta/io_2.12/4.13.8/io_2.12-4.13.8.pom.sha1
2026.07.13 14:24:51 INFO  Scala CLI: Downloading https://repo.scala-lang.org/artifactory/maven-nightlies/org/scala-sbt/util-cache_2.12/1.11.7/util-cache_2.12-1.11.7.pom
2026.07.13 14:24:51 INFO  Scala CLI: Downloaded https://repo.scala-lang.org/artifactory/maven-nightlies/org/scala-lang/modules/scala-parser-combinators_2.12/1.1.2/scala-parser-combinators_2.12-1.1.2.pom.sha1
2026.07.13 14:24:51 INFO  Scala CLI: Downloading https://repo.scala-lang.org/artifactory/maven-nightlies/com/outr/perfolation_2.12/1.2.8/perfolation_2.12-1.2.8.pom
2026.07.13 14:24:51 INFO  Scala CLI: Downloaded https://repo.scala-lang.org/artifactory/maven-nightlies/org/scalameta/common_2.12/4.13.8/common_2.12-4.13.8.pom.sha1
2026.07.13 14:24:51 INFO  Scala CLI: Downloading https://repo.scala-lang.org/artifactory/maven-nightlies/org/scala-sbt/zinc-persist-core-assembly/1.12.0/zinc-persist-core-assembly-1.12.0.pom
2026.07.13 14:24:51 INFO  Scala CLI: Downloaded https://repo.scala-lang.org/artifactory/maven-nightlies/org/scala-sbt/util-control_2.12/1.11.5/util-control_2.12-1.11.5.pom.sha1
2026.07.13 14:24:51 INFO  Scala CLI: Downloading https://repo.scala-lang.org/artifactory/maven-nightlies/org/scala-sbt/util-relation_2.12/1.11.5/util-relation_2.12-1.11.5.pom.sha1
2026.07.13 14:24:51 INFO  Scala CLI: Downloaded https://repo.scala-lang.org/artifactory/maven-nightlies/org/scala-sbt/util-cache_2.12/1.11.7/util-cache_2.12-1.11.7.pom
2026.07.13 14:24:51 INFO  Scala CLI: Downloading https://repo.scala-lang.org/artifactory/maven-nightlies/com/eed3si9n/gigahorse-apache-http_2.12/0.9.3/gigahorse-apache-http_2.12-0.9.3.pom.sha1
2026.07.13 14:24:51 INFO  Scala CLI: Downloaded https://repo.scala-lang.org/artifactory/maven-nightlies/org/scala-sbt/launcher-interface/1.5.2/launcher-interface-1.5.2.pom
2026.07.13 14:24:51 INFO  Scala CLI: Downloading https://repo.scala-lang.org/artifactory/maven-nightlies/org/scala-lang/scala-compiler/2.12.21/scala-compiler-2.12.21.pom
2026.07.13 14:24:51 INFO  Scala CLI: Downloaded https://repo.scala-lang.org/artifactory/maven-nightlies/com/github/mwiede/jsch/2.27.5/jsch-2.27.5.pom
2026.07.13 14:24:51 INFO  Scala CLI: Downloading https://repo.scala-lang.org/artifactory/maven-nightlies/org/scala-sbt/zinc-apiinfo_2.12/1.12.0/zinc-apiinfo_2.12-1.12.0.pom.sha1
2026.07.13 14:24:51 INFO  Scala CLI: Downloaded https://repo.scala-lang.org/artifactory/maven-nightlies/com/outr/perfolation_2.12/1.2.8/perfolation_2.12-1.2.8.pom
2026.07.13 14:24:51 INFO  Scala CLI: Downloading https://repo.scala-lang.org/artifactory/maven-nightlies/org/scala-sbt/util-logging_2.12/1.11.7/util-logging_2.12-1.11.7.pom.sha1
2026.07.13 14:24:51 INFO  Scala CLI: Downloaded https://repo.scala-lang.org/artifactory/maven-nightlies/org/scala-sbt/zinc-persist-core-assembly/1.12.0/zinc-persist-core-assembly-1.12.0.pom
2026.07.13 14:24:51 INFO  Scala CLI: Downloading https://repo.scala-lang.org/artifactory/maven-nightlies/org/scala-lang/modules/scala-xml_2.12/2.3.0/scala-xml_2.12-2.3.0.pom.sha1
2026.07.13 14:24:51 INFO  Scala CLI: Downloaded https://repo.scala-lang.org/artifactory/maven-nightlies/org/scala-sbt/util-relation_2.12/1.11.5/util-relation_2.12-1.11.5.pom.sha1
2026.07.13 14:24:51 INFO  Scala CLI: Downloading https://repo.scala-lang.org/artifactory/maven-nightlies/org/typelevel/macro-compat_2.12/1.1.1/macro-compat_2.12-1.1.1.pom.sha1
2026.07.13 14:24:51 INFO  Scala CLI: Downloaded https://repo.scala-lang.org/artifactory/maven-nightlies/org/scala-lang/scala-compiler/2.12.21/scala-compiler-2.12.21.pom
2026.07.13 14:24:51 INFO  Scala CLI: Downloading https://repo.scala-lang.org/artifactory/maven-nightlies/org/typelevel/cats-core_2.12/2.1.1/cats-core_2.12-2.1.1.pom.sha1
2026.07.13 14:24:51 INFO  Scala CLI: Downloaded https://repo.scala-lang.org/artifactory/maven-nightlies/com/eed3si9n/gigahorse-apache-http_2.12/0.9.3/gigahorse-apache-http_2.12-0.9.3.pom.sha1
2026.07.13 14:24:51 INFO  Scala CLI: Downloading https://repo.scala-lang.org/artifactory/maven-nightlies/org/scala-sbt/util-position_2.12/1.11.7/util-position_2.12-1.11.7.pom
2026.07.13 14:24:51 INFO  Scala CLI: Downloaded https://repo.scala-lang.org/artifactory/maven-nightlies/org/scala-sbt/zinc-apiinfo_2.12/1.12.0/zinc-apiinfo_2.12-1.12.0.pom.sha1
2026.07.13 14:24:51 INFO  Scala CLI: Downloading https://repo.scala-lang.org/artifactory/maven-nightlies/com/outr/moduload_2.12/1.1.5/moduload_2.12-1.1.5.pom.sha1
2026.07.13 14:24:51 INFO  Scala CLI: Downloaded https://repo.scala-lang.org/artifactory/maven-nightlies/org/scala-sbt/util-logging_2.12/1.11.7/util-logging_2.12-1.11.7.pom.sha1
2026.07.13 14:24:51 INFO  Scala CLI: Downloading https://repo.scala-lang.org/artifactory/maven-nightlies/org/scala-sbt/util-cache_2.12/1.11.7/util-cache_2.12-1.11.7.pom.sha1
2026.07.13 14:24:51 INFO  Scala CLI: Downloaded https://repo.scala-lang.org/artifactory/maven-nightlies/org/scala-lang/modules/scala-xml_2.12/2.3.0/scala-xml_2.12-2.3.0.pom.sha1
2026.07.13 14:24:51 INFO  Scala CLI: Downloading https://repo.scala-lang.org/artifactory/maven-nightlies/org/scala-sbt/launcher-interface/1.5.2/launcher-interface-1.5.2.pom.sha1
2026.07.13 14:24:51 INFO  Scala CLI: Downloaded https://repo.scala-lang.org/artifactory/maven-nightlies/org/typelevel/macro-compat_2.12/1.1.1/macro-compat_2.12-1.1.1.pom.sha1
2026.07.13 14:24:51 INFO  Scala CLI: Downloading https://repo.scala-lang.org/artifactory/maven-nightlies/com/github/mwiede/jsch/2.27.5/jsch-2.27.5.pom.sha1
2026.07.13 14:24:51 INFO  Scala CLI: Downloaded https://repo.scala-lang.org/artifactory/maven-nightlies/org/typelevel/cats-core_2.12/2.1.1/cats-core_2.12-2.1.1.pom.sha1
2026.07.13 14:24:51 INFO  Scala CLI: Downloading https://repo.scala-lang.org/artifactory/maven-nightlies/com/outr/perfolation_2.12/1.2.8/perfolation_2.12-1.2.8.pom.sha1
2026.07.13 14:24:51 INFO  Scala CLI: Downloaded https://repo.scala-lang.org/artifactory/maven-nightlies/org/scala-sbt/util-position_2.12/1.11.7/util-position_2.12-1.11.7.pom
2026.07.13 14:24:51 INFO  Scala CLI: Downloading https://repo.scala-lang.org/artifactory/maven-nightlies/org/scala-sbt/zinc-persist-core-assembly/1.12.0/zinc-persist-core-assembly-1.12.0.pom.sha1
2026.07.13 14:24:52 INFO  Scala CLI: Downloaded https://repo.scala-lang.org/artifactory/maven-nightlies/org/scala-sbt/util-cache_2.12/1.11.7/util-cache_2.12-1.11.7.pom.sha1
2026.07.13 14:24:52 INFO  Scala CLI: Downloading https://repo.scala-lang.org/artifactory/maven-nightlies/org/scala-lang/scala-compiler/2.12.21/scala-compiler-2.12.21.pom.sha1
2026.07.13 14:24:52 INFO  Scala CLI: Downloaded https://repo.scala-lang.org/artifactory/maven-nightlies/org/scala-sbt/launcher-interface/1.5.2/launcher-interface-1.5.2.pom.sha1
2026.07.13 14:24:52 INFO  Scala CLI: Downloading https://repo.scala-lang.org/artifactory/maven-nightlies/org/scala-sbt/util-position_2.12/1.11.7/util-position_2.12-1.11.7.pom.sha1
2026.07.13 14:24:52 INFO  Scala CLI: Downloaded https://repo.scala-lang.org/artifactory/maven-nightlies/com/github/mwiede/jsch/2.27.5/jsch-2.27.5.pom.sha1
2026.07.13 14:24:52 INFO  Scala CLI: Downloaded https://repo.scala-lang.org/artifactory/maven-nightlies/com/outr/perfolation_2.12/1.2.8/perfolation_2.12-1.2.8.pom.sha1
2026.07.13 14:24:52 INFO  Scala CLI: Downloaded https://repo.scala-lang.org/artifactory/maven-nightlies/org/scala-lang/scala-compiler/2.12.21/scala-compiler-2.12.21.pom.sha1
2026.07.13 14:24:52 INFO  Scala CLI: Downloaded https://repo.scala-lang.org/artifactory/maven-nightlies/org/scala-sbt/util-position_2.12/1.11.7/util-position_2.12-1.11.7.pom.sha1
2026.07.13 14:24:52 INFO  Scala CLI: Downloaded https://repo.scala-lang.org/artifactory/maven-nightlies/org/scala-sbt/zinc-persist-core-assembly/1.12.0/zinc-persist-core-assembly-1.12.0.pom.sha1
2026.07.13 14:25:18 ERROR Timeout waiting for 'build/initialize' response
2026.07.13 14:25:18 WARN  Retrying connection to the build server Scala CLI
2026.07.13 14:25:18 INFO  Running List(/nfs/home/yanglucheng/.cache/coursier/arc/https/github.com/adoptium/temurin17-binaries/releases/download/jdk-17.0.19%252B10/OpenJDK17U-jdk_x64_linux_hotspot_17.0.19_10.tar.gz/jdk-17.0.19+10/bin/java, -cp, /nfs/home/yanglucheng/.cache/coursier/v1/https/repo1.maven.org/maven2/org/virtuslab/scala-cli/cli_3/1.12.4/cli_3-1.12.4.jar:/nfs/home/yanglucheng/.cache/coursier/v1/https/repo1.maven.org/maven2/com/github/alexarchambault/case-app_3/2.1.0/case-app_3-2.1.0.jar:/nfs/home/yanglucheng/.cache/coursier/v1/https/repo1.maven.org/maven2/io/get-coursier/coursier-launcher_2.13/2.1.25-M23/coursier-launcher_2.13-2.1.25-M23.jar:/nfs/home/yanglucheng/.cache/coursier/v1/https/repo1.maven.org/maven2/io/get-coursier/coursier-proxy-setup/2.1.25-M23/coursier-proxy-setup-2.1.25-M23.jar:/nfs/home/yanglucheng/.cache/coursier/v1/https/repo1.maven.org/maven2/io/get-coursier/publish/publish_3/0.4.4/publish_3-0.4.4.jar:/nfs/home/yanglucheng/.cache/coursier/v1/https/repo1.maven.org/maven2/com/google/jimfs/jimfs/1.3.1/jimfs-1.3.1.jar:/nfs/home/yanglucheng/.cache/coursier/v1/https/repo1.maven.org/maven2/io/get-coursier/jniutils/windows-jni-utils/0.3.3/windows-jni-utils-0.3.3.jar:/nfs/home/yanglucheng/.cache/coursier/v1/https/repo1.maven.org/maven2/com/github/plokhotnyuk/jsoniter-scala/jsoniter-scala-core_3/2.38.8/jsoniter-scala-core_3-2.38.8.jar:/nfs/home/yanglucheng/.cache/coursier/v1/https/repo1.maven.org/maven2/org/virtuslab/scala-cli/libsodiumjni/0.0.4/libsodiumjni-0.0.4.jar:/nfs/home/yanglucheng/.cache/coursier/v1/https/repo1.maven.org/maven2/org/scalameta/metaconfig-typesafe-config_3/0.18.2/metaconfig-typesafe-config_3-0.18.2.jar:/nfs/home/yanglucheng/.cache/coursier/v1/https/repo1.maven.org/maven2/ai/kien/python-native-libs_3/0.2.5/python-native-libs_3-0.2.5.jar:/nfs/home/yanglucheng/.cache/coursier/v1/https/repo1.maven.org/maven2/org/virtuslab/scala-packager_3/0.2.1/scala-packager_3-0.2.1.jar:/nfs/home/yanglucheng/.cache/coursier/v1/https/repo1.maven.org/maven2/org/virtuslab/scala-cli-signing/cli_3/0.2.13/cli_3-0.2.13.jar:/nfs/home/yanglucheng/.cache/coursier/v1/https/repo1.maven.org/maven2/org/slf4j/slf4j-nop/2.0.17/slf4j-nop-2.0.17.jar:/nfs/home/yanglucheng/.cache/coursier/v1/https/repo1.maven.org/maven2/com/softwaremill/sttp/client3/core_3/3.11.0/core_3-3.11.0.jar:/nfs/home/yanglucheng/.cache/coursier/v1/https/repo1.maven.org/maven2/ch/epfl/scala/scalafix-interfaces/0.14.5/scalafix-interfaces-0.14.5.jar:/nfs/home/yanglucheng/.cache/coursier/v1/https/repo1.maven.org/maven2/org/virtuslab/scala-cli/scala3-graal_3/1.9.1/scala3-graal_3-1.9.1.jar:/nfs/home/yanglucheng/.cache/coursier/v1/https/repo1.maven.org/maven2/org/virtuslab/scala-cli/scala3-graal-processor_3/1.9.1/scala3-graal-processor_3-1.9.1.jar:/nfs/home/yanglucheng/.cache/coursier/v1/https/repo1.maven.org/maven2/org/scala-lang/scala3-library_3/3.3.7/scala3-library_3-3.3.7.jar:/nfs/home/yanglucheng/.cache/coursier/v1/https/repo1.maven.org/maven2/org/virtuslab/scala-cli/build-module_3/1.12.4/build-module_3-1.12.4.jar:/nfs/home/yanglucheng/.cache/coursier/v1/https/repo1.maven.org/maven2/org/virtuslab/scala-cli/config_3/1.12.4/config_3-1.12.4.jar:/nfs/home/yanglucheng/.cache/coursier/v1/https/repo1.maven.org/maven2/org/virtuslab/scala-cli/specification-level_3/1.12.4/specification-level_3-1.12.4.jar:/nfs/home/yanglucheng/.cache/coursier/v1/https/repo1.maven.org/maven2/com/lihaoyi/sourcecode_3/0.4.3-M5/sourcecode_3-0.4.3-M5.jar:/nfs/home/yanglucheng/.cache/coursier/v1/https/repo1.maven.org/maven2/com/github/alexarchambault/case-app-annotations_3/2.1.0/case-app-annotations_3-2.1.0.jar:/nfs/home/yanglucheng/.cache/coursier/v1/https/repo1.maven.org/maven2/com/github/alexarchambault/case-app-util_3/2.1.0/case-app-util_3-2.1.0.jar:/nfs/home/yanglucheng/.cache/coursier/v1/https/repo1.maven.org/maven2/io/github/alexarchambault/scala-cli/tmp/zip-input-stream/0.1.1/zip-input-stream-0.1.1.jar:/nfs/home/yanglucheng/.cache/coursier/v1/https/repo1.maven.org/maven2/org/scala-lang/scala-library/2.13.18/scala-library-2.13.18.jar:/nfs/home/yanglucheng/.cache/coursier/v1/https/repo1.maven.org/maven2/io/get-coursier/coursier-cache_2.13/2.1.25-M23/coursier-cache_2.13-2.1.25-M23.jar:/nfs/home/yanglucheng/.cache/coursier/v1/https/repo1.maven.org/maven2/io/get-coursier/coursier-core_2.13/2.1.25-M23/coursier-core_2.13-2.1.25-M23.jar:/nfs/home/yanglucheng/.cache/coursier/v1/https/repo1.maven.org/maven2/com/google/guava/guava/33.5.0-jre/guava-33.5.0-jre.jar:/nfs/home/yanglucheng/.cache/coursier/v1/https/repo1.maven.org/maven2/net/java/dev/jna/jna/5.17.0/jna-5.17.0.jar:/nfs/home/yanglucheng/.cache/coursier/v1/https/repo1.maven.org/maven2/net/java/dev/jna/jna-platform/5.12.1/jna-platform-5.12.1.jar:/nfs/home/yanglucheng/.cache/coursier/v1/https/repo1.maven.org/maven2/org/scalameta/metaconfig-core_3/0.18.2/metaconfig-core_3-0.18.2.jar:/nfs/home/yanglucheng/.cache/coursier/v1/https/repo1.maven.org/maven2/com/typesafe/config/1.4.5/config-1.4.5.jar:/nfs/home/yanglucheng/.cache/coursier/v1/https/repo1.maven.org/maven2/org/scala-lang/modules/scala-collection-compat_3/2.14.0/scala-collection-compat_3-2.14.0.jar:/nfs/home/yanglucheng/.cache/coursier/v1/https/repo1.maven.org/maven2/commons-io/commons-io/2.20.0/commons-io-2.20.0.jar:/nfs/home/yanglucheng/.cache/coursier/v1/https/repo1.maven.org/maven2/com/google/cloud/tools/jib-core/0.27.3/jib-core-0.27.3.jar:/nfs/home/yanglucheng/.cache/coursier/v1/https/repo1.maven.org/maven2/com/lihaoyi/os-lib_3/0.11.8/os-lib_3-0.11.8.jar:/nfs/home/yanglucheng/.cache/coursier/v1/https/repo1.maven.org/maven2/org/bouncycastle/bcpg-jdk18on/1.83/bcpg-jdk18on-1.83.jar:/nfs/home/yanglucheng/.cache/coursier/v1/https/repo1.maven.org/maven2/org/bouncycastle/bcutil-jdk18on/1.83/bcutil-jdk18on-1.83.jar:/nfs/home/yanglucheng/.cache/coursier/v1/https/repo1.maven.org/maven2/org/virtuslab/scala-cli-signing/shared_3/0.2.13/shared_3-0.2.13.jar:/nfs/home/yanglucheng/.cache/coursier/v1/https/repo1.maven.org/maven2/org/slf4j/slf4j-api/2.0.17/slf4j-api-2.0.17.jar:/nfs/home/yanglucheng/.cache/coursier/v1/https/repo1.maven.org/maven2/com/softwaremill/sttp/model/core_3/1.7.11/core_3-1.7.11.jar:/nfs/home/yanglucheng/.cache/coursier/v1/https/repo1.maven.org/maven2/com/softwaremill/sttp/shared/core_3/1.3.22/core_3-1.3.22.jar:/nfs/home/yanglucheng/.cache/coursier/v1/https/repo1.maven.org/maven2/com/softwaremill/sttp/shared/ws_3/1.3.22/ws_3-1.3.22.jar:/nfs/home/yanglucheng/.cache/coursier/v1/https/repo1.maven.org/maven2/io/get-coursier/interface/1.0.28/interface-1.0.28.jar:/nfs/home/yanglucheng/.cache/coursier/v1/https/repo1.maven.org/maven2/org/ow2/asm/asm/9.9.1/asm-9.9.1.jar:/nfs/home/yanglucheng/.cache/coursier/v1/https/repo1.maven.org/maven2/org/virtuslab/scala-cli/java-class-name/java-class-name_3/0.1.9/java-class-name_3-0.1.9.jar:/nfs/home/yanglucheng/.cache/coursier/v1/https/repo1.maven.org/maven2/org/scalameta/semanticdb-shared_2.13/4.15.2/semanticdb-shared_2.13-4.15.2.jar:/nfs/home/yanglucheng/.cache/coursier/v1/https/repo1.maven.org/maven2/org/scala-native/test-runner_3/0.5.10/test-runner_3-0.5.10.jar:/nfs/home/yanglucheng/.cache/coursier/v1/https/repo1.maven.org/maven2/com/lihaoyi/pprint_3/0.9.5/pprint_3-0.9.5.jar:/nfs/home/yanglucheng/.cache/coursier/v1/https/repo1.maven.org/maven2/org/scala-js/scalajs-env-nodejs_3/1.5.0/scalajs-env-nodejs_3-1.5.0.jar:/nfs/home/yanglucheng/.cache/coursier/v1/https/repo1.maven.org/maven2/org/scala-js/scalajs-sbt-test-adapter_2.13/1.20.2/scalajs-sbt-test-adapter_2.13-1.20.2.jar:/nfs/home/yanglucheng/.cache/coursier/v1/https/repo1.maven.org/maven2/com/swoval/file-tree-views/2.1.12/file-tree-views-2.1.12.jar:/nfs/home/yanglucheng/.cache/coursier/v1/https/repo1.maven.org/maven2/org/virtuslab/scala-cli/zip-input-stream/zip-input-stream/0.1.3/zip-input-stream-0.1.3.jar:/nfs/home/yanglucheng/.cache/coursier/v1/https/repo1.maven.org/maven2/org/virtuslab/scala-cli/options_3/1.12.4/options_3-1.12.4.jar:/nfs/home/yanglucheng/.cache/coursier/v1/https/repo1.maven.org/maven2/org/virtuslab/scala-cli/directives_3/1.12.4/directives_3-1.12.4.jar:/nfs/home/yanglucheng/.cache/coursier/v1/https/repo1.maven.org/maven2/org/virtuslab/scala-cli/scala-cli-bsp/1.12.4/scala-cli-bsp-1.12.4.jar:/nfs/home/yanglucheng/.cache/coursier/v1/https/repo1.maven.org/maven2/org/virtuslab/scala-cli/test-runner_3/1.12.4/test-runner_3-1.12.4.jar:/nfs/home/yanglucheng/.cache/coursier/v1/https/repo1.maven.org/maven2/org/virtuslab/scala-cli/tasty-lib_3/1.12.4/tasty-lib_3-1.12.4.jar:/nfs/home/yanglucheng/.cache/coursier/v1/https/repo1.maven.org/maven2/io/github/alexarchambault/windows-ansi/windows-ansi/0.0.6/windows-ansi-0.0.6.jar:/nfs/home/yanglucheng/.cache/coursier/v1/https/repo1.maven.org/maven2/io/get-coursier/cache-util/2.1.25-M23/cache-util-2.1.25-M23.jar:/nfs/home/yanglucheng/.cache/coursier/v1/https/repo1.maven.org/maven2/io/get-coursier/coursier-paths/2.1.25-M23/coursier-paths-2.1.25-M23.jar:/nfs/home/yanglucheng/.cache/coursier/v1/https/repo1.maven.org/maven2/io/get-coursier/coursier-util_2.13/2.1.25-M23/coursier-util_2.13-2.1.25-M23.jar:/nfs/home/yanglucheng/.cache/coursier/v1/https/repo1.maven.org/maven2/io/get-coursier/versions_2.13/0.5.1/versions_2.13-0.5.1.jar:/nfs/home/yanglucheng/.cache/coursier/v1/https/repo1.maven.org/maven2/io/github/alexarchambault/concurrent-reference-hash-map/1.1.0/concurrent-reference-hash-map-1.1.0.jar:/nfs/home/yanglucheng/.cache/coursier/v1/https/repo1.maven.org/maven2/org/scala-lang/modules/scala-xml_2.13/2.4.0/scala-xml_2.13-2.4.0.jar:/nfs/home/yanglucheng/.cache/coursier/v1/https/repo1.maven.org/maven2/com/google/guava/failureaccess/1.0.3/failureaccess-1.0.3.jar:/nfs/home/yanglucheng/.cache/coursier/v1/https/repo1.maven.org/maven2/com/google/guava/listenablefuture/9999.0-empty-to-avoid-conflict-with-guava/listenablefuture-9999.0-empty-to-avoid-conflict-with-guava.jar:/nfs/home/yanglucheng/.cache/coursier/v1/https/repo1.maven.org/maven2/org/jspecify/jspecify/1.0.0/jspecify-1.0.0.jar:/nfs/home/yanglucheng/.cache/coursier/v1/https/repo1.maven.org/maven2/com/google/errorprone/error_prone_annotations/2.41.0/error_prone_annotations-2.41.0.jar:/nfs/home/yanglucheng/.cache/coursier/v1/https/repo1.maven.org/maven2/com/google/j2objc/j2objc-annotations/3.1/j2objc-annotations-3.1.jar:/nfs/home/yanglucheng/.cache/coursier/v1/https/repo1.maven.org/maven2/org/scalameta/metaconfig-pprint_3/0.18.2/metaconfig-pprint_3-0.18.2.jar:/nfs/home/yanglucheng/.cache/coursier/v1/https/repo1.maven.org/maven2/org/typelevel/paiges-core_3/0.4.4/paiges-core_3-0.4.4.jar:/nfs/home/yanglucheng/.cache/coursier/v1/https/repo1.maven.org/maven2/org/scala-lang/scala-reflect/2.13.18/scala-reflect-2.13.18.jar:/nfs/home/yanglucheng/.cache/coursier/v1/https/repo1.maven.org/maven2/com/google/cloud/tools/jib-build-plan/0.4.0/jib-build-plan-0.4.0.jar:/nfs/home/yanglucheng/.cache/coursier/v1/https/repo1.maven.org/maven2/com/google/http-client/google-http-client/1.42.2/google-http-client-1.42.2.jar:/nfs/home/yanglucheng/.cache/coursier/v1/https/repo1.maven.org/maven2/com/google/http-client/google-http-client-apache-v2/1.42.2/google-http-client-apache-v2-1.42.2.jar:/nfs/home/yanglucheng/.cache/coursier/v1/https/repo1.maven.org/maven2/com/google/auth/google-auth-library-oauth2-http/1.10.0/google-auth-library-oauth2-http-1.10.0.jar:/nfs/home/yanglucheng/.cache/coursier/v1/https/repo1.maven.org/maven2/org/apache/commons/commons-compress/1.28.0/commons-compress-1.28.0.jar:/nfs/home/yanglucheng/.cache/coursier/v1/https/repo1.maven.org/maven2/com/fasterxml/jackson/core/jackson-databind/2.15.2/jackson-databind-2.15.2.jar:/nfs/home/yanglucheng/.cache/coursier/v1/https/repo1.maven.org/maven2/com/fasterxml/jackson/datatype/jackson-datatype-jsr310/2.15.2/jackson-datatype-jsr310-2.15.2.jar:/nfs/home/yanglucheng/.cache/coursier/v1/https/repo1.maven.org/maven2/com/lihaoyi/geny_3/1.1.1/geny_3-1.1.1.jar:/nfs/home/yanglucheng/.cache/coursier/v1/https/repo1.maven.org/maven2/com/lihaoyi/os-zip/0.11.8/os-zip-0.11.8.jar:/nfs/home/yanglucheng/.cache/coursier/v1/https/repo1.maven.org/maven2/org/bouncycastle/bcprov-jdk18on/1.83/bcprov-jdk18on-1.83.jar:/nfs/home/yanglucheng/.cache/coursier/v1/https/repo1.maven.org/maven2/org/jline/jline-terminal-jni/3.25.0/jline-terminal-jni-3.25.0.jar:/nfs/home/yanglucheng/.cache/coursier/v1/https/repo1.maven.org/maven2/org/jline/jline-native/3.25.0/jline-native-3.25.0.jar:/nfs/home/yanglucheng/.cache/coursier/v1/https/repo1.maven.org/maven2/org/scala-lang/scala3-compiler_3/3.3.7/scala3-compiler_3-3.3.7.jar:/nfs/home/yanglucheng/.cache/coursier/v1/https/repo1.maven.org/maven2/org/scalameta/scalameta_2.13/4.15.2/scalameta_2.13-4.15.2.jar:/nfs/home/yanglucheng/.cache/coursier/v1/https/repo1.maven.org/maven2/org/scala-lang/scalap/2.13.15/scalap-2.13.15.jar:/nfs/home/yanglucheng/.cache/coursier/v1/https/repo1.maven.org/maven2/com/thesamet/scalapb/scalapb-runtime_2.13/0.11.17/scalapb-runtime_2.13-0.11.17.jar:/nfs/home/yanglucheng/.cache/coursier/v1/https/repo1.maven.org/maven2/org/scala-native/tools_3/0.5.10/tools_3-0.5.10.jar:/nfs/home/yanglucheng/.cache/coursier/v1/https/repo1.maven.org/maven2/org/scala-sbt/test-interface/1.0/test-interface-1.0.jar:/nfs/home/yanglucheng/.cache/coursier/v1/https/repo1.maven.org/maven2/com/lihaoyi/fansi_3/0.5.1/fansi_3-0.5.1.jar:/nfs/home/yanglucheng/.cache/coursier/v1/https/repo1.maven.org/maven2/org/scala-js/scalajs-js-envs_3/1.5.0/scalajs-js-envs_3-1.5.0.jar:/nfs/home/yanglucheng/.cache/coursier/v1/https/repo1.maven.org/maven2/ch/epfl/scala/bloop-config_2.13/2.3.3/bloop-config_2.13-2.3.3.jar:/nfs/home/yanglucheng/.cache/coursier/v1/https/repo1.maven.org/maven2/org/virtuslab/scala-cli/core_3/1.12.4/core_3-1.12.4.jar:/nfs/home/yanglucheng/.cache/coursier/v1/https/repo1.maven.org/maven2/org/virtuslab/using_directives/1.1.4/using_directives-1.1.4.jar:/nfs/home/yanglucheng/.cache/coursier/v1/https/repo1.maven.org/maven2/org/virtuslab/scala-cli/build-macros_3/1.12.4/build-macros_3-1.12.4.jar:/nfs/home/yanglucheng/.cache/coursier/v1/https/repo1.maven.org/maven2/ch/epfl/scala/bsp4j/2.1.1/bsp4j-2.1.1.jar:/nfs/home/yanglucheng/.cache/coursier/v1/https/repo1.maven.org/maven2/org/fusesource/jansi/jansi/2.4.1/jansi-2.4.1.jar:/nfs/home/yanglucheng/.cache/coursier/v1/https/repo1.maven.org/maven2/io/github/alexarchambault/is-terminal/0.1.2/is-terminal-0.1.2.jar:/nfs/home/yanglucheng/.cache/coursier/v1/https/repo1.maven.org/maven2/org/apache/httpcomponents/httpclient/4.5.13/httpclient-4.5.13.jar:/nfs/home/yanglucheng/.cache/coursier/v1/https/repo1.maven.org/maven2/org/apache/httpcomponents/httpcore/4.4.15/httpcore-4.4.15.jar:/nfs/home/yanglucheng/.cache/coursier/v1/https/repo1.maven.org/maven2/com/google/code/findbugs/jsr305/3.0.2/jsr305-3.0.2.jar:/nfs/home/yanglucheng/.cache/coursier/v1/https/repo1.maven.org/maven2/io/opencensus/opencensus-api/0.31.1/opencensus-api-0.31.1.jar:/nfs/home/yanglucheng/.cache/coursier/v1/https/repo1.maven.org/maven2/io/opencensus/opencensus-contrib-http-util/0.31.1/opencensus-contrib-http-util-0.31.1.jar:/nfs/home/yanglucheng/.cache/coursier/v1/https/repo1.maven.org/maven2/com/google/auto/value/auto-value-annotations/1.9/auto-value-annotations-1.9.jar:/nfs/home/yanglucheng/.cache/coursier/v1/https/repo1.maven.org/maven2/com/google/auth/google-auth-library-credentials/1.10.0/google-auth-library-credentials-1.10.0.jar:/nfs/home/yanglucheng/.cache/coursier/v1/https/repo1.maven.org/maven2/com/google/http-client/google-http-client-gson/1.42.2/google-http-client-gson-1.42.2.jar:/nfs/home/yanglucheng/.cache/coursier/v1/https/repo1.maven.org/maven2/commons-codec/commons-codec/1.20.0/commons-codec-1.20.0.jar:/nfs/home/yanglucheng/.cache/coursier/v1/https/repo1.maven.org/maven2/org/apache/commons/commons-lang3/3.18.0/commons-lang3-3.18.0.jar:/nfs/home/yanglucheng/.cache/coursier/v1/https/repo1.maven.org/maven2/com/fasterxml/jackson/core/jackson-annotations/2.15.2/jackson-annotations-2.15.2.jar:/nfs/home/yanglucheng/.cache/coursier/v1/https/repo1.maven.org/maven2/com/fasterxml/jackson/core/jackson-core/2.15.2/jackson-core-2.15.2.jar:/nfs/home/yanglucheng/.cache/coursier/v1/https/repo1.maven.org/maven2/org/scala-lang/scala3-interfaces/3.3.7/scala3-interfaces-3.3.7.jar:/nfs/home/yanglucheng/.cache/coursier/v1/https/repo1.maven.org/maven2/org/scala-lang/tasty-core_3/3.3.7/tasty-core_3-3.3.7.jar:/nfs/home/yanglucheng/.cache/coursier/v1/https/repo1.maven.org/maven2/org/scala-lang/modules/scala-asm/9.8.0-scala-1/scala-asm-9.8.0-scala-1.jar:/nfs/home/yanglucheng/.cache/coursier/v1/https/repo1.maven.org/maven2/org/scala-sbt/compiler-interface/1.10.7/compiler-interface-1.10.7.jar:/nfs/home/yanglucheng/.cache/coursier/v1/https/repo1.maven.org/maven2/org/scalameta/parsers_2.13/4.15.2/parsers_2.13-4.15.2.jar:/nfs/home/yanglucheng/.cache/coursier/v1/https/repo1.maven.org/maven2/org/scala-lang/scala-compiler/2.13.15/scala-compiler-2.13.15.jar:/nfs/home/yanglucheng/.cache/coursier/v1/https/repo1.maven.org/maven2/com/thesamet/scalapb/lenses_2.13/0.11.17/lenses_2.13-0.11.17.jar:/nfs/home/yanglucheng/.cache/coursier/v1/https/repo1.maven.org/maven2/com/google/protobuf/protobuf-java/3.19.6/protobuf-java-3.19.6.jar:/nfs/home/yanglucheng/.cache/coursier/v1/https/repo1.maven.org/maven2/org/scala-native/nir_3/0.5.10/nir_3-0.5.10.jar:/nfs/home/yanglucheng/.cache/coursier/v1/https/repo1.maven.org/maven2/org/scala-native/util_3/0.5.10/util_3-0.5.10.jar:/nfs/home/yanglucheng/.cache/coursier/v1/https/repo1.maven.org/maven2/org/scala-js/scalajs-logging_3/1.2.0/scalajs-logging_3-1.2.0.jar:/nfs/home/yanglucheng/.cache/coursier/v1/https/repo1.maven.org/maven2/com/lihaoyi/unroll-annotation_2.13/0.1.12/unroll-annotation_2.13-0.1.12.jar:/nfs/home/yanglucheng/.cache/coursier/v1/https/repo1.maven.org/maven2/ch/epfl/scala/bloop-rifle_2.13/2.0.19/bloop-rifle_2.13-2.0.19.jar:/nfs/home/yanglucheng/.cache/coursier/v1/https/repo1.maven.org/maven2/io/get-coursier/coursier-jvm_2.13/2.1.25-M23/coursier-jvm_2.13-2.1.25-M23.jar:/nfs/home/yanglucheng/.cache/coursier/v1/https/repo1.maven.org/maven2/io/get-coursier/dependency_3/0.3.2/dependency_3-0.3.2.jar:/nfs/home/yanglucheng/.cache/coursier/v1/https/repo1.maven.org/maven2/org/eclipse/jgit/org.eclipse.jgit/7.5.0.202512021534-r/org.eclipse.jgit-7.5.0.202512021534-r.jar:/nfs/home/yanglucheng/.cache/coursier/v1/https/repo1.maven.org/maven2/org/scala-js/scalajs-env-jsdom-nodejs_2.13/1.1.1/scalajs-env-jsdom-nodejs_2.13-1.1.1.jar:/nfs/home/yanglucheng/.cache/coursier/v1/https/repo1.maven.org/maven2/org/eclipse/lsp4j/org.eclipse.lsp4j.generator/0.20.1/org.eclipse.lsp4j.generator-0.20.1.jar:/nfs/home/yanglucheng/.cache/coursier/v1/https/repo1.maven.org/maven2/org/eclipse/lsp4j/org.eclipse.lsp4j.jsonrpc/0.20.1/org.eclipse.lsp4j.jsonrpc-0.20.1.jar:/nfs/home/yanglucheng/.cache/coursier/v1/https/repo1.maven.org/maven2/commons-logging/commons-logging/1.2/commons-logging-1.2.jar:/nfs/home/yanglucheng/.cache/coursier/v1/https/repo1.maven.org/maven2/io/grpc/grpc-context/1.27.2/grpc-context-1.27.2.jar:/nfs/home/yanglucheng/.cache/coursier/v1/https/repo1.maven.org/maven2/com/google/code/gson/gson/2.10.1/gson-2.10.1.jar:/nfs/home/yanglucheng/.cache/coursier/v1/https/repo1.maven.org/maven2/org/scala-sbt/util-interface/1.10.7/util-interface-1.10.7.jar:/nfs/home/yanglucheng/.cache/coursier/v1/https/repo1.maven.org/maven2/org/scalameta/trees_2.13/4.15.2/trees_2.13-4.15.2.jar:/nfs/home/yanglucheng/.cache/coursier/v1/https/repo1.maven.org/maven2/io/github/java-diff-utils/java-diff-utils/4.12/java-diff-utils-4.12.jar:/nfs/home/yanglucheng/.cache/coursier/v1/https/repo1.maven.org/maven2/ch/epfl/scala/libdaemon_2.13/0.0.12/libdaemon_2.13-0.0.12.jar:/nfs/home/yanglucheng/.cache/coursier/v1/https/repo1.maven.org/maven2/io/github/alexarchambault/scala-cli/snailgun/snailgun-core_2.13/0.4.1-sc2/snailgun-core_2.13-0.4.1-sc2.jar:/nfs/home/yanglucheng/.cache/coursier/v1/https/repo1.maven.org/maven2/io/get-coursier/coursier_2.13/2.1.25-M23/coursier_2.13-2.1.25-M23.jar:/nfs/home/yanglucheng/.cache/coursier/v1/https/repo1.maven.org/maven2/io/get-coursier/coursier-archive-cache_2.13/2.1.25-M23/coursier-archive-cache_2.13-2.1.25-M23.jar:/nfs/home/yanglucheng/.cache/coursier/v1/https/repo1.maven.org/maven2/io/get-coursier/coursier-env_2.13/2.1.25-M23/coursier-env_2.13-2.1.25-M23.jar:/nfs/home/yanglucheng/.cache/coursier/v1/https/repo1.maven.org/maven2/io/get-coursier/coursier-exec/2.1.25-M23/coursier-exec-2.1.25-M23.jar:/nfs/home/yanglucheng/.cache/coursier/v1/https/repo1.maven.org/maven2/com/googlecode/javaewah/JavaEWAH/1.2.3/JavaEWAH-1.2.3.jar:/nfs/home/yanglucheng/.cache/coursier/v1/https/repo1.maven.org/maven2/org/eclipse/xtend/org.eclipse.xtend.lib/2.28.0/org.eclipse.xtend.lib-2.28.0.jar:/nfs/home/yanglucheng/.cache/coursier/v1/https/repo1.maven.org/maven2/org/scalameta/common_2.13/4.15.2/common_2.13-4.15.2.jar:/nfs/home/yanglucheng/.cache/coursier/v1/https/repo1.maven.org/maven2/org/scalameta/io_2.13/4.15.2/io_2.13-4.15.2.jar:/nfs/home/yanglucheng/.cache/coursier/v1/https/repo1.maven.org/maven2/org/codehaus/plexus/plexus-archiver/4.10.1/plexus-archiver-4.10.1.jar:/nfs/home/yanglucheng/.cache/coursier/v1/https/repo1.maven.org/maven2/org/codehaus/plexus/plexus-container-default/2.1.1/plexus-container-default-2.1.1.jar:/nfs/home/yanglucheng/.cache/coursier/v1/https/repo1.maven.org/maven2/org/apache/tika/tika-core/3.2.3/tika-core-3.2.3.jar:/nfs/home/yanglucheng/.cache/coursier/v1/https/repo1.maven.org/maven2/com/github/luben/zstd-jni/1.5.7-4/zstd-jni-1.5.7-4.jar:/nfs/home/yanglucheng/.cache/coursier/v1/https/repo1.maven.org/maven2/org/eclipse/xtext/org.eclipse.xtext.xbase.lib/2.28.0/org.eclipse.xtext.xbase.lib-2.28.0.jar:/nfs/home/yanglucheng/.cache/coursier/v1/https/repo1.maven.org/maven2/org/eclipse/xtend/org.eclipse.xtend.lib.macro/2.28.0/org.eclipse.xtend.lib.macro-2.28.0.jar:/nfs/home/yanglucheng/.cache/coursier/v1/https/repo1.maven.org/maven2/javax/inject/javax.inject/1/javax.inject-1.jar:/nfs/home/yanglucheng/.cache/coursier/v1/https/repo1.maven.org/maven2/org/codehaus/plexus/plexus-utils/4.0.2/plexus-utils-4.0.2.jar:/nfs/home/yanglucheng/.cache/coursier/v1/https/repo1.maven.org/maven2/org/codehaus/plexus/plexus-io/3.5.1/plexus-io-3.5.1.jar:/nfs/home/yanglucheng/.cache/coursier/v1/https/repo1.maven.org/maven2/io/airlift/aircompressor/0.27/aircompressor-0.27.jar:/nfs/home/yanglucheng/.cache/coursier/v1/https/repo1.maven.org/maven2/org/tukaani/xz/1.10/xz-1.10.jar:/nfs/home/yanglucheng/.cache/coursier/v1/https/repo1.maven.org/maven2/org/codehaus/plexus/plexus-classworlds/2.6.0/plexus-classworlds-2.6.0.jar:/nfs/home/yanglucheng/.cache/coursier/v1/https/repo1.maven.org/maven2/org/apache/xbean/xbean-reflect/3.7/xbean-reflect-3.7.jar, scala.cli.ScalaCli, bsp, --workspace, /tmp/metals-scala-cli16284561289389547191, --semantic-db-source-root, /nfs/home/yanglucheng/workspace/CodeReading/AxiInfra/src/main/scala/xs/infra/axi, /nfs/home/yanglucheng/workspace/CodeReading/AxiInfra/src/main/scala/xs/infra/axi/AxiReorder.scala)
2026.07.13 14:25:18 INFO  tracing is disabled for protocol BSP, to enable tracing of incoming and outgoing JSON messages create an empty file at /nfs/home/yanglucheng/workspace/CodeReading/AxiInfra/src/main/scala/xs/infra/axi/.metals/bsp.trace.json or /nfs/home/yanglucheng/.cache/metals/bsp.trace.json
2026.07.13 14:25:21 INFO  Scala CLI: Downloading https://central.sonatype.com/repository/maven-snapshots/com/google/errorprone/error_prone_parent/2.38.0/error_prone_parent-2.38.0.pom
2026.07.13 14:25:23 INFO  Scala CLI: Failed to download https://central.sonatype.com/repository/maven-snapshots/com/google/errorprone/error_prone_parent/2.38.0/error_prone_parent-2.38.0.pom
2026.07.13 14:25:23 INFO  Scala CLI: Downloading https://central.sonatype.com/repository/maven-snapshots/com/google/errorprone/error_prone_parent/2.38.0/error_prone_parent-2.38.0.pom.sha1
2026.07.13 14:25:23 INFO  Scala CLI: Failed to download https://central.sonatype.com/repository/maven-snapshots/com/google/errorprone/error_prone_parent/2.38.0/error_prone_parent-2.38.0.pom.sha1
2026.07.13 14:25:23 INFO  Scala CLI: Downloading https://repo.scala-lang.org/artifactory/maven-nightlies/com/google/errorprone/error_prone_parent/2.38.0/error_prone_parent-2.38.0.pom
2026.07.13 14:25:25 INFO  Scala CLI: Downloaded https://repo.scala-lang.org/artifactory/maven-nightlies/com/google/errorprone/error_prone_parent/2.38.0/error_prone_parent-2.38.0.pom
2026.07.13 14:25:25 INFO  Scala CLI: Downloading https://repo.scala-lang.org/artifactory/maven-nightlies/com/google/errorprone/error_prone_parent/2.38.0/error_prone_parent-2.38.0.pom.sha1
2026.07.13 14:25:25 INFO  Scala CLI: Downloaded https://repo.scala-lang.org/artifactory/maven-nightlies/com/google/errorprone/error_prone_parent/2.38.0/error_prone_parent-2.38.0.pom.sha1
2026.07.13 14:25:25 INFO  Scala CLI: Downloading https://central.sonatype.com/repository/maven-snapshots/org/jline/jline-native/3.27.1/jline-native-3.27.1.pom
2026.07.13 14:25:25 INFO  Scala CLI: Downloading https://central.sonatype.com/repository/maven-snapshots/com/eed3si9n/shaded-apache-httpclient5/0.9.3/shaded-apache-httpclient5-0.9.3.pom
2026.07.13 14:25:25 INFO  Scala CLI: Downloading https://central.sonatype.com/repository/maven-snapshots/com/eed3si9n/gigahorse-core_2.12/0.9.3/gigahorse-core_2.12-0.9.3.pom
2026.07.13 14:25:25 INFO  Scala CLI: Downloading https://central.sonatype.com/repository/maven-snapshots/com/eed3si9n/sjson-new-murmurhash_2.12/0.10.1/sjson-new-murmurhash_2.12-0.10.1.pom
2026.07.13 14:25:25 INFO  Scala CLI: Downloading https://central.sonatype.com/repository/maven-snapshots/org/typelevel/cats-macros_2.12/2.1.1/cats-macros_2.12-2.1.1.pom
2026.07.13 14:25:25 INFO  Scala CLI: Downloading https://central.sonatype.com/repository/maven-snapshots/org/typelevel/cats-kernel_2.12/2.1.1/cats-kernel_2.12-2.1.1.pom
2026.07.13 14:25:25 INFO  Scala CLI: Failed to download https://central.sonatype.com/repository/maven-snapshots/com/eed3si9n/gigahorse-core_2.12/0.9.3/gigahorse-core_2.12-0.9.3.pom
2026.07.13 14:25:25 INFO  Scala CLI: Downloading https://central.sonatype.com/repository/maven-snapshots/org/scala-sbt/util-interface/1.11.7/util-interface-1.11.7.pom
2026.07.13 14:25:27 INFO  Scala CLI: Failed to download https://central.sonatype.com/repository/maven-snapshots/org/typelevel/cats-macros_2.12/2.1.1/cats-macros_2.12-2.1.1.pom
2026.07.13 14:25:27 INFO  Scala CLI: Downloading https://central.sonatype.com/repository/maven-snapshots/org/scala-sbt/compiler-bridge_2.12/1.12.0/compiler-bridge_2.12-1.12.0.pom
2026.07.13 14:25:27 INFO  Scala CLI: Failed to download https://central.sonatype.com/repository/maven-snapshots/org/scala-sbt/util-interface/1.11.7/util-interface-1.11.7.pom
2026.07.13 14:25:27 INFO  Scala CLI: Downloading https://central.sonatype.com/repository/maven-snapshots/org/scala-sbt/core-macros_2.12/1.11.7/core-macros_2.12-1.11.7.pom
2026.07.13 14:25:27 INFO  Scala CLI: Failed to download https://central.sonatype.com/repository/maven-snapshots/org/jline/jline-native/3.27.1/jline-native-3.27.1.pom
2026.07.13 14:25:27 INFO  Scala CLI: Downloading https://central.sonatype.com/repository/maven-snapshots/com/eed3si9n/gigahorse-core_2.12/0.9.3/gigahorse-core_2.12-0.9.3.pom.sha1
2026.07.13 14:25:27 INFO  Scala CLI: Failed to download https://central.sonatype.com/repository/maven-snapshots/com/eed3si9n/shaded-apache-httpclient5/0.9.3/shaded-apache-httpclient5-0.9.3.pom
2026.07.13 14:25:27 INFO  Scala CLI: Downloading https://central.sonatype.com/repository/maven-snapshots/org/typelevel/cats-macros_2.12/2.1.1/cats-macros_2.12-2.1.1.pom.sha1
2026.07.13 14:25:28 INFO  Scala CLI: Failed to download https://central.sonatype.com/repository/maven-snapshots/org/typelevel/cats-kernel_2.12/2.1.1/cats-kernel_2.12-2.1.1.pom
2026.07.13 14:25:28 INFO  Scala CLI: Downloading https://central.sonatype.com/repository/maven-snapshots/com/eed3si9n/sjson-new-scalajson_2.12/0.10.1/sjson-new-scalajson_2.12-0.10.1.pom
2026.07.13 14:25:28 INFO  Scala CLI: Failed to download https://central.sonatype.com/repository/maven-snapshots/com/eed3si9n/gigahorse-core_2.12/0.9.3/gigahorse-core_2.12-0.9.3.pom.sha1
2026.07.13 14:25:28 INFO  Scala CLI: Downloading https://central.sonatype.com/repository/maven-snapshots/org/scala-sbt/collections_2.12/1.11.7/collections_2.12-1.11.7.pom
2026.07.13 14:25:28 INFO  Scala CLI: Failed to download https://central.sonatype.com/repository/maven-snapshots/com/eed3si9n/sjson-new-murmurhash_2.12/0.10.1/sjson-new-murmurhash_2.12-0.10.1.pom
2026.07.13 14:25:28 INFO  Scala CLI: Downloading https://central.sonatype.com/repository/maven-snapshots/org/scala-sbt/util-interface/1.11.7/util-interface-1.11.7.pom.sha1
2026.07.13 14:25:28 INFO  Scala CLI: Failed to download https://central.sonatype.com/repository/maven-snapshots/org/scala-sbt/core-macros_2.12/1.11.7/core-macros_2.12-1.11.7.pom
2026.07.13 14:25:28 INFO  Scala CLI: Downloading https://central.sonatype.com/repository/maven-snapshots/org/jline/jline-native/3.27.1/jline-native-3.27.1.pom.sha1
2026.07.13 14:25:28 INFO  Scala CLI: Failed to download https://central.sonatype.com/repository/maven-snapshots/com/eed3si9n/sjson-new-scalajson_2.12/0.10.1/sjson-new-scalajson_2.12-0.10.1.pom
2026.07.13 14:25:28 INFO  Scala CLI: Downloading https://central.sonatype.com/repository/maven-snapshots/com/eed3si9n/shaded-apache-httpclient5/0.9.3/shaded-apache-httpclient5-0.9.3.pom.sha1
2026.07.13 14:25:28 INFO  Scala CLI: Failed to download https://central.sonatype.com/repository/maven-snapshots/org/scala-sbt/collections_2.12/1.11.7/collections_2.12-1.11.7.pom
2026.07.13 14:25:28 INFO  Scala CLI: Downloading https://central.sonatype.com/repository/maven-snapshots/org/typelevel/cats-kernel_2.12/2.1.1/cats-kernel_2.12-2.1.1.pom.sha1
2026.07.13 14:25:29 INFO  Scala CLI: Failed to download https://central.sonatype.com/repository/maven-snapshots/org/jline/jline-native/3.27.1/jline-native-3.27.1.pom.sha1
2026.07.13 14:25:29 INFO  Scala CLI: Downloading https://central.sonatype.com/repository/maven-snapshots/com/eed3si9n/sjson-new-murmurhash_2.12/0.10.1/sjson-new-murmurhash_2.12-0.10.1.pom.sha1
2026.07.13 14:25:29 INFO  Scala CLI: Failed to download https://central.sonatype.com/repository/maven-snapshots/com/eed3si9n/shaded-apache-httpclient5/0.9.3/shaded-apache-httpclient5-0.9.3.pom.sha1
2026.07.13 14:25:29 INFO  Scala CLI: Downloading https://central.sonatype.com/repository/maven-snapshots/org/scala-sbt/core-macros_2.12/1.11.7/core-macros_2.12-1.11.7.pom.sha1
2026.07.13 14:25:29 INFO  Scala CLI: Failed to download https://central.sonatype.com/repository/maven-snapshots/org/scala-sbt/compiler-bridge_2.12/1.12.0/compiler-bridge_2.12-1.12.0.pom
2026.07.13 14:25:29 INFO  Scala CLI: Downloading https://central.sonatype.com/repository/maven-snapshots/com/eed3si9n/sjson-new-scalajson_2.12/0.10.1/sjson-new-scalajson_2.12-0.10.1.pom.sha1
2026.07.13 14:25:29 INFO  Scala CLI: Failed to download https://central.sonatype.com/repository/maven-snapshots/com/eed3si9n/sjson-new-murmurhash_2.12/0.10.1/sjson-new-murmurhash_2.12-0.10.1.pom.sha1
2026.07.13 14:25:29 INFO  Scala CLI: Downloading https://central.sonatype.com/repository/maven-snapshots/org/scala-sbt/collections_2.12/1.11.7/collections_2.12-1.11.7.pom.sha1
2026.07.13 14:25:29 INFO  Scala CLI: Failed to download https://central.sonatype.com/repository/maven-snapshots/org/typelevel/cats-kernel_2.12/2.1.1/cats-kernel_2.12-2.1.1.pom.sha1
2026.07.13 14:25:29 INFO  Scala CLI: Downloading https://central.sonatype.com/repository/maven-snapshots/org/scala-sbt/compiler-bridge_2.12/1.12.0/compiler-bridge_2.12-1.12.0.pom.sha1
2026.07.13 14:25:29 INFO  Scala CLI: Failed to download https://central.sonatype.com/repository/maven-snapshots/org/scala-sbt/core-macros_2.12/1.11.7/core-macros_2.12-1.11.7.pom.sha1
2026.07.13 14:25:29 INFO  Scala CLI: Downloading https://repo.scala-lang.org/artifactory/maven-nightlies/com/eed3si9n/gigahorse-core_2.12/0.9.3/gigahorse-core_2.12-0.9.3.pom
2026.07.13 14:25:29 INFO  Scala CLI: Failed to download https://central.sonatype.com/repository/maven-snapshots/org/scala-sbt/util-interface/1.11.7/util-interface-1.11.7.pom.sha1
2026.07.13 14:25:29 INFO  Scala CLI: Downloading https://repo.scala-lang.org/artifactory/maven-nightlies/org/jline/jline-native/3.27.1/jline-native-3.27.1.pom
2026.07.13 14:25:29 INFO  Scala CLI: Failed to download https://central.sonatype.com/repository/maven-snapshots/org/typelevel/cats-macros_2.12/2.1.1/cats-macros_2.12-2.1.1.pom.sha1
2026.07.13 14:25:29 INFO  Scala CLI: Downloading https://repo.scala-lang.org/artifactory/maven-nightlies/com/eed3si9n/shaded-apache-httpclient5/0.9.3/shaded-apache-httpclient5-0.9.3.pom
2026.07.13 14:25:30 INFO  Scala CLI: Downloaded https://repo.scala-lang.org/artifactory/maven-nightlies/com/eed3si9n/gigahorse-core_2.12/0.9.3/gigahorse-core_2.12-0.9.3.pom
2026.07.13 14:25:30 INFO  Scala CLI: Downloading https://repo.scala-lang.org/artifactory/maven-nightlies/com/eed3si9n/sjson-new-murmurhash_2.12/0.10.1/sjson-new-murmurhash_2.12-0.10.1.pom
2026.07.13 14:25:30 INFO  Scala CLI: Failed to download https://central.sonatype.com/repository/maven-snapshots/org/scala-sbt/collections_2.12/1.11.7/collections_2.12-1.11.7.pom.sha1
2026.07.13 14:25:30 INFO  Scala CLI: Downloading https://repo.scala-lang.org/artifactory/maven-nightlies/org/typelevel/cats-kernel_2.12/2.1.1/cats-kernel_2.12-2.1.1.pom
2026.07.13 14:25:30 INFO  Scala CLI: Downloaded https://repo.scala-lang.org/artifactory/maven-nightlies/com/eed3si9n/sjson-new-murmurhash_2.12/0.10.1/sjson-new-murmurhash_2.12-0.10.1.pom
2026.07.13 14:25:30 INFO  Scala CLI: Downloading https://repo.scala-lang.org/artifactory/maven-nightlies/org/scala-sbt/core-macros_2.12/1.11.7/core-macros_2.12-1.11.7.pom
2026.07.13 14:25:30 INFO  Scala CLI: Downloaded https://repo.scala-lang.org/artifactory/maven-nightlies/com/eed3si9n/shaded-apache-httpclient5/0.9.3/shaded-apache-httpclient5-0.9.3.pom
2026.07.13 14:25:30 INFO  Scala CLI: Downloading https://repo.scala-lang.org/artifactory/maven-nightlies/org/scala-sbt/util-interface/1.11.7/util-interface-1.11.7.pom
2026.07.13 14:25:30 INFO  Scala CLI: Downloaded https://repo.scala-lang.org/artifactory/maven-nightlies/org/scala-sbt/core-macros_2.12/1.11.7/core-macros_2.12-1.11.7.pom
2026.07.13 14:25:30 INFO  Scala CLI: Downloading https://repo.scala-lang.org/artifactory/maven-nightlies/com/eed3si9n/gigahorse-core_2.12/0.9.3/gigahorse-core_2.12-0.9.3.pom.sha1
2026.07.13 14:25:30 INFO  Scala CLI: Downloaded https://repo.scala-lang.org/artifactory/maven-nightlies/org/typelevel/cats-kernel_2.12/2.1.1/cats-kernel_2.12-2.1.1.pom
2026.07.13 14:25:30 INFO  Scala CLI: Downloading https://repo.scala-lang.org/artifactory/maven-nightlies/com/eed3si9n/sjson-new-murmurhash_2.12/0.10.1/sjson-new-murmurhash_2.12-0.10.1.pom.sha1
2026.07.13 14:25:31 INFO  Scala CLI: Downloaded https://repo.scala-lang.org/artifactory/maven-nightlies/com/eed3si9n/gigahorse-core_2.12/0.9.3/gigahorse-core_2.12-0.9.3.pom.sha1
2026.07.13 14:25:31 INFO  Scala CLI: Downloading https://repo.scala-lang.org/artifactory/maven-nightlies/org/typelevel/cats-macros_2.12/2.1.1/cats-macros_2.12-2.1.1.pom
2026.07.13 14:25:31 INFO  Scala CLI: Downloaded https://repo.scala-lang.org/artifactory/maven-nightlies/com/eed3si9n/sjson-new-murmurhash_2.12/0.10.1/sjson-new-murmurhash_2.12-0.10.1.pom.sha1
2026.07.13 14:25:31 INFO  Scala CLI: Downloaded https://repo.scala-lang.org/artifactory/maven-nightlies/org/jline/jline-native/3.27.1/jline-native-3.27.1.pom
2026.07.13 14:25:31 INFO  Scala CLI: Downloading https://repo.scala-lang.org/artifactory/maven-nightlies/com/eed3si9n/shaded-apache-httpclient5/0.9.3/shaded-apache-httpclient5-0.9.3.pom.sha1
2026.07.13 14:25:31 INFO  Scala CLI: Downloading https://repo.scala-lang.org/artifactory/maven-nightlies/org/scala-sbt/collections_2.12/1.11.7/collections_2.12-1.11.7.pom
2026.07.13 14:25:31 INFO  Scala CLI: Failed to download https://central.sonatype.com/repository/maven-snapshots/org/scala-sbt/compiler-bridge_2.12/1.12.0/compiler-bridge_2.12-1.12.0.pom.sha1
2026.07.13 14:25:31 INFO  Scala CLI: Downloading https://repo.scala-lang.org/artifactory/maven-nightlies/org/scala-sbt/core-macros_2.12/1.11.7/core-macros_2.12-1.11.7.pom.sha1
2026.07.13 14:25:31 INFO  Scala CLI: Downloaded https://repo.scala-lang.org/artifactory/maven-nightlies/org/typelevel/cats-macros_2.12/2.1.1/cats-macros_2.12-2.1.1.pom
2026.07.13 14:25:31 INFO  Scala CLI: Downloading https://repo.scala-lang.org/artifactory/maven-nightlies/org/typelevel/cats-kernel_2.12/2.1.1/cats-kernel_2.12-2.1.1.pom.sha1
2026.07.13 14:25:31 INFO  Scala CLI: Downloaded https://repo.scala-lang.org/artifactory/maven-nightlies/com/eed3si9n/shaded-apache-httpclient5/0.9.3/shaded-apache-httpclient5-0.9.3.pom.sha1
2026.07.13 14:25:31 INFO  Scala CLI: Downloading https://repo.scala-lang.org/artifactory/maven-nightlies/org/jline/jline-native/3.27.1/jline-native-3.27.1.pom.sha1
2026.07.13 14:25:31 INFO  Scala CLI: Downloaded https://repo.scala-lang.org/artifactory/maven-nightlies/org/typelevel/cats-kernel_2.12/2.1.1/cats-kernel_2.12-2.1.1.pom.sha1
2026.07.13 14:25:31 INFO  Scala CLI: Downloading https://repo.scala-lang.org/artifactory/maven-nightlies/org/typelevel/cats-macros_2.12/2.1.1/cats-macros_2.12-2.1.1.pom.sha1
2026.07.13 14:25:31 INFO  Scala CLI: Downloaded https://repo.scala-lang.org/artifactory/maven-nightlies/org/jline/jline-native/3.27.1/jline-native-3.27.1.pom.sha1
2026.07.13 14:25:31 INFO  Scala CLI: Downloading https://repo.scala-lang.org/artifactory/maven-nightlies/org/scala-sbt/compiler-bridge_2.12/1.12.0/compiler-bridge_2.12-1.12.0.pom
2026.07.13 14:25:31 INFO  Scala CLI: Downloaded https://repo.scala-lang.org/artifactory/maven-nightlies/org/typelevel/cats-macros_2.12/2.1.1/cats-macros_2.12-2.1.1.pom.sha1
2026.07.13 14:25:31 INFO  Scala CLI: Downloaded https://repo.scala-lang.org/artifactory/maven-nightlies/org/scala-sbt/util-interface/1.11.7/util-interface-1.11.7.pom
2026.07.13 14:25:31 INFO  Scala CLI: Downloading https://repo.scala-lang.org/artifactory/maven-nightlies/org/scala-sbt/util-interface/1.11.7/util-interface-1.11.7.pom.sha1
2026.07.13 14:25:32 INFO  Scala CLI: Downloaded https://repo.scala-lang.org/artifactory/maven-nightlies/org/scala-sbt/compiler-bridge_2.12/1.12.0/compiler-bridge_2.12-1.12.0.pom
2026.07.13 14:25:32 INFO  Scala CLI: Downloading https://repo.scala-lang.org/artifactory/maven-nightlies/org/scala-sbt/compiler-bridge_2.12/1.12.0/compiler-bridge_2.12-1.12.0.pom.sha1
2026.07.13 14:25:32 INFO  Scala CLI: Failed to download https://central.sonatype.com/repository/maven-snapshots/com/eed3si9n/sjson-new-scalajson_2.12/0.10.1/sjson-new-scalajson_2.12-0.10.1.pom.sha1
2026.07.13 14:25:32 INFO  Scala CLI: Downloading https://repo.scala-lang.org/artifactory/maven-nightlies/com/eed3si9n/sjson-new-scalajson_2.12/0.10.1/sjson-new-scalajson_2.12-0.10.1.pom
2026.07.13 14:25:32 INFO  Scala CLI: Downloaded https://repo.scala-lang.org/artifactory/maven-nightlies/org/scala-sbt/collections_2.12/1.11.7/collections_2.12-1.11.7.pom
2026.07.13 14:25:32 INFO  Scala CLI: Downloading https://repo.scala-lang.org/artifactory/maven-nightlies/org/scala-sbt/collections_2.12/1.11.7/collections_2.12-1.11.7.pom.sha1
2026.07.13 14:25:32 INFO  Scala CLI: Downloaded https://repo.scala-lang.org/artifactory/maven-nightlies/org/scala-sbt/util-interface/1.11.7/util-interface-1.11.7.pom.sha1
2026.07.13 14:25:32 INFO  Scala CLI: Downloaded https://repo.scala-lang.org/artifactory/maven-nightlies/org/scala-sbt/compiler-bridge_2.12/1.12.0/compiler-bridge_2.12-1.12.0.pom.sha1
2026.07.13 14:25:32 INFO  Scala CLI: Downloaded https://repo.scala-lang.org/artifactory/maven-nightlies/org/scala-sbt/collections_2.12/1.11.7/collections_2.12-1.11.7.pom.sha1
2026.07.13 14:25:32 INFO  Scala CLI: Downloaded https://repo.scala-lang.org/artifactory/maven-nightlies/com/eed3si9n/sjson-new-scalajson_2.12/0.10.1/sjson-new-scalajson_2.12-0.10.1.pom
2026.07.13 14:25:32 INFO  Scala CLI: Downloading https://repo.scala-lang.org/artifactory/maven-nightlies/com/eed3si9n/sjson-new-scalajson_2.12/0.10.1/sjson-new-scalajson_2.12-0.10.1.pom.sha1
2026.07.13 14:25:32 INFO  Scala CLI: Downloaded https://repo.scala-lang.org/artifactory/maven-nightlies/com/eed3si9n/sjson-new-scalajson_2.12/0.10.1/sjson-new-scalajson_2.12-0.10.1.pom.sha1
2026.07.13 14:25:32 INFO  Scala CLI: Downloaded https://repo.scala-lang.org/artifactory/maven-nightlies/org/scala-sbt/core-macros_2.12/1.11.7/core-macros_2.12-1.11.7.pom.sha1
2026.07.13 14:25:33 INFO  Scala CLI: Downloading https://central.sonatype.com/repository/maven-snapshots/com/eed3si9n/shaded-jawn-parser_2.12/1.3.2/shaded-jawn-parser_2.12-1.3.2.pom
2026.07.13 14:25:33 INFO  Scala CLI: Downloading https://central.sonatype.com/repository/maven-snapshots/com/eed3si9n/shaded-scalajson_2.12/1.0.0-M4/shaded-scalajson_2.12-1.0.0-M4.pom
2026.07.13 14:25:33 INFO  Scala CLI: Downloading https://central.sonatype.com/repository/maven-snapshots/com/typesafe/ssl-config-core_2.12/0.6.1/ssl-config-core_2.12-0.6.1.pom
2026.07.13 14:25:33 INFO  BSP server: [18-compile] Entered buildTargetCompile
2026.07.13 14:25:33 INFO  BSP server: [18-compile] buildTargetCompile took 0 msec
2026.07.13 14:25:33 INFO  Scala CLI: Failed to download https://central.sonatype.com/repository/maven-snapshots/com/eed3si9n/shaded-scalajson_2.12/1.0.0-M4/shaded-scalajson_2.12-1.0.0-M4.pom
2026.07.13 14:25:33 INFO  Scala CLI: Downloading https://central.sonatype.com/repository/maven-snapshots/com/eed3si9n/shaded-scalajson_2.12/1.0.0-M4/shaded-scalajson_2.12-1.0.0-M4.pom.sha1
2026.07.13 14:25:33 INFO  Scala CLI: Failed to download https://central.sonatype.com/repository/maven-snapshots/com/typesafe/ssl-config-core_2.12/0.6.1/ssl-config-core_2.12-0.6.1.pom
2026.07.13 14:25:33 INFO  Scala CLI: Downloading https://central.sonatype.com/repository/maven-snapshots/com/typesafe/ssl-config-core_2.12/0.6.1/ssl-config-core_2.12-0.6.1.pom.sha1
2026.07.13 14:25:33 INFO  Scala CLI: Failed to download https://central.sonatype.com/repository/maven-snapshots/com/eed3si9n/shaded-jawn-parser_2.12/1.3.2/shaded-jawn-parser_2.12-1.3.2.pom
2026.07.13 14:25:33 INFO  Scala CLI: Downloading https://central.sonatype.com/repository/maven-snapshots/com/eed3si9n/shaded-jawn-parser_2.12/1.3.2/shaded-jawn-parser_2.12-1.3.2.pom.sha1
2026.07.13 14:25:34 INFO  Scala CLI: Failed to download https://central.sonatype.com/repository/maven-snapshots/com/eed3si9n/shaded-scalajson_2.12/1.0.0-M4/shaded-scalajson_2.12-1.0.0-M4.pom.sha1
2026.07.13 14:25:34 INFO  Scala CLI: Downloading https://repo.scala-lang.org/artifactory/maven-nightlies/com/eed3si9n/shaded-scalajson_2.12/1.0.0-M4/shaded-scalajson_2.12-1.0.0-M4.pom
2026.07.13 14:25:34 INFO  Scala CLI: Failed to download https://central.sonatype.com/repository/maven-snapshots/com/eed3si9n/shaded-jawn-parser_2.12/1.3.2/shaded-jawn-parser_2.12-1.3.2.pom.sha1
2026.07.13 14:25:34 INFO  Scala CLI: Downloading https://repo.scala-lang.org/artifactory/maven-nightlies/com/eed3si9n/shaded-jawn-parser_2.12/1.3.2/shaded-jawn-parser_2.12-1.3.2.pom
2026.07.13 14:25:34 INFO  Scala CLI: Failed to download https://central.sonatype.com/repository/maven-snapshots/com/typesafe/ssl-config-core_2.12/0.6.1/ssl-config-core_2.12-0.6.1.pom.sha1
2026.07.13 14:25:34 INFO  Scala CLI: Downloading https://repo.scala-lang.org/artifactory/maven-nightlies/com/typesafe/ssl-config-core_2.12/0.6.1/ssl-config-core_2.12-0.6.1.pom
2026.07.13 14:25:34 INFO  Scala CLI: Downloaded https://repo.scala-lang.org/artifactory/maven-nightlies/com/eed3si9n/shaded-scalajson_2.12/1.0.0-M4/shaded-scalajson_2.12-1.0.0-M4.pom
2026.07.13 14:25:34 INFO  Scala CLI: Downloading https://repo.scala-lang.org/artifactory/maven-nightlies/com/eed3si9n/shaded-scalajson_2.12/1.0.0-M4/shaded-scalajson_2.12-1.0.0-M4.pom.sha1
2026.07.13 14:25:34 INFO  Scala CLI: Downloaded https://repo.scala-lang.org/artifactory/maven-nightlies/com/eed3si9n/shaded-jawn-parser_2.12/1.3.2/shaded-jawn-parser_2.12-1.3.2.pom
2026.07.13 14:25:34 INFO  Scala CLI: Downloading https://repo.scala-lang.org/artifactory/maven-nightlies/com/eed3si9n/shaded-jawn-parser_2.12/1.3.2/shaded-jawn-parser_2.12-1.3.2.pom.sha1
2026.07.13 14:25:34 INFO  Scala CLI: Downloaded https://repo.scala-lang.org/artifactory/maven-nightlies/com/typesafe/ssl-config-core_2.12/0.6.1/ssl-config-core_2.12-0.6.1.pom
2026.07.13 14:25:34 INFO  Scala CLI: Downloading https://repo.scala-lang.org/artifactory/maven-nightlies/com/typesafe/ssl-config-core_2.12/0.6.1/ssl-config-core_2.12-0.6.1.pom.sha1
2026.07.13 14:25:34 INFO  Scala CLI: Downloaded https://repo.scala-lang.org/artifactory/maven-nightlies/com/eed3si9n/shaded-scalajson_2.12/1.0.0-M4/shaded-scalajson_2.12-1.0.0-M4.pom.sha1
2026.07.13 14:25:34 INFO  Scala CLI: Downloaded https://repo.scala-lang.org/artifactory/maven-nightlies/com/eed3si9n/shaded-jawn-parser_2.12/1.3.2/shaded-jawn-parser_2.12-1.3.2.pom.sha1
2026.07.13 14:25:34 INFO  Scala CLI: Downloaded https://repo.scala-lang.org/artifactory/maven-nightlies/com/typesafe/ssl-config-core_2.12/0.6.1/ssl-config-core_2.12-0.6.1.pom.sha1
2026.07.13 14:25:34 INFO  Scala CLI: Downloading https://central.sonatype.com/repository/maven-snapshots/com/typesafe/config/1.4.2/config-1.4.2.pom
2026.07.13 14:25:35 INFO  Scala CLI: Failed to download https://central.sonatype.com/repository/maven-snapshots/com/typesafe/config/1.4.2/config-1.4.2.pom
2026.07.13 14:25:35 INFO  Scala CLI: Downloading https://central.sonatype.com/repository/maven-snapshots/com/typesafe/config/1.4.2/config-1.4.2.pom.sha1
2026.07.13 14:25:35 INFO  Scala CLI: Failed to download https://central.sonatype.com/repository/maven-snapshots/com/typesafe/config/1.4.2/config-1.4.2.pom.sha1
2026.07.13 14:25:35 INFO  Scala CLI: Downloading https://repo.scala-lang.org/artifactory/maven-nightlies/com/typesafe/config/1.4.2/config-1.4.2.pom
2026.07.13 14:25:35 INFO  Scala CLI: Downloaded https://repo.scala-lang.org/artifactory/maven-nightlies/com/typesafe/config/1.4.2/config-1.4.2.pom
2026.07.13 14:25:35 INFO  Scala CLI: Downloading https://repo.scala-lang.org/artifactory/maven-nightlies/com/typesafe/config/1.4.2/config-1.4.2.pom.sha1
2026.07.13 14:25:37 INFO  Scala CLI: Downloaded https://repo.scala-lang.org/artifactory/maven-nightlies/com/typesafe/config/1.4.2/config-1.4.2.pom.sha1
2026.07.13 14:25:37 INFO  Scala CLI: Downloading https://repo.scala-lang.org/artifactory/maven-nightlies/org/scala-sbt/util-interface/1.11.7/util-interface-1.11.7.jar
2026.07.13 14:25:37 INFO  Scala CLI: Downloading https://repo.scala-lang.org/artifactory/maven-nightlies/org/scala-sbt/zinc-compile-core_2.12/1.12.0/zinc-compile-core_2.12-1.12.0.jar
2026.07.13 14:25:37 INFO  Scala CLI: Downloading https://repo.scala-lang.org/artifactory/maven-nightlies/io/monix/monix-java_2.12/3.2.0/monix-java_2.12-3.2.0.jar
2026.07.13 14:25:37 INFO  Scala CLI: Downloading https://repo.scala-lang.org/artifactory/maven-nightlies/io/monix/monix-execution_2.12/3.2.0/monix-execution_2.12-3.2.0.jar
2026.07.13 14:25:37 INFO  Scala CLI: Downloading https://repo.scala-lang.org/artifactory/maven-nightlies/io/monix/monix-tail_2.12/3.2.0/monix-tail_2.12-3.2.0.jar
2026.07.13 14:25:37 INFO  Scala CLI: Downloading https://repo.scala-lang.org/artifactory/maven-nightlies/ch/epfl/scala/bloop-shared_2.12/2.0.19/bloop-shared_2.12-2.0.19.jar
2026.07.13 14:25:37 INFO  Scala CLI: Downloaded https://repo.scala-lang.org/artifactory/maven-nightlies/org/scala-sbt/util-interface/1.11.7/util-interface-1.11.7.jar
2026.07.13 14:25:37 INFO  Scala CLI: Downloading https://repo.scala-lang.org/artifactory/maven-nightlies/ch/epfl/scala/bloop-backend_2.12/2.0.19/bloop-backend_2.12-2.0.19.jar
2026.07.13 14:25:38 INFO  Scala CLI: Downloaded https://repo.scala-lang.org/artifactory/maven-nightlies/io/monix/monix-java_2.12/3.2.0/monix-java_2.12-3.2.0.jar
2026.07.13 14:25:38 INFO  Scala CLI: Downloading https://repo.scala-lang.org/artifactory/maven-nightlies/net/java/dev/jna/jna-platform/4.4.0/jna-platform-4.4.0.jar
2026.07.13 14:25:40 INFO  Scala CLI: Downloaded https://repo.scala-lang.org/artifactory/maven-nightlies/io/monix/monix-tail_2.12/3.2.0/monix-tail_2.12-3.2.0.jar
2026.07.13 14:25:40 INFO  Scala CLI: Downloading https://repo.scala-lang.org/artifactory/maven-nightlies/io/zipkin/zipkin2/zipkin/2.27.0/zipkin-2.27.0.jar
2026.07.13 14:25:41 INFO  Scala CLI: Downloaded https://repo.scala-lang.org/artifactory/maven-nightlies/io/zipkin/zipkin2/zipkin/2.27.0/zipkin-2.27.0.jar
2026.07.13 14:25:41 INFO  Scala CLI: Downloading https://repo.scala-lang.org/artifactory/maven-nightlies/org/scala-sbt/zinc_2.12/1.12.0/zinc_2.12-1.12.0.jar
2026.07.13 14:25:41 INFO  Scala CLI: Downloaded https://repo.scala-lang.org/artifactory/maven-nightlies/org/scala-sbt/zinc_2.12/1.12.0/zinc_2.12-1.12.0.jar
2026.07.13 14:25:41 INFO  Scala CLI: Downloading https://repo.scala-lang.org/artifactory/maven-nightlies/com/outr/perfolation_2.12/1.2.8/perfolation_2.12-1.2.8.jar
2026.07.13 14:25:41 INFO  Scala CLI: Downloaded https://repo.scala-lang.org/artifactory/maven-nightlies/ch/epfl/scala/bloop-shared_2.12/2.0.19/bloop-shared_2.12-2.0.19.jar
2026.07.13 14:25:41 INFO  Scala CLI: Downloading https://repo.scala-lang.org/artifactory/maven-nightlies/org/typelevel/cats-effect_2.12/2.1.3/cats-effect_2.12-2.1.3.jar
2026.07.13 14:25:43 INFO  Scala CLI: Downloaded https://repo.scala-lang.org/artifactory/maven-nightlies/com/outr/perfolation_2.12/1.2.8/perfolation_2.12-1.2.8.jar
2026.07.13 14:25:43 INFO  Scala CLI: Downloading https://repo.scala-lang.org/artifactory/maven-nightlies/com/google/errorprone/error_prone_annotations/2.38.0/error_prone_annotations-2.38.0.jar
2026.07.13 14:25:43 INFO  Scala CLI: Downloaded https://repo.scala-lang.org/artifactory/maven-nightlies/com/google/errorprone/error_prone_annotations/2.38.0/error_prone_annotations-2.38.0.jar
2026.07.13 14:25:43 INFO  Scala CLI: Downloading https://repo.scala-lang.org/artifactory/maven-nightlies/org/ow2/asm/asm-tree/9.9.1/asm-tree-9.9.1.jar
2026.07.13 14:25:43 INFO  Scala CLI: Downloaded https://repo.scala-lang.org/artifactory/maven-nightlies/org/ow2/asm/asm-tree/9.9.1/asm-tree-9.9.1.jar
2026.07.13 14:25:43 INFO  Scala CLI: Downloading https://repo.scala-lang.org/artifactory/maven-nightlies/com/typesafe/config/1.4.2/config-1.4.2.jar
2026.07.13 14:25:45 INFO  Scala CLI: Downloaded https://repo.scala-lang.org/artifactory/maven-nightlies/com/typesafe/config/1.4.2/config-1.4.2.jar
2026.07.13 14:25:45 INFO  Scala CLI: Downloading https://repo.scala-lang.org/artifactory/maven-nightlies/io/get-coursier/util/directories-jni/0.1.2/directories-jni-0.1.2.jar
2026.07.13 14:25:45 INFO  Scala CLI: Downloaded https://repo.scala-lang.org/artifactory/maven-nightlies/io/get-coursier/util/directories-jni/0.1.2/directories-jni-0.1.2.jar
2026.07.13 14:25:45 INFO  Scala CLI: Downloading https://repo.scala-lang.org/artifactory/maven-nightlies/org/jctools/jctools-core/2.1.2/jctools-core-2.1.2.jar
2026.07.13 14:25:46 INFO  Scala CLI: Downloaded https://repo.scala-lang.org/artifactory/maven-nightlies/org/jctools/jctools-core/2.1.2/jctools-core-2.1.2.jar
2026.07.13 14:25:46 INFO  Scala CLI: Downloading https://repo.scala-lang.org/artifactory/maven-nightlies/com/eed3si9n/sjson-new-core_2.12/0.10.1/sjson-new-core_2.12-0.10.1.jar
2026.07.13 14:25:49 INFO  Scala CLI: Downloaded https://repo.scala-lang.org/artifactory/maven-nightlies/org/scala-sbt/zinc-compile-core_2.12/1.12.0/zinc-compile-core_2.12-1.12.0.jar
2026.07.13 14:25:49 INFO  Scala CLI: Downloading https://repo.scala-lang.org/artifactory/maven-nightlies/org/scala-sbt/zinc-apiinfo_2.12/1.12.0/zinc-apiinfo_2.12-1.12.0.jar
2026.07.13 14:25:51 INFO  Scala CLI: Downloaded https://repo.scala-lang.org/artifactory/maven-nightlies/com/eed3si9n/sjson-new-core_2.12/0.10.1/sjson-new-core_2.12-0.10.1.jar
2026.07.13 14:25:51 INFO  Scala CLI: Downloading https://repo.scala-lang.org/artifactory/maven-nightlies/io/zipkin/reporter2/zipkin-reporter/2.17.2/zipkin-reporter-2.17.2.jar
2026.07.13 14:25:51 INFO  Scala CLI: Downloaded https://repo.scala-lang.org/artifactory/maven-nightlies/io/zipkin/reporter2/zipkin-reporter/2.17.2/zipkin-reporter-2.17.2.jar
2026.07.13 14:25:51 INFO  Scala CLI: Downloading https://repo.scala-lang.org/artifactory/maven-nightlies/io/monix/monix_2.12/3.2.0/monix_2.12-3.2.0.jar
2026.07.13 14:25:51 INFO  Scala CLI: Downloaded https://repo.scala-lang.org/artifactory/maven-nightlies/io/monix/monix_2.12/3.2.0/monix_2.12-3.2.0.jar
2026.07.13 14:25:51 INFO  Scala CLI: Downloading https://repo.scala-lang.org/artifactory/maven-nightlies/org/scala-sbt/compiler-interface/1.12.0/compiler-interface-1.12.0.jar
2026.07.13 14:25:54 INFO  Scala CLI: Downloaded https://repo.scala-lang.org/artifactory/maven-nightlies/org/scala-sbt/compiler-interface/1.12.0/compiler-interface-1.12.0.jar
2026.07.13 14:25:54 INFO  Scala CLI: Downloading https://repo.scala-lang.org/artifactory/maven-nightlies/com/github/mwiede/jsch/2.27.5/jsch-2.27.5.jar
2026.07.13 14:25:56 INFO  Scala CLI: Downloaded https://repo.scala-lang.org/artifactory/maven-nightlies/org/scala-sbt/zinc-apiinfo_2.12/1.12.0/zinc-apiinfo_2.12-1.12.0.jar
2026.07.13 14:25:56 INFO  Scala CLI: Downloading https://repo.scala-lang.org/artifactory/maven-nightlies/com/github/alexarchambault/case-app-util_2.12/2.0.6/case-app-util_2.12-2.0.6.jar
2026.07.13 14:25:59 INFO  Scala CLI: Downloaded https://repo.scala-lang.org/artifactory/maven-nightlies/com/github/alexarchambault/case-app-util_2.12/2.0.6/case-app-util_2.12-2.0.6.jar
2026.07.13 14:25:59 INFO  Scala CLI: Downloading https://repo.scala-lang.org/artifactory/maven-nightlies/org/scala-lang/modules/scala-parser-combinators_2.12/1.1.2/scala-parser-combinators_2.12-1.1.2.jar
2026.07.13 14:25:59 INFO  Scala CLI: Downloaded https://repo.scala-lang.org/artifactory/maven-nightlies/ch/epfl/scala/bloop-backend_2.12/2.0.19/bloop-backend_2.12-2.0.19.jar
2026.07.13 14:25:59 INFO  Scala CLI: Downloading https://repo.scala-lang.org/artifactory/maven-nightlies/net/jpountz/lz4/lz4/1.3.0/lz4-1.3.0.jar
2026.07.13 14:26:03 INFO  Scala CLI: Downloaded https://repo.scala-lang.org/artifactory/maven-nightlies/com/github/mwiede/jsch/2.27.5/jsch-2.27.5.jar
2026.07.13 14:26:03 INFO  Scala CLI: Downloading https://repo.scala-lang.org/artifactory/maven-nightlies/com/github/alexarchambault/case-app-annotations_2.12/2.0.6/case-app-annotations_2.12-2.0.6.jar
2026.07.13 14:26:03 INFO  Scala CLI: Downloaded https://repo.scala-lang.org/artifactory/maven-nightlies/com/github/alexarchambault/case-app-annotations_2.12/2.0.6/case-app-annotations_2.12-2.0.6.jar
2026.07.13 14:26:03 INFO  Scala CLI: Downloading https://repo.scala-lang.org/artifactory/maven-nightlies/org/scala-sbt/io_2.12/1.10.5/io_2.12-1.10.5.jar
2026.07.13 14:26:08 INFO  Scala CLI: Downloaded https://repo.scala-lang.org/artifactory/maven-nightlies/org/scala-lang/modules/scala-parser-combinators_2.12/1.1.2/scala-parser-combinators_2.12-1.1.2.jar
2026.07.13 14:26:08 INFO  Scala CLI: Downloading https://repo.scala-lang.org/artifactory/maven-nightlies/com/eed3si9n/shaded-apache-httpclient5/0.9.3/shaded-apache-httpclient5-0.9.3.jar
2026.07.13 14:26:11 INFO  Scala CLI: Downloaded https://repo.scala-lang.org/artifactory/maven-nightlies/net/jpountz/lz4/lz4/1.3.0/lz4-1.3.0.jar
2026.07.13 14:26:11 INFO  Scala CLI: Downloading https://repo.scala-lang.org/artifactory/maven-nightlies/com/eed3si9n/gigahorse-core_2.12/0.9.3/gigahorse-core_2.12-0.9.3.jar
2026.07.13 14:26:11 INFO  Scala CLI: Downloaded https://repo.scala-lang.org/artifactory/maven-nightlies/org/scala-sbt/io_2.12/1.10.5/io_2.12-1.10.5.jar
2026.07.13 14:26:11 INFO  Scala CLI: Downloading https://repo.scala-lang.org/artifactory/maven-nightlies/ch/epfl/scala/bsp4s_2.12/2.1.1/bsp4s_2.12-2.1.1.jar
2026.07.13 14:26:18 ERROR Timeout waiting for 'build/initialize' response
2026.07.13 14:26:18 WARN  Retrying connection to the build server Scala CLI
2026.07.13 14:26:18 INFO  Running List(/nfs/home/yanglucheng/.cache/coursier/arc/https/github.com/adoptium/temurin17-binaries/releases/download/jdk-17.0.19%252B10/OpenJDK17U-jdk_x64_linux_hotspot_17.0.19_10.tar.gz/jdk-17.0.19+10/bin/java, -cp, /nfs/home/yanglucheng/.cache/coursier/v1/https/repo1.maven.org/maven2/org/virtuslab/scala-cli/cli_3/1.12.4/cli_3-1.12.4.jar:/nfs/home/yanglucheng/.cache/coursier/v1/https/repo1.maven.org/maven2/com/github/alexarchambault/case-app_3/2.1.0/case-app_3-2.1.0.jar:/nfs/home/yanglucheng/.cache/coursier/v1/https/repo1.maven.org/maven2/io/get-coursier/coursier-launcher_2.13/2.1.25-M23/coursier-launcher_2.13-2.1.25-M23.jar:/nfs/home/yanglucheng/.cache/coursier/v1/https/repo1.maven.org/maven2/io/get-coursier/coursier-proxy-setup/2.1.25-M23/coursier-proxy-setup-2.1.25-M23.jar:/nfs/home/yanglucheng/.cache/coursier/v1/https/repo1.maven.org/maven2/io/get-coursier/publish/publish_3/0.4.4/publish_3-0.4.4.jar:/nfs/home/yanglucheng/.cache/coursier/v1/https/repo1.maven.org/maven2/com/google/jimfs/jimfs/1.3.1/jimfs-1.3.1.jar:/nfs/home/yanglucheng/.cache/coursier/v1/https/repo1.maven.org/maven2/io/get-coursier/jniutils/windows-jni-utils/0.3.3/windows-jni-utils-0.3.3.jar:/nfs/home/yanglucheng/.cache/coursier/v1/https/repo1.maven.org/maven2/com/github/plokhotnyuk/jsoniter-scala/jsoniter-scala-core_3/2.38.8/jsoniter-scala-core_3-2.38.8.jar:/nfs/home/yanglucheng/.cache/coursier/v1/https/repo1.maven.org/maven2/org/virtuslab/scala-cli/libsodiumjni/0.0.4/libsodiumjni-0.0.4.jar:/nfs/home/yanglucheng/.cache/coursier/v1/https/repo1.maven.org/maven2/org/scalameta/metaconfig-typesafe-config_3/0.18.2/metaconfig-typesafe-config_3-0.18.2.jar:/nfs/home/yanglucheng/.cache/coursier/v1/https/repo1.maven.org/maven2/ai/kien/python-native-libs_3/0.2.5/python-native-libs_3-0.2.5.jar:/nfs/home/yanglucheng/.cache/coursier/v1/https/repo1.maven.org/maven2/org/virtuslab/scala-packager_3/0.2.1/scala-packager_3-0.2.1.jar:/nfs/home/yanglucheng/.cache/coursier/v1/https/repo1.maven.org/maven2/org/virtuslab/scala-cli-signing/cli_3/0.2.13/cli_3-0.2.13.jar:/nfs/home/yanglucheng/.cache/coursier/v1/https/repo1.maven.org/maven2/org/slf4j/slf4j-nop/2.0.17/slf4j-nop-2.0.17.jar:/nfs/home/yanglucheng/.cache/coursier/v1/https/repo1.maven.org/maven2/com/softwaremill/sttp/client3/core_3/3.11.0/core_3-3.11.0.jar:/nfs/home/yanglucheng/.cache/coursier/v1/https/repo1.maven.org/maven2/ch/epfl/scala/scalafix-interfaces/0.14.5/scalafix-interfaces-0.14.5.jar:/nfs/home/yanglucheng/.cache/coursier/v1/https/repo1.maven.org/maven2/org/virtuslab/scala-cli/scala3-graal_3/1.9.1/scala3-graal_3-1.9.1.jar:/nfs/home/yanglucheng/.cache/coursier/v1/https/repo1.maven.org/maven2/org/virtuslab/scala-cli/scala3-graal-processor_3/1.9.1/scala3-graal-processor_3-1.9.1.jar:/nfs/home/yanglucheng/.cache/coursier/v1/https/repo1.maven.org/maven2/org/scala-lang/scala3-library_3/3.3.7/scala3-library_3-3.3.7.jar:/nfs/home/yanglucheng/.cache/coursier/v1/https/repo1.maven.org/maven2/org/virtuslab/scala-cli/build-module_3/1.12.4/build-module_3-1.12.4.jar:/nfs/home/yanglucheng/.cache/coursier/v1/https/repo1.maven.org/maven2/org/virtuslab/scala-cli/config_3/1.12.4/config_3-1.12.4.jar:/nfs/home/yanglucheng/.cache/coursier/v1/https/repo1.maven.org/maven2/org/virtuslab/scala-cli/specification-level_3/1.12.4/specification-level_3-1.12.4.jar:/nfs/home/yanglucheng/.cache/coursier/v1/https/repo1.maven.org/maven2/com/lihaoyi/sourcecode_3/0.4.3-M5/sourcecode_3-0.4.3-M5.jar:/nfs/home/yanglucheng/.cache/coursier/v1/https/repo1.maven.org/maven2/com/github/alexarchambault/case-app-annotations_3/2.1.0/case-app-annotations_3-2.1.0.jar:/nfs/home/yanglucheng/.cache/coursier/v1/https/repo1.maven.org/maven2/com/github/alexarchambault/case-app-util_3/2.1.0/case-app-util_3-2.1.0.jar:/nfs/home/yanglucheng/.cache/coursier/v1/https/repo1.maven.org/maven2/io/github/alexarchambault/scala-cli/tmp/zip-input-stream/0.1.1/zip-input-stream-0.1.1.jar:/nfs/home/yanglucheng/.cache/coursier/v1/https/repo1.maven.org/maven2/org/scala-lang/scala-library/2.13.18/scala-library-2.13.18.jar:/nfs/home/yanglucheng/.cache/coursier/v1/https/repo1.maven.org/maven2/io/get-coursier/coursier-cache_2.13/2.1.25-M23/coursier-cache_2.13-2.1.25-M23.jar:/nfs/home/yanglucheng/.cache/coursier/v1/https/repo1.maven.org/maven2/io/get-coursier/coursier-core_2.13/2.1.25-M23/coursier-core_2.13-2.1.25-M23.jar:/nfs/home/yanglucheng/.cache/coursier/v1/https/repo1.maven.org/maven2/com/google/guava/guava/33.5.0-jre/guava-33.5.0-jre.jar:/nfs/home/yanglucheng/.cache/coursier/v1/https/repo1.maven.org/maven2/net/java/dev/jna/jna/5.17.0/jna-5.17.0.jar:/nfs/home/yanglucheng/.cache/coursier/v1/https/repo1.maven.org/maven2/net/java/dev/jna/jna-platform/5.12.1/jna-platform-5.12.1.jar:/nfs/home/yanglucheng/.cache/coursier/v1/https/repo1.maven.org/maven2/org/scalameta/metaconfig-core_3/0.18.2/metaconfig-core_3-0.18.2.jar:/nfs/home/yanglucheng/.cache/coursier/v1/https/repo1.maven.org/maven2/com/typesafe/config/1.4.5/config-1.4.5.jar:/nfs/home/yanglucheng/.cache/coursier/v1/https/repo1.maven.org/maven2/org/scala-lang/modules/scala-collection-compat_3/2.14.0/scala-collection-compat_3-2.14.0.jar:/nfs/home/yanglucheng/.cache/coursier/v1/https/repo1.maven.org/maven2/commons-io/commons-io/2.20.0/commons-io-2.20.0.jar:/nfs/home/yanglucheng/.cache/coursier/v1/https/repo1.maven.org/maven2/com/google/cloud/tools/jib-core/0.27.3/jib-core-0.27.3.jar:/nfs/home/yanglucheng/.cache/coursier/v1/https/repo1.maven.org/maven2/com/lihaoyi/os-lib_3/0.11.8/os-lib_3-0.11.8.jar:/nfs/home/yanglucheng/.cache/coursier/v1/https/repo1.maven.org/maven2/org/bouncycastle/bcpg-jdk18on/1.83/bcpg-jdk18on-1.83.jar:/nfs/home/yanglucheng/.cache/coursier/v1/https/repo1.maven.org/maven2/org/bouncycastle/bcutil-jdk18on/1.83/bcutil-jdk18on-1.83.jar:/nfs/home/yanglucheng/.cache/coursier/v1/https/repo1.maven.org/maven2/org/virtuslab/scala-cli-signing/shared_3/0.2.13/shared_3-0.2.13.jar:/nfs/home/yanglucheng/.cache/coursier/v1/https/repo1.maven.org/maven2/org/slf4j/slf4j-api/2.0.17/slf4j-api-2.0.17.jar:/nfs/home/yanglucheng/.cache/coursier/v1/https/repo1.maven.org/maven2/com/softwaremill/sttp/model/core_3/1.7.11/core_3-1.7.11.jar:/nfs/home/yanglucheng/.cache/coursier/v1/https/repo1.maven.org/maven2/com/softwaremill/sttp/shared/core_3/1.3.22/core_3-1.3.22.jar:/nfs/home/yanglucheng/.cache/coursier/v1/https/repo1.maven.org/maven2/com/softwaremill/sttp/shared/ws_3/1.3.22/ws_3-1.3.22.jar:/nfs/home/yanglucheng/.cache/coursier/v1/https/repo1.maven.org/maven2/io/get-coursier/interface/1.0.28/interface-1.0.28.jar:/nfs/home/yanglucheng/.cache/coursier/v1/https/repo1.maven.org/maven2/org/ow2/asm/asm/9.9.1/asm-9.9.1.jar:/nfs/home/yanglucheng/.cache/coursier/v1/https/repo1.maven.org/maven2/org/virtuslab/scala-cli/java-class-name/java-class-name_3/0.1.9/java-class-name_3-0.1.9.jar:/nfs/home/yanglucheng/.cache/coursier/v1/https/repo1.maven.org/maven2/org/scalameta/semanticdb-shared_2.13/4.15.2/semanticdb-shared_2.13-4.15.2.jar:/nfs/home/yanglucheng/.cache/coursier/v1/https/repo1.maven.org/maven2/org/scala-native/test-runner_3/0.5.10/test-runner_3-0.5.10.jar:/nfs/home/yanglucheng/.cache/coursier/v1/https/repo1.maven.org/maven2/com/lihaoyi/pprint_3/0.9.5/pprint_3-0.9.5.jar:/nfs/home/yanglucheng/.cache/coursier/v1/https/repo1.maven.org/maven2/org/scala-js/scalajs-env-nodejs_3/1.5.0/scalajs-env-nodejs_3-1.5.0.jar:/nfs/home/yanglucheng/.cache/coursier/v1/https/repo1.maven.org/maven2/org/scala-js/scalajs-sbt-test-adapter_2.13/1.20.2/scalajs-sbt-test-adapter_2.13-1.20.2.jar:/nfs/home/yanglucheng/.cache/coursier/v1/https/repo1.maven.org/maven2/com/swoval/file-tree-views/2.1.12/file-tree-views-2.1.12.jar:/nfs/home/yanglucheng/.cache/coursier/v1/https/repo1.maven.org/maven2/org/virtuslab/scala-cli/zip-input-stream/zip-input-stream/0.1.3/zip-input-stream-0.1.3.jar:/nfs/home/yanglucheng/.cache/coursier/v1/https/repo1.maven.org/maven2/org/virtuslab/scala-cli/options_3/1.12.4/options_3-1.12.4.jar:/nfs/home/yanglucheng/.cache/coursier/v1/https/repo1.maven.org/maven2/org/virtuslab/scala-cli/directives_3/1.12.4/directives_3-1.12.4.jar:/nfs/home/yanglucheng/.cache/coursier/v1/https/repo1.maven.org/maven2/org/virtuslab/scala-cli/scala-cli-bsp/1.12.4/scala-cli-bsp-1.12.4.jar:/nfs/home/yanglucheng/.cache/coursier/v1/https/repo1.maven.org/maven2/org/virtuslab/scala-cli/test-runner_3/1.12.4/test-runner_3-1.12.4.jar:/nfs/home/yanglucheng/.cache/coursier/v1/https/repo1.maven.org/maven2/org/virtuslab/scala-cli/tasty-lib_3/1.12.4/tasty-lib_3-1.12.4.jar:/nfs/home/yanglucheng/.cache/coursier/v1/https/repo1.maven.org/maven2/io/github/alexarchambault/windows-ansi/windows-ansi/0.0.6/windows-ansi-0.0.6.jar:/nfs/home/yanglucheng/.cache/coursier/v1/https/repo1.maven.org/maven2/io/get-coursier/cache-util/2.1.25-M23/cache-util-2.1.25-M23.jar:/nfs/home/yanglucheng/.cache/coursier/v1/https/repo1.maven.org/maven2/io/get-coursier/coursier-paths/2.1.25-M23/coursier-paths-2.1.25-M23.jar:/nfs/home/yanglucheng/.cache/coursier/v1/https/repo1.maven.org/maven2/io/get-coursier/coursier-util_2.13/2.1.25-M23/coursier-util_2.13-2.1.25-M23.jar:/nfs/home/yanglucheng/.cache/coursier/v1/https/repo1.maven.org/maven2/io/get-coursier/versions_2.13/0.5.1/versions_2.13-0.5.1.jar:/nfs/home/yanglucheng/.cache/coursier/v1/https/repo1.maven.org/maven2/io/github/alexarchambault/concurrent-reference-hash-map/1.1.0/concurrent-reference-hash-map-1.1.0.jar:/nfs/home/yanglucheng/.cache/coursier/v1/https/repo1.maven.org/maven2/org/scala-lang/modules/scala-xml_2.13/2.4.0/scala-xml_2.13-2.4.0.jar:/nfs/home/yanglucheng/.cache/coursier/v1/https/repo1.maven.org/maven2/com/google/guava/failureaccess/1.0.3/failureaccess-1.0.3.jar:/nfs/home/yanglucheng/.cache/coursier/v1/https/repo1.maven.org/maven2/com/google/guava/listenablefuture/9999.0-empty-to-avoid-conflict-with-guava/listenablefuture-9999.0-empty-to-avoid-conflict-with-guava.jar:/nfs/home/yanglucheng/.cache/coursier/v1/https/repo1.maven.org/maven2/org/jspecify/jspecify/1.0.0/jspecify-1.0.0.jar:/nfs/home/yanglucheng/.cache/coursier/v1/https/repo1.maven.org/maven2/com/google/errorprone/error_prone_annotations/2.41.0/error_prone_annotations-2.41.0.jar:/nfs/home/yanglucheng/.cache/coursier/v1/https/repo1.maven.org/maven2/com/google/j2objc/j2objc-annotations/3.1/j2objc-annotations-3.1.jar:/nfs/home/yanglucheng/.cache/coursier/v1/https/repo1.maven.org/maven2/org/scalameta/metaconfig-pprint_3/0.18.2/metaconfig-pprint_3-0.18.2.jar:/nfs/home/yanglucheng/.cache/coursier/v1/https/repo1.maven.org/maven2/org/typelevel/paiges-core_3/0.4.4/paiges-core_3-0.4.4.jar:/nfs/home/yanglucheng/.cache/coursier/v1/https/repo1.maven.org/maven2/org/scala-lang/scala-reflect/2.13.18/scala-reflect-2.13.18.jar:/nfs/home/yanglucheng/.cache/coursier/v1/https/repo1.maven.org/maven2/com/google/cloud/tools/jib-build-plan/0.4.0/jib-build-plan-0.4.0.jar:/nfs/home/yanglucheng/.cache/coursier/v1/https/repo1.maven.org/maven2/com/google/http-client/google-http-client/1.42.2/google-http-client-1.42.2.jar:/nfs/home/yanglucheng/.cache/coursier/v1/https/repo1.maven.org/maven2/com/google/http-client/google-http-client-apache-v2/1.42.2/google-http-client-apache-v2-1.42.2.jar:/nfs/home/yanglucheng/.cache/coursier/v1/https/repo1.maven.org/maven2/com/google/auth/google-auth-library-oauth2-http/1.10.0/google-auth-library-oauth2-http-1.10.0.jar:/nfs/home/yanglucheng/.cache/coursier/v1/https/repo1.maven.org/maven2/org/apache/commons/commons-compress/1.28.0/commons-compress-1.28.0.jar:/nfs/home/yanglucheng/.cache/coursier/v1/https/repo1.maven.org/maven2/com/fasterxml/jackson/core/jackson-databind/2.15.2/jackson-databind-2.15.2.jar:/nfs/home/yanglucheng/.cache/coursier/v1/https/repo1.maven.org/maven2/com/fasterxml/jackson/datatype/jackson-datatype-jsr310/2.15.2/jackson-datatype-jsr310-2.15.2.jar:/nfs/home/yanglucheng/.cache/coursier/v1/https/repo1.maven.org/maven2/com/lihaoyi/geny_3/1.1.1/geny_3-1.1.1.jar:/nfs/home/yanglucheng/.cache/coursier/v1/https/repo1.maven.org/maven2/com/lihaoyi/os-zip/0.11.8/os-zip-0.11.8.jar:/nfs/home/yanglucheng/.cache/coursier/v1/https/repo1.maven.org/maven2/org/bouncycastle/bcprov-jdk18on/1.83/bcprov-jdk18on-1.83.jar:/nfs/home/yanglucheng/.cache/coursier/v1/https/repo1.maven.org/maven2/org/jline/jline-terminal-jni/3.25.0/jline-terminal-jni-3.25.0.jar:/nfs/home/yanglucheng/.cache/coursier/v1/https/repo1.maven.org/maven2/org/jline/jline-native/3.25.0/jline-native-3.25.0.jar:/nfs/home/yanglucheng/.cache/coursier/v1/https/repo1.maven.org/maven2/org/scala-lang/scala3-compiler_3/3.3.7/scala3-compiler_3-3.3.7.jar:/nfs/home/yanglucheng/.cache/coursier/v1/https/repo1.maven.org/maven2/org/scalameta/scalameta_2.13/4.15.2/scalameta_2.13-4.15.2.jar:/nfs/home/yanglucheng/.cache/coursier/v1/https/repo1.maven.org/maven2/org/scala-lang/scalap/2.13.15/scalap-2.13.15.jar:/nfs/home/yanglucheng/.cache/coursier/v1/https/repo1.maven.org/maven2/com/thesamet/scalapb/scalapb-runtime_2.13/0.11.17/scalapb-runtime_2.13-0.11.17.jar:/nfs/home/yanglucheng/.cache/coursier/v1/https/repo1.maven.org/maven2/org/scala-native/tools_3/0.5.10/tools_3-0.5.10.jar:/nfs/home/yanglucheng/.cache/coursier/v1/https/repo1.maven.org/maven2/org/scala-sbt/test-interface/1.0/test-interface-1.0.jar:/nfs/home/yanglucheng/.cache/coursier/v1/https/repo1.maven.org/maven2/com/lihaoyi/fansi_3/0.5.1/fansi_3-0.5.1.jar:/nfs/home/yanglucheng/.cache/coursier/v1/https/repo1.maven.org/maven2/org/scala-js/scalajs-js-envs_3/1.5.0/scalajs-js-envs_3-1.5.0.jar:/nfs/home/yanglucheng/.cache/coursier/v1/https/repo1.maven.org/maven2/ch/epfl/scala/bloop-config_2.13/2.3.3/bloop-config_2.13-2.3.3.jar:/nfs/home/yanglucheng/.cache/coursier/v1/https/repo1.maven.org/maven2/org/virtuslab/scala-cli/core_3/1.12.4/core_3-1.12.4.jar:/nfs/home/yanglucheng/.cache/coursier/v1/https/repo1.maven.org/maven2/org/virtuslab/using_directives/1.1.4/using_directives-1.1.4.jar:/nfs/home/yanglucheng/.cache/coursier/v1/https/repo1.maven.org/maven2/org/virtuslab/scala-cli/build-macros_3/1.12.4/build-macros_3-1.12.4.jar:/nfs/home/yanglucheng/.cache/coursier/v1/https/repo1.maven.org/maven2/ch/epfl/scala/bsp4j/2.1.1/bsp4j-2.1.1.jar:/nfs/home/yanglucheng/.cache/coursier/v1/https/repo1.maven.org/maven2/org/fusesource/jansi/jansi/2.4.1/jansi-2.4.1.jar:/nfs/home/yanglucheng/.cache/coursier/v1/https/repo1.maven.org/maven2/io/github/alexarchambault/is-terminal/0.1.2/is-terminal-0.1.2.jar:/nfs/home/yanglucheng/.cache/coursier/v1/https/repo1.maven.org/maven2/org/apache/httpcomponents/httpclient/4.5.13/httpclient-4.5.13.jar:/nfs/home/yanglucheng/.cache/coursier/v1/https/repo1.maven.org/maven2/org/apache/httpcomponents/httpcore/4.4.15/httpcore-4.4.15.jar:/nfs/home/yanglucheng/.cache/coursier/v1/https/repo1.maven.org/maven2/com/google/code/findbugs/jsr305/3.0.2/jsr305-3.0.2.jar:/nfs/home/yanglucheng/.cache/coursier/v1/https/repo1.maven.org/maven2/io/opencensus/opencensus-api/0.31.1/opencensus-api-0.31.1.jar:/nfs/home/yanglucheng/.cache/coursier/v1/https/repo1.maven.org/maven2/io/opencensus/opencensus-contrib-http-util/0.31.1/opencensus-contrib-http-util-0.31.1.jar:/nfs/home/yanglucheng/.cache/coursier/v1/https/repo1.maven.org/maven2/com/google/auto/value/auto-value-annotations/1.9/auto-value-annotations-1.9.jar:/nfs/home/yanglucheng/.cache/coursier/v1/https/repo1.maven.org/maven2/com/google/auth/google-auth-library-credentials/1.10.0/google-auth-library-credentials-1.10.0.jar:/nfs/home/yanglucheng/.cache/coursier/v1/https/repo1.maven.org/maven2/com/google/http-client/google-http-client-gson/1.42.2/google-http-client-gson-1.42.2.jar:/nfs/home/yanglucheng/.cache/coursier/v1/https/repo1.maven.org/maven2/commons-codec/commons-codec/1.20.0/commons-codec-1.20.0.jar:/nfs/home/yanglucheng/.cache/coursier/v1/https/repo1.maven.org/maven2/org/apache/commons/commons-lang3/3.18.0/commons-lang3-3.18.0.jar:/nfs/home/yanglucheng/.cache/coursier/v1/https/repo1.maven.org/maven2/com/fasterxml/jackson/core/jackson-annotations/2.15.2/jackson-annotations-2.15.2.jar:/nfs/home/yanglucheng/.cache/coursier/v1/https/repo1.maven.org/maven2/com/fasterxml/jackson/core/jackson-core/2.15.2/jackson-core-2.15.2.jar:/nfs/home/yanglucheng/.cache/coursier/v1/https/repo1.maven.org/maven2/org/scala-lang/scala3-interfaces/3.3.7/scala3-interfaces-3.3.7.jar:/nfs/home/yanglucheng/.cache/coursier/v1/https/repo1.maven.org/maven2/org/scala-lang/tasty-core_3/3.3.7/tasty-core_3-3.3.7.jar:/nfs/home/yanglucheng/.cache/coursier/v1/https/repo1.maven.org/maven2/org/scala-lang/modules/scala-asm/9.8.0-scala-1/scala-asm-9.8.0-scala-1.jar:/nfs/home/yanglucheng/.cache/coursier/v1/https/repo1.maven.org/maven2/org/scala-sbt/compiler-interface/1.10.7/compiler-interface-1.10.7.jar:/nfs/home/yanglucheng/.cache/coursier/v1/https/repo1.maven.org/maven2/org/scalameta/parsers_2.13/4.15.2/parsers_2.13-4.15.2.jar:/nfs/home/yanglucheng/.cache/coursier/v1/https/repo1.maven.org/maven2/org/scala-lang/scala-compiler/2.13.15/scala-compiler-2.13.15.jar:/nfs/home/yanglucheng/.cache/coursier/v1/https/repo1.maven.org/maven2/com/thesamet/scalapb/lenses_2.13/0.11.17/lenses_2.13-0.11.17.jar:/nfs/home/yanglucheng/.cache/coursier/v1/https/repo1.maven.org/maven2/com/google/protobuf/protobuf-java/3.19.6/protobuf-java-3.19.6.jar:/nfs/home/yanglucheng/.cache/coursier/v1/https/repo1.maven.org/maven2/org/scala-native/nir_3/0.5.10/nir_3-0.5.10.jar:/nfs/home/yanglucheng/.cache/coursier/v1/https/repo1.maven.org/maven2/org/scala-native/util_3/0.5.10/util_3-0.5.10.jar:/nfs/home/yanglucheng/.cache/coursier/v1/https/repo1.maven.org/maven2/org/scala-js/scalajs-logging_3/1.2.0/scalajs-logging_3-1.2.0.jar:/nfs/home/yanglucheng/.cache/coursier/v1/https/repo1.maven.org/maven2/com/lihaoyi/unroll-annotation_2.13/0.1.12/unroll-annotation_2.13-0.1.12.jar:/nfs/home/yanglucheng/.cache/coursier/v1/https/repo1.maven.org/maven2/ch/epfl/scala/bloop-rifle_2.13/2.0.19/bloop-rifle_2.13-2.0.19.jar:/nfs/home/yanglucheng/.cache/coursier/v1/https/repo1.maven.org/maven2/io/get-coursier/coursier-jvm_2.13/2.1.25-M23/coursier-jvm_2.13-2.1.25-M23.jar:/nfs/home/yanglucheng/.cache/coursier/v1/https/repo1.maven.org/maven2/io/get-coursier/dependency_3/0.3.2/dependency_3-0.3.2.jar:/nfs/home/yanglucheng/.cache/coursier/v1/https/repo1.maven.org/maven2/org/eclipse/jgit/org.eclipse.jgit/7.5.0.202512021534-r/org.eclipse.jgit-7.5.0.202512021534-r.jar:/nfs/home/yanglucheng/.cache/coursier/v1/https/repo1.maven.org/maven2/org/scala-js/scalajs-env-jsdom-nodejs_2.13/1.1.1/scalajs-env-jsdom-nodejs_2.13-1.1.1.jar:/nfs/home/yanglucheng/.cache/coursier/v1/https/repo1.maven.org/maven2/org/eclipse/lsp4j/org.eclipse.lsp4j.generator/0.20.1/org.eclipse.lsp4j.generator-0.20.1.jar:/nfs/home/yanglucheng/.cache/coursier/v1/https/repo1.maven.org/maven2/org/eclipse/lsp4j/org.eclipse.lsp4j.jsonrpc/0.20.1/org.eclipse.lsp4j.jsonrpc-0.20.1.jar:/nfs/home/yanglucheng/.cache/coursier/v1/https/repo1.maven.org/maven2/commons-logging/commons-logging/1.2/commons-logging-1.2.jar:/nfs/home/yanglucheng/.cache/coursier/v1/https/repo1.maven.org/maven2/io/grpc/grpc-context/1.27.2/grpc-context-1.27.2.jar:/nfs/home/yanglucheng/.cache/coursier/v1/https/repo1.maven.org/maven2/com/google/code/gson/gson/2.10.1/gson-2.10.1.jar:/nfs/home/yanglucheng/.cache/coursier/v1/https/repo1.maven.org/maven2/org/scala-sbt/util-interface/1.10.7/util-interface-1.10.7.jar:/nfs/home/yanglucheng/.cache/coursier/v1/https/repo1.maven.org/maven2/org/scalameta/trees_2.13/4.15.2/trees_2.13-4.15.2.jar:/nfs/home/yanglucheng/.cache/coursier/v1/https/repo1.maven.org/maven2/io/github/java-diff-utils/java-diff-utils/4.12/java-diff-utils-4.12.jar:/nfs/home/yanglucheng/.cache/coursier/v1/https/repo1.maven.org/maven2/ch/epfl/scala/libdaemon_2.13/0.0.12/libdaemon_2.13-0.0.12.jar:/nfs/home/yanglucheng/.cache/coursier/v1/https/repo1.maven.org/maven2/io/github/alexarchambault/scala-cli/snailgun/snailgun-core_2.13/0.4.1-sc2/snailgun-core_2.13-0.4.1-sc2.jar:/nfs/home/yanglucheng/.cache/coursier/v1/https/repo1.maven.org/maven2/io/get-coursier/coursier_2.13/2.1.25-M23/coursier_2.13-2.1.25-M23.jar:/nfs/home/yanglucheng/.cache/coursier/v1/https/repo1.maven.org/maven2/io/get-coursier/coursier-archive-cache_2.13/2.1.25-M23/coursier-archive-cache_2.13-2.1.25-M23.jar:/nfs/home/yanglucheng/.cache/coursier/v1/https/repo1.maven.org/maven2/io/get-coursier/coursier-env_2.13/2.1.25-M23/coursier-env_2.13-2.1.25-M23.jar:/nfs/home/yanglucheng/.cache/coursier/v1/https/repo1.maven.org/maven2/io/get-coursier/coursier-exec/2.1.25-M23/coursier-exec-2.1.25-M23.jar:/nfs/home/yanglucheng/.cache/coursier/v1/https/repo1.maven.org/maven2/com/googlecode/javaewah/JavaEWAH/1.2.3/JavaEWAH-1.2.3.jar:/nfs/home/yanglucheng/.cache/coursier/v1/https/repo1.maven.org/maven2/org/eclipse/xtend/org.eclipse.xtend.lib/2.28.0/org.eclipse.xtend.lib-2.28.0.jar:/nfs/home/yanglucheng/.cache/coursier/v1/https/repo1.maven.org/maven2/org/scalameta/common_2.13/4.15.2/common_2.13-4.15.2.jar:/nfs/home/yanglucheng/.cache/coursier/v1/https/repo1.maven.org/maven2/org/scalameta/io_2.13/4.15.2/io_2.13-4.15.2.jar:/nfs/home/yanglucheng/.cache/coursier/v1/https/repo1.maven.org/maven2/org/codehaus/plexus/plexus-archiver/4.10.1/plexus-archiver-4.10.1.jar:/nfs/home/yanglucheng/.cache/coursier/v1/https/repo1.maven.org/maven2/org/codehaus/plexus/plexus-container-default/2.1.1/plexus-container-default-2.1.1.jar:/nfs/home/yanglucheng/.cache/coursier/v1/https/repo1.maven.org/maven2/org/apache/tika/tika-core/3.2.3/tika-core-3.2.3.jar:/nfs/home/yanglucheng/.cache/coursier/v1/https/repo1.maven.org/maven2/com/github/luben/zstd-jni/1.5.7-4/zstd-jni-1.5.7-4.jar:/nfs/home/yanglucheng/.cache/coursier/v1/https/repo1.maven.org/maven2/org/eclipse/xtext/org.eclipse.xtext.xbase.lib/2.28.0/org.eclipse.xtext.xbase.lib-2.28.0.jar:/nfs/home/yanglucheng/.cache/coursier/v1/https/repo1.maven.org/maven2/org/eclipse/xtend/org.eclipse.xtend.lib.macro/2.28.0/org.eclipse.xtend.lib.macro-2.28.0.jar:/nfs/home/yanglucheng/.cache/coursier/v1/https/repo1.maven.org/maven2/javax/inject/javax.inject/1/javax.inject-1.jar:/nfs/home/yanglucheng/.cache/coursier/v1/https/repo1.maven.org/maven2/org/codehaus/plexus/plexus-utils/4.0.2/plexus-utils-4.0.2.jar:/nfs/home/yanglucheng/.cache/coursier/v1/https/repo1.maven.org/maven2/org/codehaus/plexus/plexus-io/3.5.1/plexus-io-3.5.1.jar:/nfs/home/yanglucheng/.cache/coursier/v1/https/repo1.maven.org/maven2/io/airlift/aircompressor/0.27/aircompressor-0.27.jar:/nfs/home/yanglucheng/.cache/coursier/v1/https/repo1.maven.org/maven2/org/tukaani/xz/1.10/xz-1.10.jar:/nfs/home/yanglucheng/.cache/coursier/v1/https/repo1.maven.org/maven2/org/codehaus/plexus/plexus-classworlds/2.6.0/plexus-classworlds-2.6.0.jar:/nfs/home/yanglucheng/.cache/coursier/v1/https/repo1.maven.org/maven2/org/apache/xbean/xbean-reflect/3.7/xbean-reflect-3.7.jar, scala.cli.ScalaCli, bsp, --workspace, /tmp/metals-scala-cli16284561289389547191, --semantic-db-source-root, /nfs/home/yanglucheng/workspace/CodeReading/AxiInfra/src/main/scala/xs/infra/axi, /nfs/home/yanglucheng/workspace/CodeReading/AxiInfra/src/main/scala/xs/infra/axi/AxiReorder.scala)
2026.07.13 14:26:18 INFO  tracing is disabled for protocol BSP, to enable tracing of incoming and outgoing JSON messages create an empty file at /nfs/home/yanglucheng/workspace/CodeReading/AxiInfra/src/main/scala/xs/infra/axi/.metals/bsp.trace.json or /nfs/home/yanglucheng/.cache/metals/bsp.trace.json
2026.07.13 14:26:21 INFO  Scala CLI: Downloading https://repo.scala-lang.org/artifactory/maven-nightlies/com/eed3si9n/gigahorse-core_2.12/0.9.3/gigahorse-core_2.12-0.9.3.jar
2026.07.13 14:26:21 INFO  Scala CLI: Downloading https://repo.scala-lang.org/artifactory/maven-nightlies/org/scala-sbt/zinc-persist-core-assembly/1.12.0/zinc-persist-core-assembly-1.12.0.jar
2026.07.13 14:26:21 INFO  Scala CLI: Downloading https://repo.scala-lang.org/artifactory/maven-nightlies/ch/epfl/scala/bsp4s_2.12/2.1.1/bsp4s_2.12-2.1.1.jar
2026.07.13 14:26:21 INFO  Scala CLI: Downloading https://repo.scala-lang.org/artifactory/maven-nightlies/org/scala-sbt/util-control_2.12/1.11.5/util-control_2.12-1.11.5.jar
2026.07.13 14:26:21 INFO  Scala CLI: Downloading https://repo.scala-lang.org/artifactory/maven-nightlies/com/outr/scribe_2.12/3.5.5/scribe_2.12-3.5.5.jar
2026.07.13 14:26:21 INFO  Scala CLI: Downloading https://repo.scala-lang.org/artifactory/maven-nightlies/org/scalaz/scalaz-core_2.12/7.3.8/scalaz-core_2.12-7.3.8.jar
2026.07.13 14:26:23 INFO  Scala CLI: Downloaded https://repo.scala-lang.org/artifactory/maven-nightlies/org/scala-sbt/util-control_2.12/1.11.5/util-control_2.12-1.11.5.jar
2026.07.13 14:26:23 INFO  Scala CLI: Downloading https://repo.scala-lang.org/artifactory/maven-nightlies/ch/epfl/scala/directory-watcher/0.8.0+6-f651bd93/directory-watcher-0.8.0+6-f651bd93.jar
2026.07.13 14:26:23 INFO  Scala CLI: Downloaded https://repo.scala-lang.org/artifactory/maven-nightlies/com/eed3si9n/gigahorse-core_2.12/0.9.3/gigahorse-core_2.12-0.9.3.jar
2026.07.13 14:26:23 INFO  Scala CLI: Downloading https://repo.scala-lang.org/artifactory/maven-nightlies/org/scala-sbt/zinc-classpath_2.12/1.12.0/zinc-classpath_2.12-1.12.0.jar
2026.07.13 14:26:23 INFO  Scala CLI: Downloaded https://repo.scala-lang.org/artifactory/maven-nightlies/ch/epfl/scala/directory-watcher/0.8.0+6-f651bd93/directory-watcher-0.8.0+6-f651bd93.jar
2026.07.13 14:26:23 INFO  Scala CLI: Downloading https://repo.scala-lang.org/artifactory/maven-nightlies/net/java/dev/jna/jna-platform/4.4.0/jna-platform-4.4.0.jar
2026.07.13 14:26:25 INFO  Scala CLI: Downloaded https://repo.scala-lang.org/artifactory/maven-nightlies/org/scala-sbt/zinc-classpath_2.12/1.12.0/zinc-classpath_2.12-1.12.0.jar
2026.07.13 14:26:25 INFO  Scala CLI: Downloading https://repo.scala-lang.org/artifactory/maven-nightlies/org/scala-sbt/util-cache_2.12/1.11.7/util-cache_2.12-1.11.7.jar
2026.07.13 14:26:29 INFO  Scala CLI: Downloaded https://repo.scala-lang.org/artifactory/maven-nightlies/org/scala-sbt/util-cache_2.12/1.11.7/util-cache_2.12-1.11.7.jar
2026.07.13 14:26:29 INFO  Scala CLI: Downloading https://repo.scala-lang.org/artifactory/maven-nightlies/com/lihaoyi/pprint_2.12/0.9.6/pprint_2.12-0.9.6.jar
2026.07.13 14:26:30 INFO  Scala CLI: Downloaded https://repo.scala-lang.org/artifactory/maven-nightlies/com/outr/scribe_2.12/3.5.5/scribe_2.12-3.5.5.jar
2026.07.13 14:26:30 INFO  Scala CLI: Downloading https://repo.scala-lang.org/artifactory/maven-nightlies/io/monix/monix-execution_2.12/3.2.0/monix-execution_2.12-3.2.0.jar
2026.07.13 14:26:32 INFO  Scala CLI: Downloaded https://repo.scala-lang.org/artifactory/maven-nightlies/ch/epfl/scala/bsp4s_2.12/2.1.1/bsp4s_2.12-2.1.1.jar
2026.07.13 14:26:32 INFO  Scala CLI: Downloading https://repo.scala-lang.org/artifactory/maven-nightlies/com/github/plokhotnyuk/jsoniter-scala/jsoniter-scala-macros_2.12/2.13.3.2/jsoniter-scala-macros_2.12-2.13.3.2.jar
2026.07.13 14:26:32 INFO  Scala CLI: Downloaded https://repo.scala-lang.org/artifactory/maven-nightlies/io/monix/monix-execution_2.12/3.2.0/monix-execution_2.12-3.2.0.jar
2026.07.13 14:26:32 INFO  Scala CLI: Downloading https://repo.scala-lang.org/artifactory/maven-nightlies/com/github/plokhotnyuk/jsoniter-scala/jsoniter-scala-core_2.12/2.13.5.2/jsoniter-scala-core_2.12-2.13.5.2.jar
2026.07.13 14:26:32 INFO  Scala CLI: Downloaded https://repo.scala-lang.org/artifactory/maven-nightlies/com/lihaoyi/pprint_2.12/0.9.6/pprint_2.12-0.9.6.jar
2026.07.13 14:26:32 INFO  Scala CLI: Downloading https://repo.scala-lang.org/artifactory/maven-nightlies/org/scala-sbt/compiler-bridge_2.12/1.12.0/compiler-bridge_2.12-1.12.0.jar
2026.07.13 14:26:33 INFO  BSP server: [19-compile] Entered buildTargetCompile
2026.07.13 14:26:33 INFO  BSP server: [19-compile] buildTargetCompile took 0 msec
2026.07.13 14:26:39 INFO  Scala CLI: Downloaded https://repo.scala-lang.org/artifactory/maven-nightlies/com/github/plokhotnyuk/jsoniter-scala/jsoniter-scala-core_2.12/2.13.5.2/jsoniter-scala-core_2.12-2.13.5.2.jar
2026.07.13 14:26:39 INFO  Scala CLI: Downloading https://repo.scala-lang.org/artifactory/maven-nightlies/ch/epfl/scala/bloop-config_2.12/2.3.3/bloop-config_2.12-2.3.3.jar
2026.07.13 14:26:43 INFO  Scala CLI: Downloaded https://repo.scala-lang.org/artifactory/maven-nightlies/org/scala-sbt/compiler-bridge_2.12/1.12.0/compiler-bridge_2.12-1.12.0.jar
2026.07.13 14:26:43 INFO  Scala CLI: Downloading https://repo.scala-lang.org/artifactory/maven-nightlies/com/eed3si9n/shaded-jawn-parser_2.12/1.3.2/shaded-jawn-parser_2.12-1.3.2.jar
2026.07.13 14:26:44 INFO  Scala CLI: Downloaded https://repo.scala-lang.org/artifactory/maven-nightlies/com/eed3si9n/shaded-jawn-parser_2.12/1.3.2/shaded-jawn-parser_2.12-1.3.2.jar
2026.07.13 14:26:44 INFO  Scala CLI: Downloading https://repo.scala-lang.org/artifactory/maven-nightlies/org/scala-sbt/collections_2.12/1.11.7/collections_2.12-1.11.7.jar
2026.07.13 14:26:47 INFO  Scala CLI: Downloaded https://repo.scala-lang.org/artifactory/maven-nightlies/org/scala-sbt/collections_2.12/1.11.7/collections_2.12-1.11.7.jar
2026.07.13 14:26:47 INFO  Scala CLI: Downloading https://repo.scala-lang.org/artifactory/maven-nightlies/com/eed3si9n/sjson-new-murmurhash_2.12/0.10.1/sjson-new-murmurhash_2.12-0.10.1.jar
2026.07.13 14:26:47 INFO  Scala CLI: Downloaded https://repo.scala-lang.org/artifactory/maven-nightlies/ch/epfl/scala/bloop-config_2.12/2.3.3/bloop-config_2.12-2.3.3.jar
2026.07.13 14:26:47 INFO  Scala CLI: Downloading https://repo.scala-lang.org/artifactory/maven-nightlies/org/scala-sbt/zinc-persist_2.12/1.12.0/zinc-persist_2.12-1.12.0.jar
2026.07.13 14:26:51 INFO  Scala CLI: Downloaded https://repo.scala-lang.org/artifactory/maven-nightlies/com/eed3si9n/sjson-new-murmurhash_2.12/0.10.1/sjson-new-murmurhash_2.12-0.10.1.jar
2026.07.13 14:26:51 INFO  Scala CLI: Downloading https://repo.scala-lang.org/artifactory/maven-nightlies/org/scala-sbt/util-relation_2.12/1.11.5/util-relation_2.12-1.11.5.jar
2026.07.13 14:26:51 INFO  Scala CLI: Downloaded https://repo.scala-lang.org/artifactory/maven-nightlies/org/scala-sbt/util-relation_2.12/1.11.5/util-relation_2.12-1.11.5.jar
2026.07.13 14:26:51 INFO  Scala CLI: Downloading https://repo.scala-lang.org/artifactory/maven-nightlies/org/scalameta/parsers_2.12/4.13.8/parsers_2.12-4.13.8.jar
2026.07.13 14:26:51 INFO  Scala CLI: Downloaded https://repo.scala-lang.org/artifactory/maven-nightlies/org/scala-sbt/zinc-persist_2.12/1.12.0/zinc-persist_2.12-1.12.0.jar
2026.07.13 14:26:51 INFO  Scala CLI: Downloading https://repo.scala-lang.org/artifactory/maven-nightlies/org/scala-sbt/core-macros_2.12/1.11.7/core-macros_2.12-1.11.7.jar
2026.07.13 14:26:54 INFO  Scala CLI: Downloaded https://repo.scala-lang.org/artifactory/maven-nightlies/org/scala-sbt/core-macros_2.12/1.11.7/core-macros_2.12-1.11.7.jar
2026.07.13 14:26:54 INFO  Scala CLI: Downloading https://repo.scala-lang.org/artifactory/maven-nightlies/org/scala-sbt/ivy/ivy/2.3.0-sbt-77cc781d727b367d3761f097d89f5a4762771d41/ivy-2.3.0-sbt-77cc781d727b367d3761f097d89f5a4762771d41.jar
2026.07.13 14:26:57 INFO  Scala CLI: Downloaded https://repo.scala-lang.org/artifactory/maven-nightlies/com/github/plokhotnyuk/jsoniter-scala/jsoniter-scala-macros_2.12/2.13.3.2/jsoniter-scala-macros_2.12-2.13.3.2.jar
2026.07.13 14:26:57 INFO  Scala CLI: Downloading https://repo.scala-lang.org/artifactory/maven-nightlies/org/scala-sbt/util-position_2.12/1.11.7/util-position_2.12-1.11.7.jar
2026.07.13 14:27:00 INFO  Scala CLI: Downloaded https://repo.scala-lang.org/artifactory/maven-nightlies/org/scala-sbt/util-position_2.12/1.11.7/util-position_2.12-1.11.7.jar
2026.07.13 14:27:00 INFO  Scala CLI: Downloading https://repo.scala-lang.org/artifactory/maven-nightlies/com/lihaoyi/unroll-annotation_2.12/0.1.12/unroll-annotation_2.12-0.1.12.jar
2026.07.13 14:27:00 INFO  Scala CLI: Downloaded https://repo.scala-lang.org/artifactory/maven-nightlies/com/lihaoyi/unroll-annotation_2.12/0.1.12/unroll-annotation_2.12-0.1.12.jar
2026.07.13 14:27:00 INFO  Scala CLI: Downloading https://repo.scala-lang.org/artifactory/maven-nightlies/org/jline/jline-native/3.27.1/jline-native-3.27.1.jar
2026.07.13 14:27:15 INFO  Scala CLI: Downloaded https://repo.scala-lang.org/artifactory/maven-nightlies/org/jline/jline-native/3.27.1/jline-native-3.27.1.jar
2026.07.13 14:27:15 INFO  Scala CLI: Downloading https://repo.scala-lang.org/artifactory/maven-nightlies/org/scala-sbt/sbinary_2.12/0.5.1/sbinary_2.12-0.5.1.jar
2026.07.13 14:27:17 INFO  Scala CLI: Downloaded https://repo.scala-lang.org/artifactory/maven-nightlies/org/scala-sbt/sbinary_2.12/0.5.1/sbinary_2.12-0.5.1.jar
2026.07.13 14:27:17 INFO  Scala CLI: Downloading https://repo.scala-lang.org/artifactory/maven-nightlies/com/eed3si9n/gigahorse-apache-http_2.12/0.9.3/gigahorse-apache-http_2.12-0.9.3.jar
2026.07.13 14:27:17 INFO  Scala CLI: Downloaded https://repo.scala-lang.org/artifactory/maven-nightlies/com/eed3si9n/gigahorse-apache-http_2.12/0.9.3/gigahorse-apache-http_2.12-0.9.3.jar
2026.07.13 14:27:17 INFO  Scala CLI: Downloading https://repo.scala-lang.org/artifactory/maven-nightlies/com/lihaoyi/fansi_2.12/0.5.1/fansi_2.12-0.5.1.jar
2026.07.13 14:27:19 ERROR Timeout waiting for 'build/initialize' response
2026.07.13 14:27:19 WARN  Retrying connection to the build server Scala CLI
2026.07.13 14:27:19 INFO  Running List(/nfs/home/yanglucheng/.cache/coursier/arc/https/github.com/adoptium/temurin17-binaries/releases/download/jdk-17.0.19%252B10/OpenJDK17U-jdk_x64_linux_hotspot_17.0.19_10.tar.gz/jdk-17.0.19+10/bin/java, -cp, /nfs/home/yanglucheng/.cache/coursier/v1/https/repo1.maven.org/maven2/org/virtuslab/scala-cli/cli_3/1.12.4/cli_3-1.12.4.jar:/nfs/home/yanglucheng/.cache/coursier/v1/https/repo1.maven.org/maven2/com/github/alexarchambault/case-app_3/2.1.0/case-app_3-2.1.0.jar:/nfs/home/yanglucheng/.cache/coursier/v1/https/repo1.maven.org/maven2/io/get-coursier/coursier-launcher_2.13/2.1.25-M23/coursier-launcher_2.13-2.1.25-M23.jar:/nfs/home/yanglucheng/.cache/coursier/v1/https/repo1.maven.org/maven2/io/get-coursier/coursier-proxy-setup/2.1.25-M23/coursier-proxy-setup-2.1.25-M23.jar:/nfs/home/yanglucheng/.cache/coursier/v1/https/repo1.maven.org/maven2/io/get-coursier/publish/publish_3/0.4.4/publish_3-0.4.4.jar:/nfs/home/yanglucheng/.cache/coursier/v1/https/repo1.maven.org/maven2/com/google/jimfs/jimfs/1.3.1/jimfs-1.3.1.jar:/nfs/home/yanglucheng/.cache/coursier/v1/https/repo1.maven.org/maven2/io/get-coursier/jniutils/windows-jni-utils/0.3.3/windows-jni-utils-0.3.3.jar:/nfs/home/yanglucheng/.cache/coursier/v1/https/repo1.maven.org/maven2/com/github/plokhotnyuk/jsoniter-scala/jsoniter-scala-core_3/2.38.8/jsoniter-scala-core_3-2.38.8.jar:/nfs/home/yanglucheng/.cache/coursier/v1/https/repo1.maven.org/maven2/org/virtuslab/scala-cli/libsodiumjni/0.0.4/libsodiumjni-0.0.4.jar:/nfs/home/yanglucheng/.cache/coursier/v1/https/repo1.maven.org/maven2/org/scalameta/metaconfig-typesafe-config_3/0.18.2/metaconfig-typesafe-config_3-0.18.2.jar:/nfs/home/yanglucheng/.cache/coursier/v1/https/repo1.maven.org/maven2/ai/kien/python-native-libs_3/0.2.5/python-native-libs_3-0.2.5.jar:/nfs/home/yanglucheng/.cache/coursier/v1/https/repo1.maven.org/maven2/org/virtuslab/scala-packager_3/0.2.1/scala-packager_3-0.2.1.jar:/nfs/home/yanglucheng/.cache/coursier/v1/https/repo1.maven.org/maven2/org/virtuslab/scala-cli-signing/cli_3/0.2.13/cli_3-0.2.13.jar:/nfs/home/yanglucheng/.cache/coursier/v1/https/repo1.maven.org/maven2/org/slf4j/slf4j-nop/2.0.17/slf4j-nop-2.0.17.jar:/nfs/home/yanglucheng/.cache/coursier/v1/https/repo1.maven.org/maven2/com/softwaremill/sttp/client3/core_3/3.11.0/core_3-3.11.0.jar:/nfs/home/yanglucheng/.cache/coursier/v1/https/repo1.maven.org/maven2/ch/epfl/scala/scalafix-interfaces/0.14.5/scalafix-interfaces-0.14.5.jar:/nfs/home/yanglucheng/.cache/coursier/v1/https/repo1.maven.org/maven2/org/virtuslab/scala-cli/scala3-graal_3/1.9.1/scala3-graal_3-1.9.1.jar:/nfs/home/yanglucheng/.cache/coursier/v1/https/repo1.maven.org/maven2/org/virtuslab/scala-cli/scala3-graal-processor_3/1.9.1/scala3-graal-processor_3-1.9.1.jar:/nfs/home/yanglucheng/.cache/coursier/v1/https/repo1.maven.org/maven2/org/scala-lang/scala3-library_3/3.3.7/scala3-library_3-3.3.7.jar:/nfs/home/yanglucheng/.cache/coursier/v1/https/repo1.maven.org/maven2/org/virtuslab/scala-cli/build-module_3/1.12.4/build-module_3-1.12.4.jar:/nfs/home/yanglucheng/.cache/coursier/v1/https/repo1.maven.org/maven2/org/virtuslab/scala-cli/config_3/1.12.4/config_3-1.12.4.jar:/nfs/home/yanglucheng/.cache/coursier/v1/https/repo1.maven.org/maven2/org/virtuslab/scala-cli/specification-level_3/1.12.4/specification-level_3-1.12.4.jar:/nfs/home/yanglucheng/.cache/coursier/v1/https/repo1.maven.org/maven2/com/lihaoyi/sourcecode_3/0.4.3-M5/sourcecode_3-0.4.3-M5.jar:/nfs/home/yanglucheng/.cache/coursier/v1/https/repo1.maven.org/maven2/com/github/alexarchambault/case-app-annotations_3/2.1.0/case-app-annotations_3-2.1.0.jar:/nfs/home/yanglucheng/.cache/coursier/v1/https/repo1.maven.org/maven2/com/github/alexarchambault/case-app-util_3/2.1.0/case-app-util_3-2.1.0.jar:/nfs/home/yanglucheng/.cache/coursier/v1/https/repo1.maven.org/maven2/io/github/alexarchambault/scala-cli/tmp/zip-input-stream/0.1.1/zip-input-stream-0.1.1.jar:/nfs/home/yanglucheng/.cache/coursier/v1/https/repo1.maven.org/maven2/org/scala-lang/scala-library/2.13.18/scala-library-2.13.18.jar:/nfs/home/yanglucheng/.cache/coursier/v1/https/repo1.maven.org/maven2/io/get-coursier/coursier-cache_2.13/2.1.25-M23/coursier-cache_2.13-2.1.25-M23.jar:/nfs/home/yanglucheng/.cache/coursier/v1/https/repo1.maven.org/maven2/io/get-coursier/coursier-core_2.13/2.1.25-M23/coursier-core_2.13-2.1.25-M23.jar:/nfs/home/yanglucheng/.cache/coursier/v1/https/repo1.maven.org/maven2/com/google/guava/guava/33.5.0-jre/guava-33.5.0-jre.jar:/nfs/home/yanglucheng/.cache/coursier/v1/https/repo1.maven.org/maven2/net/java/dev/jna/jna/5.17.0/jna-5.17.0.jar:/nfs/home/yanglucheng/.cache/coursier/v1/https/repo1.maven.org/maven2/net/java/dev/jna/jna-platform/5.12.1/jna-platform-5.12.1.jar:/nfs/home/yanglucheng/.cache/coursier/v1/https/repo1.maven.org/maven2/org/scalameta/metaconfig-core_3/0.18.2/metaconfig-core_3-0.18.2.jar:/nfs/home/yanglucheng/.cache/coursier/v1/https/repo1.maven.org/maven2/com/typesafe/config/1.4.5/config-1.4.5.jar:/nfs/home/yanglucheng/.cache/coursier/v1/https/repo1.maven.org/maven2/org/scala-lang/modules/scala-collection-compat_3/2.14.0/scala-collection-compat_3-2.14.0.jar:/nfs/home/yanglucheng/.cache/coursier/v1/https/repo1.maven.org/maven2/commons-io/commons-io/2.20.0/commons-io-2.20.0.jar:/nfs/home/yanglucheng/.cache/coursier/v1/https/repo1.maven.org/maven2/com/google/cloud/tools/jib-core/0.27.3/jib-core-0.27.3.jar:/nfs/home/yanglucheng/.cache/coursier/v1/https/repo1.maven.org/maven2/com/lihaoyi/os-lib_3/0.11.8/os-lib_3-0.11.8.jar:/nfs/home/yanglucheng/.cache/coursier/v1/https/repo1.maven.org/maven2/org/bouncycastle/bcpg-jdk18on/1.83/bcpg-jdk18on-1.83.jar:/nfs/home/yanglucheng/.cache/coursier/v1/https/repo1.maven.org/maven2/org/bouncycastle/bcutil-jdk18on/1.83/bcutil-jdk18on-1.83.jar:/nfs/home/yanglucheng/.cache/coursier/v1/https/repo1.maven.org/maven2/org/virtuslab/scala-cli-signing/shared_3/0.2.13/shared_3-0.2.13.jar:/nfs/home/yanglucheng/.cache/coursier/v1/https/repo1.maven.org/maven2/org/slf4j/slf4j-api/2.0.17/slf4j-api-2.0.17.jar:/nfs/home/yanglucheng/.cache/coursier/v1/https/repo1.maven.org/maven2/com/softwaremill/sttp/model/core_3/1.7.11/core_3-1.7.11.jar:/nfs/home/yanglucheng/.cache/coursier/v1/https/repo1.maven.org/maven2/com/softwaremill/sttp/shared/core_3/1.3.22/core_3-1.3.22.jar:/nfs/home/yanglucheng/.cache/coursier/v1/https/repo1.maven.org/maven2/com/softwaremill/sttp/shared/ws_3/1.3.22/ws_3-1.3.22.jar:/nfs/home/yanglucheng/.cache/coursier/v1/https/repo1.maven.org/maven2/io/get-coursier/interface/1.0.28/interface-1.0.28.jar:/nfs/home/yanglucheng/.cache/coursier/v1/https/repo1.maven.org/maven2/org/ow2/asm/asm/9.9.1/asm-9.9.1.jar:/nfs/home/yanglucheng/.cache/coursier/v1/https/repo1.maven.org/maven2/org/virtuslab/scala-cli/java-class-name/java-class-name_3/0.1.9/java-class-name_3-0.1.9.jar:/nfs/home/yanglucheng/.cache/coursier/v1/https/repo1.maven.org/maven2/org/scalameta/semanticdb-shared_2.13/4.15.2/semanticdb-shared_2.13-4.15.2.jar:/nfs/home/yanglucheng/.cache/coursier/v1/https/repo1.maven.org/maven2/org/scala-native/test-runner_3/0.5.10/test-runner_3-0.5.10.jar:/nfs/home/yanglucheng/.cache/coursier/v1/https/repo1.maven.org/maven2/com/lihaoyi/pprint_3/0.9.5/pprint_3-0.9.5.jar:/nfs/home/yanglucheng/.cache/coursier/v1/https/repo1.maven.org/maven2/org/scala-js/scalajs-env-nodejs_3/1.5.0/scalajs-env-nodejs_3-1.5.0.jar:/nfs/home/yanglucheng/.cache/coursier/v1/https/repo1.maven.org/maven2/org/scala-js/scalajs-sbt-test-adapter_2.13/1.20.2/scalajs-sbt-test-adapter_2.13-1.20.2.jar:/nfs/home/yanglucheng/.cache/coursier/v1/https/repo1.maven.org/maven2/com/swoval/file-tree-views/2.1.12/file-tree-views-2.1.12.jar:/nfs/home/yanglucheng/.cache/coursier/v1/https/repo1.maven.org/maven2/org/virtuslab/scala-cli/zip-input-stream/zip-input-stream/0.1.3/zip-input-stream-0.1.3.jar:/nfs/home/yanglucheng/.cache/coursier/v1/https/repo1.maven.org/maven2/org/virtuslab/scala-cli/options_3/1.12.4/options_3-1.12.4.jar:/nfs/home/yanglucheng/.cache/coursier/v1/https/repo1.maven.org/maven2/org/virtuslab/scala-cli/directives_3/1.12.4/directives_3-1.12.4.jar:/nfs/home/yanglucheng/.cache/coursier/v1/https/repo1.maven.org/maven2/org/virtuslab/scala-cli/scala-cli-bsp/1.12.4/scala-cli-bsp-1.12.4.jar:/nfs/home/yanglucheng/.cache/coursier/v1/https/repo1.maven.org/maven2/org/virtuslab/scala-cli/test-runner_3/1.12.4/test-runner_3-1.12.4.jar:/nfs/home/yanglucheng/.cache/coursier/v1/https/repo1.maven.org/maven2/org/virtuslab/scala-cli/tasty-lib_3/1.12.4/tasty-lib_3-1.12.4.jar:/nfs/home/yanglucheng/.cache/coursier/v1/https/repo1.maven.org/maven2/io/github/alexarchambault/windows-ansi/windows-ansi/0.0.6/windows-ansi-0.0.6.jar:/nfs/home/yanglucheng/.cache/coursier/v1/https/repo1.maven.org/maven2/io/get-coursier/cache-util/2.1.25-M23/cache-util-2.1.25-M23.jar:/nfs/home/yanglucheng/.cache/coursier/v1/https/repo1.maven.org/maven2/io/get-coursier/coursier-paths/2.1.25-M23/coursier-paths-2.1.25-M23.jar:/nfs/home/yanglucheng/.cache/coursier/v1/https/repo1.maven.org/maven2/io/get-coursier/coursier-util_2.13/2.1.25-M23/coursier-util_2.13-2.1.25-M23.jar:/nfs/home/yanglucheng/.cache/coursier/v1/https/repo1.maven.org/maven2/io/get-coursier/versions_2.13/0.5.1/versions_2.13-0.5.1.jar:/nfs/home/yanglucheng/.cache/coursier/v1/https/repo1.maven.org/maven2/io/github/alexarchambault/concurrent-reference-hash-map/1.1.0/concurrent-reference-hash-map-1.1.0.jar:/nfs/home/yanglucheng/.cache/coursier/v1/https/repo1.maven.org/maven2/org/scala-lang/modules/scala-xml_2.13/2.4.0/scala-xml_2.13-2.4.0.jar:/nfs/home/yanglucheng/.cache/coursier/v1/https/repo1.maven.org/maven2/com/google/guava/failureaccess/1.0.3/failureaccess-1.0.3.jar:/nfs/home/yanglucheng/.cache/coursier/v1/https/repo1.maven.org/maven2/com/google/guava/listenablefuture/9999.0-empty-to-avoid-conflict-with-guava/listenablefuture-9999.0-empty-to-avoid-conflict-with-guava.jar:/nfs/home/yanglucheng/.cache/coursier/v1/https/repo1.maven.org/maven2/org/jspecify/jspecify/1.0.0/jspecify-1.0.0.jar:/nfs/home/yanglucheng/.cache/coursier/v1/https/repo1.maven.org/maven2/com/google/errorprone/error_prone_annotations/2.41.0/error_prone_annotations-2.41.0.jar:/nfs/home/yanglucheng/.cache/coursier/v1/https/repo1.maven.org/maven2/com/google/j2objc/j2objc-annotations/3.1/j2objc-annotations-3.1.jar:/nfs/home/yanglucheng/.cache/coursier/v1/https/repo1.maven.org/maven2/org/scalameta/metaconfig-pprint_3/0.18.2/metaconfig-pprint_3-0.18.2.jar:/nfs/home/yanglucheng/.cache/coursier/v1/https/repo1.maven.org/maven2/org/typelevel/paiges-core_3/0.4.4/paiges-core_3-0.4.4.jar:/nfs/home/yanglucheng/.cache/coursier/v1/https/repo1.maven.org/maven2/org/scala-lang/scala-reflect/2.13.18/scala-reflect-2.13.18.jar:/nfs/home/yanglucheng/.cache/coursier/v1/https/repo1.maven.org/maven2/com/google/cloud/tools/jib-build-plan/0.4.0/jib-build-plan-0.4.0.jar:/nfs/home/yanglucheng/.cache/coursier/v1/https/repo1.maven.org/maven2/com/google/http-client/google-http-client/1.42.2/google-http-client-1.42.2.jar:/nfs/home/yanglucheng/.cache/coursier/v1/https/repo1.maven.org/maven2/com/google/http-client/google-http-client-apache-v2/1.42.2/google-http-client-apache-v2-1.42.2.jar:/nfs/home/yanglucheng/.cache/coursier/v1/https/repo1.maven.org/maven2/com/google/auth/google-auth-library-oauth2-http/1.10.0/google-auth-library-oauth2-http-1.10.0.jar:/nfs/home/yanglucheng/.cache/coursier/v1/https/repo1.maven.org/maven2/org/apache/commons/commons-compress/1.28.0/commons-compress-1.28.0.jar:/nfs/home/yanglucheng/.cache/coursier/v1/https/repo1.maven.org/maven2/com/fasterxml/jackson/core/jackson-databind/2.15.2/jackson-databind-2.15.2.jar:/nfs/home/yanglucheng/.cache/coursier/v1/https/repo1.maven.org/maven2/com/fasterxml/jackson/datatype/jackson-datatype-jsr310/2.15.2/jackson-datatype-jsr310-2.15.2.jar:/nfs/home/yanglucheng/.cache/coursier/v1/https/repo1.maven.org/maven2/com/lihaoyi/geny_3/1.1.1/geny_3-1.1.1.jar:/nfs/home/yanglucheng/.cache/coursier/v1/https/repo1.maven.org/maven2/com/lihaoyi/os-zip/0.11.8/os-zip-0.11.8.jar:/nfs/home/yanglucheng/.cache/coursier/v1/https/repo1.maven.org/maven2/org/bouncycastle/bcprov-jdk18on/1.83/bcprov-jdk18on-1.83.jar:/nfs/home/yanglucheng/.cache/coursier/v1/https/repo1.maven.org/maven2/org/jline/jline-terminal-jni/3.25.0/jline-terminal-jni-3.25.0.jar:/nfs/home/yanglucheng/.cache/coursier/v1/https/repo1.maven.org/maven2/org/jline/jline-native/3.25.0/jline-native-3.25.0.jar:/nfs/home/yanglucheng/.cache/coursier/v1/https/repo1.maven.org/maven2/org/scala-lang/scala3-compiler_3/3.3.7/scala3-compiler_3-3.3.7.jar:/nfs/home/yanglucheng/.cache/coursier/v1/https/repo1.maven.org/maven2/org/scalameta/scalameta_2.13/4.15.2/scalameta_2.13-4.15.2.jar:/nfs/home/yanglucheng/.cache/coursier/v1/https/repo1.maven.org/maven2/org/scala-lang/scalap/2.13.15/scalap-2.13.15.jar:/nfs/home/yanglucheng/.cache/coursier/v1/https/repo1.maven.org/maven2/com/thesamet/scalapb/scalapb-runtime_2.13/0.11.17/scalapb-runtime_2.13-0.11.17.jar:/nfs/home/yanglucheng/.cache/coursier/v1/https/repo1.maven.org/maven2/org/scala-native/tools_3/0.5.10/tools_3-0.5.10.jar:/nfs/home/yanglucheng/.cache/coursier/v1/https/repo1.maven.org/maven2/org/scala-sbt/test-interface/1.0/test-interface-1.0.jar:/nfs/home/yanglucheng/.cache/coursier/v1/https/repo1.maven.org/maven2/com/lihaoyi/fansi_3/0.5.1/fansi_3-0.5.1.jar:/nfs/home/yanglucheng/.cache/coursier/v1/https/repo1.maven.org/maven2/org/scala-js/scalajs-js-envs_3/1.5.0/scalajs-js-envs_3-1.5.0.jar:/nfs/home/yanglucheng/.cache/coursier/v1/https/repo1.maven.org/maven2/ch/epfl/scala/bloop-config_2.13/2.3.3/bloop-config_2.13-2.3.3.jar:/nfs/home/yanglucheng/.cache/coursier/v1/https/repo1.maven.org/maven2/org/virtuslab/scala-cli/core_3/1.12.4/core_3-1.12.4.jar:/nfs/home/yanglucheng/.cache/coursier/v1/https/repo1.maven.org/maven2/org/virtuslab/using_directives/1.1.4/using_directives-1.1.4.jar:/nfs/home/yanglucheng/.cache/coursier/v1/https/repo1.maven.org/maven2/org/virtuslab/scala-cli/build-macros_3/1.12.4/build-macros_3-1.12.4.jar:/nfs/home/yanglucheng/.cache/coursier/v1/https/repo1.maven.org/maven2/ch/epfl/scala/bsp4j/2.1.1/bsp4j-2.1.1.jar:/nfs/home/yanglucheng/.cache/coursier/v1/https/repo1.maven.org/maven2/org/fusesource/jansi/jansi/2.4.1/jansi-2.4.1.jar:/nfs/home/yanglucheng/.cache/coursier/v1/https/repo1.maven.org/maven2/io/github/alexarchambault/is-terminal/0.1.2/is-terminal-0.1.2.jar:/nfs/home/yanglucheng/.cache/coursier/v1/https/repo1.maven.org/maven2/org/apache/httpcomponents/httpclient/4.5.13/httpclient-4.5.13.jar:/nfs/home/yanglucheng/.cache/coursier/v1/https/repo1.maven.org/maven2/org/apache/httpcomponents/httpcore/4.4.15/httpcore-4.4.15.jar:/nfs/home/yanglucheng/.cache/coursier/v1/https/repo1.maven.org/maven2/com/google/code/findbugs/jsr305/3.0.2/jsr305-3.0.2.jar:/nfs/home/yanglucheng/.cache/coursier/v1/https/repo1.maven.org/maven2/io/opencensus/opencensus-api/0.31.1/opencensus-api-0.31.1.jar:/nfs/home/yanglucheng/.cache/coursier/v1/https/repo1.maven.org/maven2/io/opencensus/opencensus-contrib-http-util/0.31.1/opencensus-contrib-http-util-0.31.1.jar:/nfs/home/yanglucheng/.cache/coursier/v1/https/repo1.maven.org/maven2/com/google/auto/value/auto-value-annotations/1.9/auto-value-annotations-1.9.jar:/nfs/home/yanglucheng/.cache/coursier/v1/https/repo1.maven.org/maven2/com/google/auth/google-auth-library-credentials/1.10.0/google-auth-library-credentials-1.10.0.jar:/nfs/home/yanglucheng/.cache/coursier/v1/https/repo1.maven.org/maven2/com/google/http-client/google-http-client-gson/1.42.2/google-http-client-gson-1.42.2.jar:/nfs/home/yanglucheng/.cache/coursier/v1/https/repo1.maven.org/maven2/commons-codec/commons-codec/1.20.0/commons-codec-1.20.0.jar:/nfs/home/yanglucheng/.cache/coursier/v1/https/repo1.maven.org/maven2/org/apache/commons/commons-lang3/3.18.0/commons-lang3-3.18.0.jar:/nfs/home/yanglucheng/.cache/coursier/v1/https/repo1.maven.org/maven2/com/fasterxml/jackson/core/jackson-annotations/2.15.2/jackson-annotations-2.15.2.jar:/nfs/home/yanglucheng/.cache/coursier/v1/https/repo1.maven.org/maven2/com/fasterxml/jackson/core/jackson-core/2.15.2/jackson-core-2.15.2.jar:/nfs/home/yanglucheng/.cache/coursier/v1/https/repo1.maven.org/maven2/org/scala-lang/scala3-interfaces/3.3.7/scala3-interfaces-3.3.7.jar:/nfs/home/yanglucheng/.cache/coursier/v1/https/repo1.maven.org/maven2/org/scala-lang/tasty-core_3/3.3.7/tasty-core_3-3.3.7.jar:/nfs/home/yanglucheng/.cache/coursier/v1/https/repo1.maven.org/maven2/org/scala-lang/modules/scala-asm/9.8.0-scala-1/scala-asm-9.8.0-scala-1.jar:/nfs/home/yanglucheng/.cache/coursier/v1/https/repo1.maven.org/maven2/org/scala-sbt/compiler-interface/1.10.7/compiler-interface-1.10.7.jar:/nfs/home/yanglucheng/.cache/coursier/v1/https/repo1.maven.org/maven2/org/scalameta/parsers_2.13/4.15.2/parsers_2.13-4.15.2.jar:/nfs/home/yanglucheng/.cache/coursier/v1/https/repo1.maven.org/maven2/org/scala-lang/scala-compiler/2.13.15/scala-compiler-2.13.15.jar:/nfs/home/yanglucheng/.cache/coursier/v1/https/repo1.maven.org/maven2/com/thesamet/scalapb/lenses_2.13/0.11.17/lenses_2.13-0.11.17.jar:/nfs/home/yanglucheng/.cache/coursier/v1/https/repo1.maven.org/maven2/com/google/protobuf/protobuf-java/3.19.6/protobuf-java-3.19.6.jar:/nfs/home/yanglucheng/.cache/coursier/v1/https/repo1.maven.org/maven2/org/scala-native/nir_3/0.5.10/nir_3-0.5.10.jar:/nfs/home/yanglucheng/.cache/coursier/v1/https/repo1.maven.org/maven2/org/scala-native/util_3/0.5.10/util_3-0.5.10.jar:/nfs/home/yanglucheng/.cache/coursier/v1/https/repo1.maven.org/maven2/org/scala-js/scalajs-logging_3/1.2.0/scalajs-logging_3-1.2.0.jar:/nfs/home/yanglucheng/.cache/coursier/v1/https/repo1.maven.org/maven2/com/lihaoyi/unroll-annotation_2.13/0.1.12/unroll-annotation_2.13-0.1.12.jar:/nfs/home/yanglucheng/.cache/coursier/v1/https/repo1.maven.org/maven2/ch/epfl/scala/bloop-rifle_2.13/2.0.19/bloop-rifle_2.13-2.0.19.jar:/nfs/home/yanglucheng/.cache/coursier/v1/https/repo1.maven.org/maven2/io/get-coursier/coursier-jvm_2.13/2.1.25-M23/coursier-jvm_2.13-2.1.25-M23.jar:/nfs/home/yanglucheng/.cache/coursier/v1/https/repo1.maven.org/maven2/io/get-coursier/dependency_3/0.3.2/dependency_3-0.3.2.jar:/nfs/home/yanglucheng/.cache/coursier/v1/https/repo1.maven.org/maven2/org/eclipse/jgit/org.eclipse.jgit/7.5.0.202512021534-r/org.eclipse.jgit-7.5.0.202512021534-r.jar:/nfs/home/yanglucheng/.cache/coursier/v1/https/repo1.maven.org/maven2/org/scala-js/scalajs-env-jsdom-nodejs_2.13/1.1.1/scalajs-env-jsdom-nodejs_2.13-1.1.1.jar:/nfs/home/yanglucheng/.cache/coursier/v1/https/repo1.maven.org/maven2/org/eclipse/lsp4j/org.eclipse.lsp4j.generator/0.20.1/org.eclipse.lsp4j.generator-0.20.1.jar:/nfs/home/yanglucheng/.cache/coursier/v1/https/repo1.maven.org/maven2/org/eclipse/lsp4j/org.eclipse.lsp4j.jsonrpc/0.20.1/org.eclipse.lsp4j.jsonrpc-0.20.1.jar:/nfs/home/yanglucheng/.cache/coursier/v1/https/repo1.maven.org/maven2/commons-logging/commons-logging/1.2/commons-logging-1.2.jar:/nfs/home/yanglucheng/.cache/coursier/v1/https/repo1.maven.org/maven2/io/grpc/grpc-context/1.27.2/grpc-context-1.27.2.jar:/nfs/home/yanglucheng/.cache/coursier/v1/https/repo1.maven.org/maven2/com/google/code/gson/gson/2.10.1/gson-2.10.1.jar:/nfs/home/yanglucheng/.cache/coursier/v1/https/repo1.maven.org/maven2/org/scala-sbt/util-interface/1.10.7/util-interface-1.10.7.jar:/nfs/home/yanglucheng/.cache/coursier/v1/https/repo1.maven.org/maven2/org/scalameta/trees_2.13/4.15.2/trees_2.13-4.15.2.jar:/nfs/home/yanglucheng/.cache/coursier/v1/https/repo1.maven.org/maven2/io/github/java-diff-utils/java-diff-utils/4.12/java-diff-utils-4.12.jar:/nfs/home/yanglucheng/.cache/coursier/v1/https/repo1.maven.org/maven2/ch/epfl/scala/libdaemon_2.13/0.0.12/libdaemon_2.13-0.0.12.jar:/nfs/home/yanglucheng/.cache/coursier/v1/https/repo1.maven.org/maven2/io/github/alexarchambault/scala-cli/snailgun/snailgun-core_2.13/0.4.1-sc2/snailgun-core_2.13-0.4.1-sc2.jar:/nfs/home/yanglucheng/.cache/coursier/v1/https/repo1.maven.org/maven2/io/get-coursier/coursier_2.13/2.1.25-M23/coursier_2.13-2.1.25-M23.jar:/nfs/home/yanglucheng/.cache/coursier/v1/https/repo1.maven.org/maven2/io/get-coursier/coursier-archive-cache_2.13/2.1.25-M23/coursier-archive-cache_2.13-2.1.25-M23.jar:/nfs/home/yanglucheng/.cache/coursier/v1/https/repo1.maven.org/maven2/io/get-coursier/coursier-env_2.13/2.1.25-M23/coursier-env_2.13-2.1.25-M23.jar:/nfs/home/yanglucheng/.cache/coursier/v1/https/repo1.maven.org/maven2/io/get-coursier/coursier-exec/2.1.25-M23/coursier-exec-2.1.25-M23.jar:/nfs/home/yanglucheng/.cache/coursier/v1/https/repo1.maven.org/maven2/com/googlecode/javaewah/JavaEWAH/1.2.3/JavaEWAH-1.2.3.jar:/nfs/home/yanglucheng/.cache/coursier/v1/https/repo1.maven.org/maven2/org/eclipse/xtend/org.eclipse.xtend.lib/2.28.0/org.eclipse.xtend.lib-2.28.0.jar:/nfs/home/yanglucheng/.cache/coursier/v1/https/repo1.maven.org/maven2/org/scalameta/common_2.13/4.15.2/common_2.13-4.15.2.jar:/nfs/home/yanglucheng/.cache/coursier/v1/https/repo1.maven.org/maven2/org/scalameta/io_2.13/4.15.2/io_2.13-4.15.2.jar:/nfs/home/yanglucheng/.cache/coursier/v1/https/repo1.maven.org/maven2/org/codehaus/plexus/plexus-archiver/4.10.1/plexus-archiver-4.10.1.jar:/nfs/home/yanglucheng/.cache/coursier/v1/https/repo1.maven.org/maven2/org/codehaus/plexus/plexus-container-default/2.1.1/plexus-container-default-2.1.1.jar:/nfs/home/yanglucheng/.cache/coursier/v1/https/repo1.maven.org/maven2/org/apache/tika/tika-core/3.2.3/tika-core-3.2.3.jar:/nfs/home/yanglucheng/.cache/coursier/v1/https/repo1.maven.org/maven2/com/github/luben/zstd-jni/1.5.7-4/zstd-jni-1.5.7-4.jar:/nfs/home/yanglucheng/.cache/coursier/v1/https/repo1.maven.org/maven2/org/eclipse/xtext/org.eclipse.xtext.xbase.lib/2.28.0/org.eclipse.xtext.xbase.lib-2.28.0.jar:/nfs/home/yanglucheng/.cache/coursier/v1/https/repo1.maven.org/maven2/org/eclipse/xtend/org.eclipse.xtend.lib.macro/2.28.0/org.eclipse.xtend.lib.macro-2.28.0.jar:/nfs/home/yanglucheng/.cache/coursier/v1/https/repo1.maven.org/maven2/javax/inject/javax.inject/1/javax.inject-1.jar:/nfs/home/yanglucheng/.cache/coursier/v1/https/repo1.maven.org/maven2/org/codehaus/plexus/plexus-utils/4.0.2/plexus-utils-4.0.2.jar:/nfs/home/yanglucheng/.cache/coursier/v1/https/repo1.maven.org/maven2/org/codehaus/plexus/plexus-io/3.5.1/plexus-io-3.5.1.jar:/nfs/home/yanglucheng/.cache/coursier/v1/https/repo1.maven.org/maven2/io/airlift/aircompressor/0.27/aircompressor-0.27.jar:/nfs/home/yanglucheng/.cache/coursier/v1/https/repo1.maven.org/maven2/org/tukaani/xz/1.10/xz-1.10.jar:/nfs/home/yanglucheng/.cache/coursier/v1/https/repo1.maven.org/maven2/org/codehaus/plexus/plexus-classworlds/2.6.0/plexus-classworlds-2.6.0.jar:/nfs/home/yanglucheng/.cache/coursier/v1/https/repo1.maven.org/maven2/org/apache/xbean/xbean-reflect/3.7/xbean-reflect-3.7.jar, scala.cli.ScalaCli, bsp, --workspace, /tmp/metals-scala-cli16284561289389547191, --semantic-db-source-root, /nfs/home/yanglucheng/workspace/CodeReading/AxiInfra/src/main/scala/xs/infra/axi, /nfs/home/yanglucheng/workspace/CodeReading/AxiInfra/src/main/scala/xs/infra/axi/AxiReorder.scala)
2026.07.13 14:27:19 INFO  tracing is disabled for protocol BSP, to enable tracing of incoming and outgoing JSON messages create an empty file at /nfs/home/yanglucheng/workspace/CodeReading/AxiInfra/src/main/scala/xs/infra/axi/.metals/bsp.trace.json or /nfs/home/yanglucheng/.cache/metals/bsp.trace.json
2026.07.13 14:27:22 INFO  Scala CLI: Downloading https://repo.scala-lang.org/artifactory/maven-nightlies/org/scalameta/parsers_2.12/4.13.8/parsers_2.12-4.13.8.jar
2026.07.13 14:27:22 INFO  Scala CLI: Downloading https://repo.scala-lang.org/artifactory/maven-nightlies/org/scala-sbt/zinc-classfile_2.12/1.12.0/zinc-classfile_2.12-1.12.0.jar
2026.07.13 14:27:22 INFO  Scala CLI: Downloading https://repo.scala-lang.org/artifactory/maven-nightlies/org/typelevel/macro-compat_2.12/1.1.1/macro-compat_2.12-1.1.1.jar
2026.07.13 14:27:22 INFO  Scala CLI: Downloading https://repo.scala-lang.org/artifactory/maven-nightlies/io/zipkin/brave/brave/5.18.1/brave-5.18.1.jar
2026.07.13 14:27:22 INFO  Scala CLI: Downloading https://repo.scala-lang.org/artifactory/maven-nightlies/org/scala-sbt/zinc-core_2.12/1.12.0/zinc-core_2.12-1.12.0.jar
2026.07.13 14:27:22 INFO  Scala CLI: Downloading https://repo.scala-lang.org/artifactory/maven-nightlies/com/typesafe/ssl-config-core_2.12/0.6.1/ssl-config-core_2.12-0.6.1.jar
2026.07.13 14:27:23 INFO  Scala CLI: Downloaded https://repo.scala-lang.org/artifactory/maven-nightlies/org/typelevel/macro-compat_2.12/1.1.1/macro-compat_2.12-1.1.1.jar
2026.07.13 14:27:23 INFO  Scala CLI: Downloading https://repo.scala-lang.org/artifactory/maven-nightlies/io/zipkin/reporter2/zipkin-sender-urlconnection/2.17.2/zipkin-sender-urlconnection-2.17.2.jar
2026.07.13 14:27:23 INFO  Scala CLI: Downloaded https://repo.scala-lang.org/artifactory/maven-nightlies/io/zipkin/reporter2/zipkin-sender-urlconnection/2.17.2/zipkin-sender-urlconnection-2.17.2.jar
2026.07.13 14:27:23 INFO  Scala CLI: Downloading https://repo.scala-lang.org/artifactory/maven-nightlies/org/scala-sbt/ivy/ivy/2.3.0-sbt-77cc781d727b367d3761f097d89f5a4762771d41/ivy-2.3.0-sbt-77cc781d727b367d3761f097d89f5a4762771d41.jar
2026.07.13 14:27:25 INFO  Scala CLI: Downloaded https://repo.scala-lang.org/artifactory/maven-nightlies/io/zipkin/brave/brave/5.18.1/brave-5.18.1.jar
2026.07.13 14:27:25 INFO  Scala CLI: Downloading https://repo.scala-lang.org/artifactory/maven-nightlies/com/eed3si9n/shaded-apache-httpclient5/0.9.3/shaded-apache-httpclient5-0.9.3.jar
2026.07.13 14:27:26 INFO  Scala CLI: Downloaded https://repo.scala-lang.org/artifactory/maven-nightlies/org/scala-sbt/ivy/ivy/2.3.0-sbt-77cc781d727b367d3761f097d89f5a4762771d41/ivy-2.3.0-sbt-77cc781d727b367d3761f097d89f5a4762771d41.jar
2026.07.13 14:27:26 INFO  Scala CLI: Downloading https://repo.scala-lang.org/artifactory/maven-nightlies/org/scala-lang/scala-reflect/2.12.21/scala-reflect-2.12.21.jar
2026.07.13 14:27:27 INFO  Scala CLI: Downloaded https://repo.scala-lang.org/artifactory/maven-nightlies/org/scalameta/parsers_2.12/4.13.8/parsers_2.12-4.13.8.jar
2026.07.13 14:27:27 INFO  Scala CLI: Downloading https://repo.scala-lang.org/artifactory/maven-nightlies/net/java/dev/jna/jna/5.18.1/jna-5.18.1.jar
2026.07.13 14:27:30 INFO  Scala CLI: Downloaded https://repo.scala-lang.org/artifactory/maven-nightlies/org/scala-sbt/zinc-classfile_2.12/1.12.0/zinc-classfile_2.12-1.12.0.jar
2026.07.13 14:27:30 INFO  Scala CLI: Downloading https://repo.scala-lang.org/artifactory/maven-nightlies/ch/qos/logback/logback-core/1.5.27/logback-core-1.5.27.jar
2026.07.13 14:27:33 INFO  BSP server: [20-compile] Entered buildTargetCompile
2026.07.13 14:27:33 INFO  BSP server: [20-compile] buildTargetCompile took 1 msec
2026.07.13 14:27:35 INFO  Scala CLI: Downloaded https://repo.scala-lang.org/artifactory/maven-nightlies/com/typesafe/ssl-config-core_2.12/0.6.1/ssl-config-core_2.12-0.6.1.jar
2026.07.13 14:27:35 INFO  Scala CLI: Downloading https://repo.scala-lang.org/artifactory/maven-nightlies/org/typelevel/cats-core_2.12/2.1.1/cats-core_2.12-2.1.1.jar
2026.07.13 14:27:47 INFO  Scala CLI: Downloaded https://repo.scala-lang.org/artifactory/maven-nightlies/org/scala-sbt/zinc-core_2.12/1.12.0/zinc-core_2.12-1.12.0.jar
2026.07.13 14:27:47 INFO  Scala CLI: Downloading https://repo.scala-lang.org/artifactory/maven-nightlies/org/typelevel/cats-kernel_2.12/2.1.1/cats-kernel_2.12-2.1.1.jar
2026.07.13 14:27:51 INFO  Scala CLI: Downloaded https://repo.scala-lang.org/artifactory/maven-nightlies/com/eed3si9n/shaded-apache-httpclient5/0.9.3/shaded-apache-httpclient5-0.9.3.jar
2026.07.13 14:27:51 INFO  Scala CLI: Downloading https://repo.scala-lang.org/artifactory/maven-nightlies/io/monix/implicitbox_2.12/0.2.0/implicitbox_2.12-0.2.0.jar
2026.07.13 14:27:51 INFO  Scala CLI: Downloaded https://repo.scala-lang.org/artifactory/maven-nightlies/io/monix/implicitbox_2.12/0.2.0/implicitbox_2.12-0.2.0.jar
2026.07.13 14:27:51 INFO  Scala CLI: Downloading https://repo.scala-lang.org/artifactory/maven-nightlies/io/monix/monix-reactive_2.12/3.2.0/monix-reactive_2.12-3.2.0.jar
2026.07.13 14:28:19 ERROR Timeout waiting for 'build/initialize' response
2026.07.13 14:28:19 WARN  Retrying connection to the build server Scala CLI
2026.07.13 14:28:19 INFO  Running List(/nfs/home/yanglucheng/.cache/coursier/arc/https/github.com/adoptium/temurin17-binaries/releases/download/jdk-17.0.19%252B10/OpenJDK17U-jdk_x64_linux_hotspot_17.0.19_10.tar.gz/jdk-17.0.19+10/bin/java, -cp, /nfs/home/yanglucheng/.cache/coursier/v1/https/repo1.maven.org/maven2/org/virtuslab/scala-cli/cli_3/1.12.4/cli_3-1.12.4.jar:/nfs/home/yanglucheng/.cache/coursier/v1/https/repo1.maven.org/maven2/com/github/alexarchambault/case-app_3/2.1.0/case-app_3-2.1.0.jar:/nfs/home/yanglucheng/.cache/coursier/v1/https/repo1.maven.org/maven2/io/get-coursier/coursier-launcher_2.13/2.1.25-M23/coursier-launcher_2.13-2.1.25-M23.jar:/nfs/home/yanglucheng/.cache/coursier/v1/https/repo1.maven.org/maven2/io/get-coursier/coursier-proxy-setup/2.1.25-M23/coursier-proxy-setup-2.1.25-M23.jar:/nfs/home/yanglucheng/.cache/coursier/v1/https/repo1.maven.org/maven2/io/get-coursier/publish/publish_3/0.4.4/publish_3-0.4.4.jar:/nfs/home/yanglucheng/.cache/coursier/v1/https/repo1.maven.org/maven2/com/google/jimfs/jimfs/1.3.1/jimfs-1.3.1.jar:/nfs/home/yanglucheng/.cache/coursier/v1/https/repo1.maven.org/maven2/io/get-coursier/jniutils/windows-jni-utils/0.3.3/windows-jni-utils-0.3.3.jar:/nfs/home/yanglucheng/.cache/coursier/v1/https/repo1.maven.org/maven2/com/github/plokhotnyuk/jsoniter-scala/jsoniter-scala-core_3/2.38.8/jsoniter-scala-core_3-2.38.8.jar:/nfs/home/yanglucheng/.cache/coursier/v1/https/repo1.maven.org/maven2/org/virtuslab/scala-cli/libsodiumjni/0.0.4/libsodiumjni-0.0.4.jar:/nfs/home/yanglucheng/.cache/coursier/v1/https/repo1.maven.org/maven2/org/scalameta/metaconfig-typesafe-config_3/0.18.2/metaconfig-typesafe-config_3-0.18.2.jar:/nfs/home/yanglucheng/.cache/coursier/v1/https/repo1.maven.org/maven2/ai/kien/python-native-libs_3/0.2.5/python-native-libs_3-0.2.5.jar:/nfs/home/yanglucheng/.cache/coursier/v1/https/repo1.maven.org/maven2/org/virtuslab/scala-packager_3/0.2.1/scala-packager_3-0.2.1.jar:/nfs/home/yanglucheng/.cache/coursier/v1/https/repo1.maven.org/maven2/org/virtuslab/scala-cli-signing/cli_3/0.2.13/cli_3-0.2.13.jar:/nfs/home/yanglucheng/.cache/coursier/v1/https/repo1.maven.org/maven2/org/slf4j/slf4j-nop/2.0.17/slf4j-nop-2.0.17.jar:/nfs/home/yanglucheng/.cache/coursier/v1/https/repo1.maven.org/maven2/com/softwaremill/sttp/client3/core_3/3.11.0/core_3-3.11.0.jar:/nfs/home/yanglucheng/.cache/coursier/v1/https/repo1.maven.org/maven2/ch/epfl/scala/scalafix-interfaces/0.14.5/scalafix-interfaces-0.14.5.jar:/nfs/home/yanglucheng/.cache/coursier/v1/https/repo1.maven.org/maven2/org/virtuslab/scala-cli/scala3-graal_3/1.9.1/scala3-graal_3-1.9.1.jar:/nfs/home/yanglucheng/.cache/coursier/v1/https/repo1.maven.org/maven2/org/virtuslab/scala-cli/scala3-graal-processor_3/1.9.1/scala3-graal-processor_3-1.9.1.jar:/nfs/home/yanglucheng/.cache/coursier/v1/https/repo1.maven.org/maven2/org/scala-lang/scala3-library_3/3.3.7/scala3-library_3-3.3.7.jar:/nfs/home/yanglucheng/.cache/coursier/v1/https/repo1.maven.org/maven2/org/virtuslab/scala-cli/build-module_3/1.12.4/build-module_3-1.12.4.jar:/nfs/home/yanglucheng/.cache/coursier/v1/https/repo1.maven.org/maven2/org/virtuslab/scala-cli/config_3/1.12.4/config_3-1.12.4.jar:/nfs/home/yanglucheng/.cache/coursier/v1/https/repo1.maven.org/maven2/org/virtuslab/scala-cli/specification-level_3/1.12.4/specification-level_3-1.12.4.jar:/nfs/home/yanglucheng/.cache/coursier/v1/https/repo1.maven.org/maven2/com/lihaoyi/sourcecode_3/0.4.3-M5/sourcecode_3-0.4.3-M5.jar:/nfs/home/yanglucheng/.cache/coursier/v1/https/repo1.maven.org/maven2/com/github/alexarchambault/case-app-annotations_3/2.1.0/case-app-annotations_3-2.1.0.jar:/nfs/home/yanglucheng/.cache/coursier/v1/https/repo1.maven.org/maven2/com/github/alexarchambault/case-app-util_3/2.1.0/case-app-util_3-2.1.0.jar:/nfs/home/yanglucheng/.cache/coursier/v1/https/repo1.maven.org/maven2/io/github/alexarchambault/scala-cli/tmp/zip-input-stream/0.1.1/zip-input-stream-0.1.1.jar:/nfs/home/yanglucheng/.cache/coursier/v1/https/repo1.maven.org/maven2/org/scala-lang/scala-library/2.13.18/scala-library-2.13.18.jar:/nfs/home/yanglucheng/.cache/coursier/v1/https/repo1.maven.org/maven2/io/get-coursier/coursier-cache_2.13/2.1.25-M23/coursier-cache_2.13-2.1.25-M23.jar:/nfs/home/yanglucheng/.cache/coursier/v1/https/repo1.maven.org/maven2/io/get-coursier/coursier-core_2.13/2.1.25-M23/coursier-core_2.13-2.1.25-M23.jar:/nfs/home/yanglucheng/.cache/coursier/v1/https/repo1.maven.org/maven2/com/google/guava/guava/33.5.0-jre/guava-33.5.0-jre.jar:/nfs/home/yanglucheng/.cache/coursier/v1/https/repo1.maven.org/maven2/net/java/dev/jna/jna/5.17.0/jna-5.17.0.jar:/nfs/home/yanglucheng/.cache/coursier/v1/https/repo1.maven.org/maven2/net/java/dev/jna/jna-platform/5.12.1/jna-platform-5.12.1.jar:/nfs/home/yanglucheng/.cache/coursier/v1/https/repo1.maven.org/maven2/org/scalameta/metaconfig-core_3/0.18.2/metaconfig-core_3-0.18.2.jar:/nfs/home/yanglucheng/.cache/coursier/v1/https/repo1.maven.org/maven2/com/typesafe/config/1.4.5/config-1.4.5.jar:/nfs/home/yanglucheng/.cache/coursier/v1/https/repo1.maven.org/maven2/org/scala-lang/modules/scala-collection-compat_3/2.14.0/scala-collection-compat_3-2.14.0.jar:/nfs/home/yanglucheng/.cache/coursier/v1/https/repo1.maven.org/maven2/commons-io/commons-io/2.20.0/commons-io-2.20.0.jar:/nfs/home/yanglucheng/.cache/coursier/v1/https/repo1.maven.org/maven2/com/google/cloud/tools/jib-core/0.27.3/jib-core-0.27.3.jar:/nfs/home/yanglucheng/.cache/coursier/v1/https/repo1.maven.org/maven2/com/lihaoyi/os-lib_3/0.11.8/os-lib_3-0.11.8.jar:/nfs/home/yanglucheng/.cache/coursier/v1/https/repo1.maven.org/maven2/org/bouncycastle/bcpg-jdk18on/1.83/bcpg-jdk18on-1.83.jar:/nfs/home/yanglucheng/.cache/coursier/v1/https/repo1.maven.org/maven2/org/bouncycastle/bcutil-jdk18on/1.83/bcutil-jdk18on-1.83.jar:/nfs/home/yanglucheng/.cache/coursier/v1/https/repo1.maven.org/maven2/org/virtuslab/scala-cli-signing/shared_3/0.2.13/shared_3-0.2.13.jar:/nfs/home/yanglucheng/.cache/coursier/v1/https/repo1.maven.org/maven2/org/slf4j/slf4j-api/2.0.17/slf4j-api-2.0.17.jar:/nfs/home/yanglucheng/.cache/coursier/v1/https/repo1.maven.org/maven2/com/softwaremill/sttp/model/core_3/1.7.11/core_3-1.7.11.jar:/nfs/home/yanglucheng/.cache/coursier/v1/https/repo1.maven.org/maven2/com/softwaremill/sttp/shared/core_3/1.3.22/core_3-1.3.22.jar:/nfs/home/yanglucheng/.cache/coursier/v1/https/repo1.maven.org/maven2/com/softwaremill/sttp/shared/ws_3/1.3.22/ws_3-1.3.22.jar:/nfs/home/yanglucheng/.cache/coursier/v1/https/repo1.maven.org/maven2/io/get-coursier/interface/1.0.28/interface-1.0.28.jar:/nfs/home/yanglucheng/.cache/coursier/v1/https/repo1.maven.org/maven2/org/ow2/asm/asm/9.9.1/asm-9.9.1.jar:/nfs/home/yanglucheng/.cache/coursier/v1/https/repo1.maven.org/maven2/org/virtuslab/scala-cli/java-class-name/java-class-name_3/0.1.9/java-class-name_3-0.1.9.jar:/nfs/home/yanglucheng/.cache/coursier/v1/https/repo1.maven.org/maven2/org/scalameta/semanticdb-shared_2.13/4.15.2/semanticdb-shared_2.13-4.15.2.jar:/nfs/home/yanglucheng/.cache/coursier/v1/https/repo1.maven.org/maven2/org/scala-native/test-runner_3/0.5.10/test-runner_3-0.5.10.jar:/nfs/home/yanglucheng/.cache/coursier/v1/https/repo1.maven.org/maven2/com/lihaoyi/pprint_3/0.9.5/pprint_3-0.9.5.jar:/nfs/home/yanglucheng/.cache/coursier/v1/https/repo1.maven.org/maven2/org/scala-js/scalajs-env-nodejs_3/1.5.0/scalajs-env-nodejs_3-1.5.0.jar:/nfs/home/yanglucheng/.cache/coursier/v1/https/repo1.maven.org/maven2/org/scala-js/scalajs-sbt-test-adapter_2.13/1.20.2/scalajs-sbt-test-adapter_2.13-1.20.2.jar:/nfs/home/yanglucheng/.cache/coursier/v1/https/repo1.maven.org/maven2/com/swoval/file-tree-views/2.1.12/file-tree-views-2.1.12.jar:/nfs/home/yanglucheng/.cache/coursier/v1/https/repo1.maven.org/maven2/org/virtuslab/scala-cli/zip-input-stream/zip-input-stream/0.1.3/zip-input-stream-0.1.3.jar:/nfs/home/yanglucheng/.cache/coursier/v1/https/repo1.maven.org/maven2/org/virtuslab/scala-cli/options_3/1.12.4/options_3-1.12.4.jar:/nfs/home/yanglucheng/.cache/coursier/v1/https/repo1.maven.org/maven2/org/virtuslab/scala-cli/directives_3/1.12.4/directives_3-1.12.4.jar:/nfs/home/yanglucheng/.cache/coursier/v1/https/repo1.maven.org/maven2/org/virtuslab/scala-cli/scala-cli-bsp/1.12.4/scala-cli-bsp-1.12.4.jar:/nfs/home/yanglucheng/.cache/coursier/v1/https/repo1.maven.org/maven2/org/virtuslab/scala-cli/test-runner_3/1.12.4/test-runner_3-1.12.4.jar:/nfs/home/yanglucheng/.cache/coursier/v1/https/repo1.maven.org/maven2/org/virtuslab/scala-cli/tasty-lib_3/1.12.4/tasty-lib_3-1.12.4.jar:/nfs/home/yanglucheng/.cache/coursier/v1/https/repo1.maven.org/maven2/io/github/alexarchambault/windows-ansi/windows-ansi/0.0.6/windows-ansi-0.0.6.jar:/nfs/home/yanglucheng/.cache/coursier/v1/https/repo1.maven.org/maven2/io/get-coursier/cache-util/2.1.25-M23/cache-util-2.1.25-M23.jar:/nfs/home/yanglucheng/.cache/coursier/v1/https/repo1.maven.org/maven2/io/get-coursier/coursier-paths/2.1.25-M23/coursier-paths-2.1.25-M23.jar:/nfs/home/yanglucheng/.cache/coursier/v1/https/repo1.maven.org/maven2/io/get-coursier/coursier-util_2.13/2.1.25-M23/coursier-util_2.13-2.1.25-M23.jar:/nfs/home/yanglucheng/.cache/coursier/v1/https/repo1.maven.org/maven2/io/get-coursier/versions_2.13/0.5.1/versions_2.13-0.5.1.jar:/nfs/home/yanglucheng/.cache/coursier/v1/https/repo1.maven.org/maven2/io/github/alexarchambault/concurrent-reference-hash-map/1.1.0/concurrent-reference-hash-map-1.1.0.jar:/nfs/home/yanglucheng/.cache/coursier/v1/https/repo1.maven.org/maven2/org/scala-lang/modules/scala-xml_2.13/2.4.0/scala-xml_2.13-2.4.0.jar:/nfs/home/yanglucheng/.cache/coursier/v1/https/repo1.maven.org/maven2/com/google/guava/failureaccess/1.0.3/failureaccess-1.0.3.jar:/nfs/home/yanglucheng/.cache/coursier/v1/https/repo1.maven.org/maven2/com/google/guava/listenablefuture/9999.0-empty-to-avoid-conflict-with-guava/listenablefuture-9999.0-empty-to-avoid-conflict-with-guava.jar:/nfs/home/yanglucheng/.cache/coursier/v1/https/repo1.maven.org/maven2/org/jspecify/jspecify/1.0.0/jspecify-1.0.0.jar:/nfs/home/yanglucheng/.cache/coursier/v1/https/repo1.maven.org/maven2/com/google/errorprone/error_prone_annotations/2.41.0/error_prone_annotations-2.41.0.jar:/nfs/home/yanglucheng/.cache/coursier/v1/https/repo1.maven.org/maven2/com/google/j2objc/j2objc-annotations/3.1/j2objc-annotations-3.1.jar:/nfs/home/yanglucheng/.cache/coursier/v1/https/repo1.maven.org/maven2/org/scalameta/metaconfig-pprint_3/0.18.2/metaconfig-pprint_3-0.18.2.jar:/nfs/home/yanglucheng/.cache/coursier/v1/https/repo1.maven.org/maven2/org/typelevel/paiges-core_3/0.4.4/paiges-core_3-0.4.4.jar:/nfs/home/yanglucheng/.cache/coursier/v1/https/repo1.maven.org/maven2/org/scala-lang/scala-reflect/2.13.18/scala-reflect-2.13.18.jar:/nfs/home/yanglucheng/.cache/coursier/v1/https/repo1.maven.org/maven2/com/google/cloud/tools/jib-build-plan/0.4.0/jib-build-plan-0.4.0.jar:/nfs/home/yanglucheng/.cache/coursier/v1/https/repo1.maven.org/maven2/com/google/http-client/google-http-client/1.42.2/google-http-client-1.42.2.jar:/nfs/home/yanglucheng/.cache/coursier/v1/https/repo1.maven.org/maven2/com/google/http-client/google-http-client-apache-v2/1.42.2/google-http-client-apache-v2-1.42.2.jar:/nfs/home/yanglucheng/.cache/coursier/v1/https/repo1.maven.org/maven2/com/google/auth/google-auth-library-oauth2-http/1.10.0/google-auth-library-oauth2-http-1.10.0.jar:/nfs/home/yanglucheng/.cache/coursier/v1/https/repo1.maven.org/maven2/org/apache/commons/commons-compress/1.28.0/commons-compress-1.28.0.jar:/nfs/home/yanglucheng/.cache/coursier/v1/https/repo1.maven.org/maven2/com/fasterxml/jackson/core/jackson-databind/2.15.2/jackson-databind-2.15.2.jar:/nfs/home/yanglucheng/.cache/coursier/v1/https/repo1.maven.org/maven2/com/fasterxml/jackson/datatype/jackson-datatype-jsr310/2.15.2/jackson-datatype-jsr310-2.15.2.jar:/nfs/home/yanglucheng/.cache/coursier/v1/https/repo1.maven.org/maven2/com/lihaoyi/geny_3/1.1.1/geny_3-1.1.1.jar:/nfs/home/yanglucheng/.cache/coursier/v1/https/repo1.maven.org/maven2/com/lihaoyi/os-zip/0.11.8/os-zip-0.11.8.jar:/nfs/home/yanglucheng/.cache/coursier/v1/https/repo1.maven.org/maven2/org/bouncycastle/bcprov-jdk18on/1.83/bcprov-jdk18on-1.83.jar:/nfs/home/yanglucheng/.cache/coursier/v1/https/repo1.maven.org/maven2/org/jline/jline-terminal-jni/3.25.0/jline-terminal-jni-3.25.0.jar:/nfs/home/yanglucheng/.cache/coursier/v1/https/repo1.maven.org/maven2/org/jline/jline-native/3.25.0/jline-native-3.25.0.jar:/nfs/home/yanglucheng/.cache/coursier/v1/https/repo1.maven.org/maven2/org/scala-lang/scala3-compiler_3/3.3.7/scala3-compiler_3-3.3.7.jar:/nfs/home/yanglucheng/.cache/coursier/v1/https/repo1.maven.org/maven2/org/scalameta/scalameta_2.13/4.15.2/scalameta_2.13-4.15.2.jar:/nfs/home/yanglucheng/.cache/coursier/v1/https/repo1.maven.org/maven2/org/scala-lang/scalap/2.13.15/scalap-2.13.15.jar:/nfs/home/yanglucheng/.cache/coursier/v1/https/repo1.maven.org/maven2/com/thesamet/scalapb/scalapb-runtime_2.13/0.11.17/scalapb-runtime_2.13-0.11.17.jar:/nfs/home/yanglucheng/.cache/coursier/v1/https/repo1.maven.org/maven2/org/scala-native/tools_3/0.5.10/tools_3-0.5.10.jar:/nfs/home/yanglucheng/.cache/coursier/v1/https/repo1.maven.org/maven2/org/scala-sbt/test-interface/1.0/test-interface-1.0.jar:/nfs/home/yanglucheng/.cache/coursier/v1/https/repo1.maven.org/maven2/com/lihaoyi/fansi_3/0.5.1/fansi_3-0.5.1.jar:/nfs/home/yanglucheng/.cache/coursier/v1/https/repo1.maven.org/maven2/org/scala-js/scalajs-js-envs_3/1.5.0/scalajs-js-envs_3-1.5.0.jar:/nfs/home/yanglucheng/.cache/coursier/v1/https/repo1.maven.org/maven2/ch/epfl/scala/bloop-config_2.13/2.3.3/bloop-config_2.13-2.3.3.jar:/nfs/home/yanglucheng/.cache/coursier/v1/https/repo1.maven.org/maven2/org/virtuslab/scala-cli/core_3/1.12.4/core_3-1.12.4.jar:/nfs/home/yanglucheng/.cache/coursier/v1/https/repo1.maven.org/maven2/org/virtuslab/using_directives/1.1.4/using_directives-1.1.4.jar:/nfs/home/yanglucheng/.cache/coursier/v1/https/repo1.maven.org/maven2/org/virtuslab/scala-cli/build-macros_3/1.12.4/build-macros_3-1.12.4.jar:/nfs/home/yanglucheng/.cache/coursier/v1/https/repo1.maven.org/maven2/ch/epfl/scala/bsp4j/2.1.1/bsp4j-2.1.1.jar:/nfs/home/yanglucheng/.cache/coursier/v1/https/repo1.maven.org/maven2/org/fusesource/jansi/jansi/2.4.1/jansi-2.4.1.jar:/nfs/home/yanglucheng/.cache/coursier/v1/https/repo1.maven.org/maven2/io/github/alexarchambault/is-terminal/0.1.2/is-terminal-0.1.2.jar:/nfs/home/yanglucheng/.cache/coursier/v1/https/repo1.maven.org/maven2/org/apache/httpcomponents/httpclient/4.5.13/httpclient-4.5.13.jar:/nfs/home/yanglucheng/.cache/coursier/v1/https/repo1.maven.org/maven2/org/apache/httpcomponents/httpcore/4.4.15/httpcore-4.4.15.jar:/nfs/home/yanglucheng/.cache/coursier/v1/https/repo1.maven.org/maven2/com/google/code/findbugs/jsr305/3.0.2/jsr305-3.0.2.jar:/nfs/home/yanglucheng/.cache/coursier/v1/https/repo1.maven.org/maven2/io/opencensus/opencensus-api/0.31.1/opencensus-api-0.31.1.jar:/nfs/home/yanglucheng/.cache/coursier/v1/https/repo1.maven.org/maven2/io/opencensus/opencensus-contrib-http-util/0.31.1/opencensus-contrib-http-util-0.31.1.jar:/nfs/home/yanglucheng/.cache/coursier/v1/https/repo1.maven.org/maven2/com/google/auto/value/auto-value-annotations/1.9/auto-value-annotations-1.9.jar:/nfs/home/yanglucheng/.cache/coursier/v1/https/repo1.maven.org/maven2/com/google/auth/google-auth-library-credentials/1.10.0/google-auth-library-credentials-1.10.0.jar:/nfs/home/yanglucheng/.cache/coursier/v1/https/repo1.maven.org/maven2/com/google/http-client/google-http-client-gson/1.42.2/google-http-client-gson-1.42.2.jar:/nfs/home/yanglucheng/.cache/coursier/v1/https/repo1.maven.org/maven2/commons-codec/commons-codec/1.20.0/commons-codec-1.20.0.jar:/nfs/home/yanglucheng/.cache/coursier/v1/https/repo1.maven.org/maven2/org/apache/commons/commons-lang3/3.18.0/commons-lang3-3.18.0.jar:/nfs/home/yanglucheng/.cache/coursier/v1/https/repo1.maven.org/maven2/com/fasterxml/jackson/core/jackson-annotations/2.15.2/jackson-annotations-2.15.2.jar:/nfs/home/yanglucheng/.cache/coursier/v1/https/repo1.maven.org/maven2/com/fasterxml/jackson/core/jackson-core/2.15.2/jackson-core-2.15.2.jar:/nfs/home/yanglucheng/.cache/coursier/v1/https/repo1.maven.org/maven2/org/scala-lang/scala3-interfaces/3.3.7/scala3-interfaces-3.3.7.jar:/nfs/home/yanglucheng/.cache/coursier/v1/https/repo1.maven.org/maven2/org/scala-lang/tasty-core_3/3.3.7/tasty-core_3-3.3.7.jar:/nfs/home/yanglucheng/.cache/coursier/v1/https/repo1.maven.org/maven2/org/scala-lang/modules/scala-asm/9.8.0-scala-1/scala-asm-9.8.0-scala-1.jar:/nfs/home/yanglucheng/.cache/coursier/v1/https/repo1.maven.org/maven2/org/scala-sbt/compiler-interface/1.10.7/compiler-interface-1.10.7.jar:/nfs/home/yanglucheng/.cache/coursier/v1/https/repo1.maven.org/maven2/org/scalameta/parsers_2.13/4.15.2/parsers_2.13-4.15.2.jar:/nfs/home/yanglucheng/.cache/coursier/v1/https/repo1.maven.org/maven2/org/scala-lang/scala-compiler/2.13.15/scala-compiler-2.13.15.jar:/nfs/home/yanglucheng/.cache/coursier/v1/https/repo1.maven.org/maven2/com/thesamet/scalapb/lenses_2.13/0.11.17/lenses_2.13-0.11.17.jar:/nfs/home/yanglucheng/.cache/coursier/v1/https/repo1.maven.org/maven2/com/google/protobuf/protobuf-java/3.19.6/protobuf-java-3.19.6.jar:/nfs/home/yanglucheng/.cache/coursier/v1/https/repo1.maven.org/maven2/org/scala-native/nir_3/0.5.10/nir_3-0.5.10.jar:/nfs/home/yanglucheng/.cache/coursier/v1/https/repo1.maven.org/maven2/org/scala-native/util_3/0.5.10/util_3-0.5.10.jar:/nfs/home/yanglucheng/.cache/coursier/v1/https/repo1.maven.org/maven2/org/scala-js/scalajs-logging_3/1.2.0/scalajs-logging_3-1.2.0.jar:/nfs/home/yanglucheng/.cache/coursier/v1/https/repo1.maven.org/maven2/com/lihaoyi/unroll-annotation_2.13/0.1.12/unroll-annotation_2.13-0.1.12.jar:/nfs/home/yanglucheng/.cache/coursier/v1/https/repo1.maven.org/maven2/ch/epfl/scala/bloop-rifle_2.13/2.0.19/bloop-rifle_2.13-2.0.19.jar:/nfs/home/yanglucheng/.cache/coursier/v1/https/repo1.maven.org/maven2/io/get-coursier/coursier-jvm_2.13/2.1.25-M23/coursier-jvm_2.13-2.1.25-M23.jar:/nfs/home/yanglucheng/.cache/coursier/v1/https/repo1.maven.org/maven2/io/get-coursier/dependency_3/0.3.2/dependency_3-0.3.2.jar:/nfs/home/yanglucheng/.cache/coursier/v1/https/repo1.maven.org/maven2/org/eclipse/jgit/org.eclipse.jgit/7.5.0.202512021534-r/org.eclipse.jgit-7.5.0.202512021534-r.jar:/nfs/home/yanglucheng/.cache/coursier/v1/https/repo1.maven.org/maven2/org/scala-js/scalajs-env-jsdom-nodejs_2.13/1.1.1/scalajs-env-jsdom-nodejs_2.13-1.1.1.jar:/nfs/home/yanglucheng/.cache/coursier/v1/https/repo1.maven.org/maven2/org/eclipse/lsp4j/org.eclipse.lsp4j.generator/0.20.1/org.eclipse.lsp4j.generator-0.20.1.jar:/nfs/home/yanglucheng/.cache/coursier/v1/https/repo1.maven.org/maven2/org/eclipse/lsp4j/org.eclipse.lsp4j.jsonrpc/0.20.1/org.eclipse.lsp4j.jsonrpc-0.20.1.jar:/nfs/home/yanglucheng/.cache/coursier/v1/https/repo1.maven.org/maven2/commons-logging/commons-logging/1.2/commons-logging-1.2.jar:/nfs/home/yanglucheng/.cache/coursier/v1/https/repo1.maven.org/maven2/io/grpc/grpc-context/1.27.2/grpc-context-1.27.2.jar:/nfs/home/yanglucheng/.cache/coursier/v1/https/repo1.maven.org/maven2/com/google/code/gson/gson/2.10.1/gson-2.10.1.jar:/nfs/home/yanglucheng/.cache/coursier/v1/https/repo1.maven.org/maven2/org/scala-sbt/util-interface/1.10.7/util-interface-1.10.7.jar:/nfs/home/yanglucheng/.cache/coursier/v1/https/repo1.maven.org/maven2/org/scalameta/trees_2.13/4.15.2/trees_2.13-4.15.2.jar:/nfs/home/yanglucheng/.cache/coursier/v1/https/repo1.maven.org/maven2/io/github/java-diff-utils/java-diff-utils/4.12/java-diff-utils-4.12.jar:/nfs/home/yanglucheng/.cache/coursier/v1/https/repo1.maven.org/maven2/ch/epfl/scala/libdaemon_2.13/0.0.12/libdaemon_2.13-0.0.12.jar:/nfs/home/yanglucheng/.cache/coursier/v1/https/repo1.maven.org/maven2/io/github/alexarchambault/scala-cli/snailgun/snailgun-core_2.13/0.4.1-sc2/snailgun-core_2.13-0.4.1-sc2.jar:/nfs/home/yanglucheng/.cache/coursier/v1/https/repo1.maven.org/maven2/io/get-coursier/coursier_2.13/2.1.25-M23/coursier_2.13-2.1.25-M23.jar:/nfs/home/yanglucheng/.cache/coursier/v1/https/repo1.maven.org/maven2/io/get-coursier/coursier-archive-cache_2.13/2.1.25-M23/coursier-archive-cache_2.13-2.1.25-M23.jar:/nfs/home/yanglucheng/.cache/coursier/v1/https/repo1.maven.org/maven2/io/get-coursier/coursier-env_2.13/2.1.25-M23/coursier-env_2.13-2.1.25-M23.jar:/nfs/home/yanglucheng/.cache/coursier/v1/https/repo1.maven.org/maven2/io/get-coursier/coursier-exec/2.1.25-M23/coursier-exec-2.1.25-M23.jar:/nfs/home/yanglucheng/.cache/coursier/v1/https/repo1.maven.org/maven2/com/googlecode/javaewah/JavaEWAH/1.2.3/JavaEWAH-1.2.3.jar:/nfs/home/yanglucheng/.cache/coursier/v1/https/repo1.maven.org/maven2/org/eclipse/xtend/org.eclipse.xtend.lib/2.28.0/org.eclipse.xtend.lib-2.28.0.jar:/nfs/home/yanglucheng/.cache/coursier/v1/https/repo1.maven.org/maven2/org/scalameta/common_2.13/4.15.2/common_2.13-4.15.2.jar:/nfs/home/yanglucheng/.cache/coursier/v1/https/repo1.maven.org/maven2/org/scalameta/io_2.13/4.15.2/io_2.13-4.15.2.jar:/nfs/home/yanglucheng/.cache/coursier/v1/https/repo1.maven.org/maven2/org/codehaus/plexus/plexus-archiver/4.10.1/plexus-archiver-4.10.1.jar:/nfs/home/yanglucheng/.cache/coursier/v1/https/repo1.maven.org/maven2/org/codehaus/plexus/plexus-container-default/2.1.1/plexus-container-default-2.1.1.jar:/nfs/home/yanglucheng/.cache/coursier/v1/https/repo1.maven.org/maven2/org/apache/tika/tika-core/3.2.3/tika-core-3.2.3.jar:/nfs/home/yanglucheng/.cache/coursier/v1/https/repo1.maven.org/maven2/com/github/luben/zstd-jni/1.5.7-4/zstd-jni-1.5.7-4.jar:/nfs/home/yanglucheng/.cache/coursier/v1/https/repo1.maven.org/maven2/org/eclipse/xtext/org.eclipse.xtext.xbase.lib/2.28.0/org.eclipse.xtext.xbase.lib-2.28.0.jar:/nfs/home/yanglucheng/.cache/coursier/v1/https/repo1.maven.org/maven2/org/eclipse/xtend/org.eclipse.xtend.lib.macro/2.28.0/org.eclipse.xtend.lib.macro-2.28.0.jar:/nfs/home/yanglucheng/.cache/coursier/v1/https/repo1.maven.org/maven2/javax/inject/javax.inject/1/javax.inject-1.jar:/nfs/home/yanglucheng/.cache/coursier/v1/https/repo1.maven.org/maven2/org/codehaus/plexus/plexus-utils/4.0.2/plexus-utils-4.0.2.jar:/nfs/home/yanglucheng/.cache/coursier/v1/https/repo1.maven.org/maven2/org/codehaus/plexus/plexus-io/3.5.1/plexus-io-3.5.1.jar:/nfs/home/yanglucheng/.cache/coursier/v1/https/repo1.maven.org/maven2/io/airlift/aircompressor/0.27/aircompressor-0.27.jar:/nfs/home/yanglucheng/.cache/coursier/v1/https/repo1.maven.org/maven2/org/tukaani/xz/1.10/xz-1.10.jar:/nfs/home/yanglucheng/.cache/coursier/v1/https/repo1.maven.org/maven2/org/codehaus/plexus/plexus-classworlds/2.6.0/plexus-classworlds-2.6.0.jar:/nfs/home/yanglucheng/.cache/coursier/v1/https/repo1.maven.org/maven2/org/apache/xbean/xbean-reflect/3.7/xbean-reflect-3.7.jar, scala.cli.ScalaCli, bsp, --workspace, /tmp/metals-scala-cli16284561289389547191, --semantic-db-source-root, /nfs/home/yanglucheng/workspace/CodeReading/AxiInfra/src/main/scala/xs/infra/axi, /nfs/home/yanglucheng/workspace/CodeReading/AxiInfra/src/main/scala/xs/infra/axi/AxiReorder.scala)
2026.07.13 14:28:19 INFO  tracing is disabled for protocol BSP, to enable tracing of incoming and outgoing JSON messages create an empty file at /nfs/home/yanglucheng/workspace/CodeReading/AxiInfra/src/main/scala/xs/infra/axi/.metals/bsp.trace.json or /nfs/home/yanglucheng/.cache/metals/bsp.trace.json
2026.07.13 14:28:22 INFO  Scala CLI: Downloading https://repo.scala-lang.org/artifactory/maven-nightlies/org/scalaz/scalaz-core_2.12/7.3.8/scalaz-core_2.12-7.3.8.jar
2026.07.13 14:28:22 INFO  Scala CLI: Downloading https://repo.scala-lang.org/artifactory/maven-nightlies/com/lihaoyi/sourcecode_2.12/0.4.4/sourcecode_2.12-0.4.4.jar
2026.07.13 14:28:22 INFO  Scala CLI: Downloading https://repo.scala-lang.org/artifactory/maven-nightlies/org/typelevel/cats-effect_2.12/2.1.3/cats-effect_2.12-2.1.3.jar
2026.07.13 14:28:22 INFO  Scala CLI: Downloading https://repo.scala-lang.org/artifactory/maven-nightlies/org/typelevel/cats-kernel_2.12/2.1.1/cats-kernel_2.12-2.1.1.jar
2026.07.13 14:28:22 INFO  Scala CLI: Downloading https://repo.scala-lang.org/artifactory/maven-nightlies/org/scala-lang/modules/scala-collection-compat_2.12/2.13.0/scala-collection-compat_2.12-2.13.0.jar
2026.07.13 14:28:22 INFO  Scala CLI: Downloading https://repo.scala-lang.org/artifactory/maven-nightlies/net/java/dev/jna/jna/5.18.1/jna-5.18.1.jar
2026.07.13 14:28:24 INFO  Scala CLI: Downloaded https://repo.scala-lang.org/artifactory/maven-nightlies/org/scala-lang/modules/scala-collection-compat_2.12/2.13.0/scala-collection-compat_2.12-2.13.0.jar
2026.07.13 14:28:24 INFO  Scala CLI: Downloading https://repo.scala-lang.org/artifactory/maven-nightlies/net/java/dev/jna/jna-platform/4.4.0/jna-platform-4.4.0.jar
2026.07.13 14:28:24 INFO  Scala CLI: Downloaded https://repo.scala-lang.org/artifactory/maven-nightlies/com/lihaoyi/sourcecode_2.12/0.4.4/sourcecode_2.12-0.4.4.jar
2026.07.13 14:28:24 INFO  Scala CLI: Downloading https://repo.scala-lang.org/artifactory/maven-nightlies/com/outr/moduload_2.12/1.1.5/moduload_2.12-1.1.5.jar
2026.07.13 14:28:26 INFO  Scala CLI: Downloaded https://repo.scala-lang.org/artifactory/maven-nightlies/com/outr/moduload_2.12/1.1.5/moduload_2.12-1.1.5.jar
2026.07.13 14:28:26 INFO  Scala CLI: Downloading https://repo.scala-lang.org/artifactory/maven-nightlies/com/chuusai/shapeless_2.12/2.3.3/shapeless_2.12-2.3.3.jar
2026.07.13 14:28:33 INFO  BSP server: [21-compile] Entered buildTargetCompile
2026.07.13 14:28:33 INFO  BSP server: [21-compile] buildTargetCompile took 0 msec
2026.07.13 14:28:48 INFO  Scala CLI: Downloaded https://repo.scala-lang.org/artifactory/maven-nightlies/org/typelevel/cats-effect_2.12/2.1.3/cats-effect_2.12-2.1.3.jar
2026.07.13 14:28:48 INFO  Scala CLI: Downloading https://repo.scala-lang.org/artifactory/maven-nightlies/org/ow2/asm/asm-util/9.9.1/asm-util-9.9.1.jar
2026.07.13 14:28:49 INFO  Scala CLI: Downloaded https://repo.scala-lang.org/artifactory/maven-nightlies/net/java/dev/jna/jna/5.18.1/jna-5.18.1.jar
2026.07.13 14:28:49 INFO  Scala CLI: Downloading https://repo.scala-lang.org/artifactory/maven-nightlies/io/github/alexarchambault/bleep/jsonrpc4s_2.12/0.1.1/jsonrpc4s_2.12-0.1.1.jar
Jul 13, 2026 2:28:49 PM org.eclipse.lsp4j.jsonrpc.RemoteEndpoint handleCancellation
WARNING: Unmatched cancel notification for request id 48
2026.07.13 14:28:49 INFO  Scala CLI: Downloaded https://repo.scala-lang.org/artifactory/maven-nightlies/org/ow2/asm/asm-util/9.9.1/asm-util-9.9.1.jar
2026.07.13 14:28:49 INFO  Scala CLI: Downloading https://repo.scala-lang.org/artifactory/maven-nightlies/com/lihaoyi/fansi_2.12/0.5.1/fansi_2.12-0.5.1.jar
2026.07.13 14:28:49 INFO  Scala CLI: Downloaded https://repo.scala-lang.org/artifactory/maven-nightlies/net/java/dev/jna/jna-platform/4.4.0/jna-platform-4.4.0.jar
2026.07.13 14:28:49 INFO  Scala CLI: Downloading https://repo.scala-lang.org/artifactory/maven-nightlies/org/scala-sbt/librarymanagement-core_2.12/1.12.0/librarymanagement-core_2.12-1.12.0.jar
2026.07.13 14:28:51 INFO  Scala CLI: Downloaded https://repo.scala-lang.org/artifactory/maven-nightlies/io/github/alexarchambault/bleep/jsonrpc4s_2.12/0.1.1/jsonrpc4s_2.12-0.1.1.jar
2026.07.13 14:28:51 INFO  Scala CLI: Downloading https://repo.scala-lang.org/artifactory/maven-nightlies/ch/epfl/scala/scala-debug-adapter_2.12/4.2.8/scala-debug-adapter_2.12-4.2.8.jar
2026.07.13 14:28:52 INFO  Scala CLI: Downloaded https://repo.scala-lang.org/artifactory/maven-nightlies/ch/epfl/scala/scala-debug-adapter_2.12/4.2.8/scala-debug-adapter_2.12-4.2.8.jar
2026.07.13 14:28:52 INFO  Scala CLI: Downloading https://repo.scala-lang.org/artifactory/maven-nightlies/org/scalameta/trees_2.12/4.13.8/trees_2.12-4.13.8.jar
2026.07.13 14:28:52 INFO  Scala CLI: Downloaded https://repo.scala-lang.org/artifactory/maven-nightlies/com/lihaoyi/fansi_2.12/0.5.1/fansi_2.12-0.5.1.jar
2026.07.13 14:28:52 INFO  Scala CLI: Downloading https://repo.scala-lang.org/artifactory/maven-nightlies/org/scalameta/common_2.12/4.13.8/common_2.12-4.13.8.jar
2026.07.13 14:29:06 INFO  Scala CLI: Downloaded https://repo.scala-lang.org/artifactory/maven-nightlies/org/scala-sbt/librarymanagement-core_2.12/1.12.0/librarymanagement-core_2.12-1.12.0.jar
2026.07.13 14:29:06 INFO  Scala CLI: Downloading https://repo.scala-lang.org/artifactory/maven-nightlies/org/scalameta/io_2.12/4.13.8/io_2.12-4.13.8.jar
2026.07.13 14:29:08 INFO  Scala CLI: Downloaded https://repo.scala-lang.org/artifactory/maven-nightlies/org/scalameta/io_2.12/4.13.8/io_2.12-4.13.8.jar
2026.07.13 14:29:08 INFO  Scala CLI: Downloading https://repo.scala-lang.org/artifactory/maven-nightlies/org/scala-lang/modules/scala-xml_2.12/2.3.0/scala-xml_2.12-2.3.0.jar
2026.07.13 14:29:19 ERROR Timeout waiting for 'build/initialize' response
2026.07.13 14:29:19 ERROR Error starting Scala CLI
java.util.concurrent.TimeoutException
	at java.util.concurrent.CompletableFuture.timedGet(CompletableFuture.java:1960)
	at java.util.concurrent.CompletableFuture.get(CompletableFuture.java:2095)
	at scala.meta.internal.metals.BuildServerConnection$.initialize(BuildServerConnection.scala:806)
	at scala.meta.internal.metals.BuildServerConnection$.$anonfun$fromSockets$1(BuildServerConnection.scala:658)
	at scala.concurrent.impl.Promise$Transformation.run(Promise.scala:500)
	at java.util.concurrent.ThreadPoolExecutor.runWorker(ThreadPoolExecutor.java:1136)
	at java.util.concurrent.ThreadPoolExecutor$Worker.run(ThreadPoolExecutor.java:635)
	at java.lang.Thread.run(Thread.java:840)

2026.07.13 14:29:19 WARN  no build target for: /nfs/home/yanglucheng/workspace/CodeReading/AxiInfra/src/main/scala/xs/infra/axi/AxiReorder.scala
2026.07.13 14:29:33 INFO  BSP server: [22-compile] Entered buildTargetCompile
2026.07.13 14:29:33 INFO  BSP server: [22-compile] buildTargetCompile took 1 msec
Jul 13, 2026 2:30:16 PM org.eclipse.lsp4j.jsonrpc.services.GenericEndpoint notify
INFO: Unsupported notification method: $/setTrace
Jul 13, 2026 2:30:16 PM org.eclipse.lsp4j.jsonrpc.services.GenericEndpoint notify
INFO: Unsupported notification method: $/setTrace
2026.07.13 14:30:33 INFO  BSP server: [23-compile] Entered buildTargetCompile
2026.07.13 14:30:33 INFO  BSP server: [23-compile] buildTargetCompile took 0 msec
2026.07.13 14:31:33 INFO  BSP server: [24-compile] Entered buildTargetCompile
2026.07.13 14:31:33 INFO  BSP server: [24-compile] buildTargetCompile took 0 msec
2026.07.13 14:32:33 INFO  BSP server: [25-compile] Entered buildTargetCompile
2026.07.13 14:32:33 INFO  BSP server: [25-compile] buildTargetCompile took 1 msec
Jul 13, 2026 5:40:56 PM org.eclipse.lsp4j.jsonrpc.RemoteEndpoint handleCancellation
WARNING: Unmatched cancel notification for request id 59
Jul 14, 2026 9:48:30 AM org.eclipse.lsp4j.jsonrpc.RemoteEndpoint handleCancellation
WARNING: Unmatched cancel notification for request id 92
Jul 14, 2026 10:41:42 AM org.eclipse.lsp4j.jsonrpc.services.GenericEndpoint notify
INFO: Unsupported notification method: $/setTrace
2026.07.15 10:03:41 INFO  Shutting down server
2026.07.15 10:03:41 INFO  Memory monitor stopped
2026.07.15 10:03:41 INFO  shutting down Metals
2026.07.15 10:03:41 INFO  BSP server: [26-buildShutdown] Entered buildShutdown
2026.07.15 10:03:41 INFO  BSP server: [27-onBuildExit] Entered onBuildExit
2026.07.15 10:03:41 INFO  Shut down connection with build server.
2026.07.15 10:03:41 INFO  Exiting server
2026.07.15 10:58:59 INFO  Started: Metals version 1.6.7 in folders '/nfs/home/yanglucheng/workspace/test/AxiInfra/ut/AxiReorder' for client Visual Studio Code 1.128.1.
2026.07.15 10:58:59 INFO  Memory monitor started
2026.07.15 10:59:00 WARN  Using H2 2.4.240 which is newer than the version Flyway has been verified with. The latest verified version of H2 is 2.3.232.
2026.07.15 10:59:00 INFO  Attempting to connect to the build server...
2026.07.15 10:59:00 INFO  Regenerating mill-bsp json config to latest.
2026.07.15 10:59:00 INFO  mill version 1.1.3 detected to use as a bsp server.
2026.07.15 10:59:01 INFO  Creating BSP connection file: /nfs/home/yanglucheng/workspace/CodeReading/AxiInfra/.bsp/mill-bsp.json
2026.07.15 10:59:02 INFO  time: ran 'mill-bsp bspConfig' in 1.4s
2026.07.15 10:59:02 INFO  Attempting to connect to the build server...
2026.07.15 10:59:02 INFO  Running BSP server List(/nfs/home/yanglucheng/.cache/mill/download/1.0.6, --bsp, --ticker, false, --color, false, --jobs, 0)
2026.07.15 10:59:02 INFO  tracing is disabled for protocol BSP, to enable tracing of incoming and outgoing JSON messages create an empty file at /nfs/home/yanglucheng/workspace/test/AxiInfra/ut/AxiReorder/.metals/bsp.trace.json or /nfs/home/yanglucheng/.cache/metals/bsp.trace.json
2026.07.15 10:59:02 INFO  BSP server: Mill is running in BSP mode, using a separate output directory 'out/mill-bsp-out'. If you would like to reuse the regular `out/` directory, set the 'MILL_NO_SEPARATE_BSP_OUTPUT_DIR' environment variable. This will reduce the CPU usage of the BSP server but make it less responsive.
2026.07.15 10:59:02 INFO  BSP server: [bsp] Trying to load BSP server...
2026.07.15 10:59:03 INFO  BSP server: [bsp] BSP server started
2026.07.15 10:59:03 INFO  BSP server: [1-buildInitialize] Entered buildInitialize
2026.07.15 10:59:03 INFO  BSP server: [1-buildInitialize] Got client semanticdbVersion: 4.15.2. Enabling SemanticDB support.
2026.07.15 10:59:03 INFO  BSP server: [1-buildInitialize] buildInitialize took 9 msec
2026.07.15 10:59:03 INFO  BSP server: [2-onBuildInitialized] Build initialized
2026.07.15 10:59:03 INFO  time: Connected to build server in 3.02s
2026.07.15 10:59:03 INFO  Connected to Build server: mill-bsp v1.0.6
2026.07.15 10:59:06 INFO  BSP server: [bsp-init] 1.0.6
2026.07.15 10:59:06 INFO  BSP server: [bsp-watch] Watching for changes to 4 paths (via fsnotify) and 5 other values...
2026.07.15 10:59:06 INFO  BSP server: [3-workspaceBuildTargets] Entered workspaceBuildTargets
2026.07.15 10:59:06 INFO  BSP server: java.io.IOException: User limit of inotify watches reached
2026.07.15 10:59:06 INFO  BSP server: 	at java.base/sun.nio.fs.LinuxWatchService$Poller.implRegister(LinuxWatchService.java:266)
2026.07.15 10:59:06 INFO  BSP server: 	at java.base/sun.nio.fs.AbstractPoller.processRequests(AbstractPoller.java:265)
2026.07.15 10:59:06 INFO  BSP server: 	at java.base/sun.nio.fs.LinuxWatchService$Poller.run(LinuxWatchService.java:366)
2026.07.15 10:59:06 INFO  BSP server: 	at java.base/java.lang.Thread.run(Thread.java:829)
2026.07.15 10:59:06 INFO  BSP server: 
2026.07.15 10:59:06 INFO  BSP server: Exception in thread "main" java.io.IOException: User limit of inotify watches reached
2026.07.15 10:59:06 INFO  BSP server: 	at java.base/sun.nio.fs.LinuxWatchService$Poller.implRegister(LinuxWatchService.java:266)
2026.07.15 10:59:06 INFO  BSP server: 	at java.base/sun.nio.fs.AbstractPoller.processRequests(AbstractPoller.java:265)
2026.07.15 10:59:06 INFO  BSP server: 	at java.base/sun.nio.fs.LinuxWatchService$Poller.run(LinuxWatchService.java:366)
2026.07.15 10:59:06 INFO  BSP server: 	at java.base/java.lang.Thread.run(Thread.java:829)
2026.07.15 10:59:06 INFO  BSP server: [3-workspaceBuildTargets] Evaluating 30 tasks
2026.07.15 10:59:06 INFO  BSP server: [3-workspaceBuildTargets] workspaceBuildTargets took 176 msec
2026.07.15 10:59:06 INFO  BSP server: [3-workspaceBuildTargets] workspaceBuildTargets caught exception: java.util.concurrent.RejectedExecutionException: Task mill.exec.ExecutionContexts$ThreadPool$PriorityRunnable@673bfb rejected from java.util.concurrent.ThreadPoolExecutor@2785da42[Terminated, pool size = 0, active threads = 0, queued tasks = 0, completed tasks = 266]
2026.07.15 10:59:06 INFO  BSP server: [3-workspaceBuildTargets] java.util.concurrent.RejectedExecutionException: Task mill.exec.ExecutionContexts$ThreadPool$PriorityRunnable@673bfb rejected from java.util.concurrent.ThreadPoolExecutor@2785da42[Terminated, pool size = 0, active threads = 0, queued tasks = 0, completed tasks = 266]
2026.07.15 10:59:06 INFO  BSP server: [3-workspaceBuildTargets] 	at java.base/java.util.concurrent.ThreadPoolExecutor$AbortPolicy.rejectedExecution(ThreadPoolExecutor.java:2055)
2026.07.15 10:59:06 INFO  BSP server: [3-workspaceBuildTargets] 	at java.base/java.util.concurrent.ThreadPoolExecutor.reject(ThreadPoolExecutor.java:825)
2026.07.15 10:59:06 INFO  BSP server: [3-workspaceBuildTargets] 	at java.base/java.util.concurrent.ThreadPoolExecutor.execute(ThreadPoolExecutor.java:1355)
2026.07.15 10:59:06 INFO  BSP server: [3-workspaceBuildTargets] 	at mill.exec.ExecutionContexts$ThreadPool.execute(ExecutionContexts.scala:63)
2026.07.15 10:59:06 INFO  BSP server: [3-workspaceBuildTargets] 	at scala.concurrent.impl.Promise$Transformation.submitWithValue(Promise.scala:429)
2026.07.15 10:59:06 INFO  BSP server: [3-workspaceBuildTargets] 	at scala.concurrent.impl.Promise$DefaultPromise.submitWithValue(Promise.scala:338)
2026.07.15 10:59:06 INFO  BSP server: [3-workspaceBuildTargets] 	at scala.concurrent.impl.Promise$DefaultPromise.dispatchOrAddCallbacks(Promise.scala:312)
2026.07.15 10:59:06 INFO  BSP server: [3-workspaceBuildTargets] 	at scala.concurrent.impl.Promise$DefaultPromise.map(Promise.scala:182)
2026.07.15 10:59:06 INFO  BSP server: [3-workspaceBuildTargets] 	at mill.exec.Execution.evaluateTerminals$1$$anonfun$1(Execution.scala:271)
2026.07.15 10:59:06 INFO  BSP server: [3-workspaceBuildTargets] 	at scala.runtime.function.JProcedure1.apply(JProcedure1.java:15)
2026.07.15 10:59:06 INFO  BSP server: [3-workspaceBuildTargets] 	at scala.runtime.function.JProcedure1.apply(JProcedure1.java:10)
2026.07.15 10:59:06 INFO  BSP server: [3-workspaceBuildTargets] 	at scala.collection.IterableOnceOps.foreach(IterableOnce.scala:619)
2026.07.15 10:59:06 INFO  BSP server: [3-workspaceBuildTargets] 	at scala.collection.IterableOnceOps.foreach$(IterableOnce.scala:617)
2026.07.15 10:59:06 INFO  BSP server: [3-workspaceBuildTargets] 	at scala.collection.AbstractIterable.foreach(Iterable.scala:935)
2026.07.15 10:59:06 INFO  BSP server: [3-workspaceBuildTargets] 	at mill.exec.Execution.evaluateTerminals$1(Execution.scala:160)
2026.07.15 10:59:06 INFO  BSP server: [3-workspaceBuildTargets] 	at mill.exec.Execution.execute0$$anonfun$1(Execution.scala:293)
2026.07.15 10:59:06 INFO  BSP server: [3-workspaceBuildTargets] 	at mill.api.daemon.Logger.withChromeProfile(Logger.scala:50)
2026.07.15 10:59:06 INFO  BSP server: [3-workspaceBuildTargets] 	at mill.api.daemon.Logger.withChromeProfile$(Logger.scala:12)
2026.07.15 10:59:06 INFO  BSP server: [3-workspaceBuildTargets] 	at mill.internal.PrefixLogger.withChromeProfile(PrefixLogger.scala:21)
2026.07.15 10:59:06 INFO  BSP server: [3-workspaceBuildTargets] 	at mill.exec.Execution.execute0(Execution.scala:334)
2026.07.15 10:59:06 INFO  BSP server: [3-workspaceBuildTargets] 	at mill.exec.Execution.executeTasks$$anonfun$1$$anonfun$1(Execution.scala:97)
2026.07.15 10:59:06 INFO  BSP server: [3-workspaceBuildTargets] 	at scala.util.DynamicVariable.withValue(DynamicVariable.scala:59)
2026.07.15 10:59:06 INFO  BSP server: [3-workspaceBuildTargets] 	at mill.exec.Execution.executeTasks$$anonfun$1(Execution.scala:98)
2026.07.15 10:59:06 INFO  BSP server: [3-workspaceBuildTargets] 	at mill.api.daemon.Logger$Prompt$NoOp.withPromptUnpaused(Logger.scala:191)
2026.07.15 10:59:06 INFO  BSP server: [3-workspaceBuildTargets] 	at mill.exec.Execution.executeTasks(Execution.scala:99)
2026.07.15 10:59:06 INFO  Failed to run request with params WorkspaceBuildTargetsResult
org.eclipse.lsp4j.jsonrpc.ResponseErrorException: Internal error.
	at org.eclipse.lsp4j.jsonrpc.RemoteEndpoint.handleResponse(RemoteEndpoint.java:214)
	at org.eclipse.lsp4j.jsonrpc.RemoteEndpoint.consume(RemoteEndpoint.java:198)
	at scala.meta.internal.metals.RequestMonitorImpl$$anon$1.consume(ServerLivenessMonitor.scala:41)
	at org.eclipse.lsp4j.jsonrpc.json.StreamMessageProducer.handleMessage(StreamMessageProducer.java:189)
	at org.eclipse.lsp4j.jsonrpc.json.StreamMessageProducer.listen(StreamMessageProducer.java:97)
	at org.eclipse.lsp4j.jsonrpc.json.ConcurrentMessageProcessor.run(ConcurrentMessageProcessor.java:97)
	at java.util.concurrent.Executors$RunnableAdapter.call(Executors.java:539)
	at java.util.concurrent.FutureTask.run(FutureTask.java:264)
	at java.util.concurrent.ThreadPoolExecutor.runWorker(ThreadPoolExecutor.java:1136)
	at java.util.concurrent.ThreadPoolExecutor$Worker.run(ThreadPoolExecutor.java:635)
	at java.lang.Thread.run(Thread.java:840)

2026.07.15 10:59:06 INFO  BSP server: [3-workspaceBuildTargets] 	at mill.eval.EvaluatorImpl.execute(EvaluatorImpl.scala:194)
2026.07.15 10:59:06 INFO  BSP server: [3-workspaceBuildTargets] 	at mill.api.Evaluator.executeApi$$anonfun$2(Evaluator.scala:128)
2026.07.15 10:59:06 INFO  BSP server: [3-workspaceBuildTargets] 	at mill.api.BuildCtx$.withFilesystemCheckerDisabled$$anonfun$1(BuildCtx.scala:31)
2026.07.15 10:59:06 INFO  BSP server: [3-workspaceBuildTargets] 	at scala.util.DynamicVariable.withValue(DynamicVariable.scala:59)
2026.07.15 10:59:06 INFO  Disconnecting from mill-bsp session...
2026.07.15 10:59:06 INFO  BSP server: [3-workspaceBuildTargets] 	at mill.api.BuildCtx$.withFilesystemCheckerDisabled(BuildCtx.scala:31)
2026.07.15 10:59:06 INFO  BSP server: [3-workspaceBuildTargets] 	at mill.api.Evaluator.executeApi(Evaluator.scala:130)
2026.07.15 10:59:06 ERROR Failed to connect with build server, no functionality will work.
scala.meta.internal.metals.MetalsBspException: BSP connection failed in the attempt to get: WorkspaceBuildTargetsResult
	at scala.meta.internal.metals.BuildServerConnection$$anonfun$1.$anonfun$applyOrElse$9(BuildServerConnection.scala:585)
	at scala.Option.getOrElse(Option.scala:201)
	at scala.meta.internal.metals.BuildServerConnection$$anonfun$1.applyOrElse(BuildServerConnection.scala:585)
	at scala.meta.internal.metals.BuildServerConnection$$anonfun$1.applyOrElse(BuildServerConnection.scala:560)
	at scala.concurrent.impl.Promise$Transformation.run(Promise.scala:523)
	at java.util.concurrent.ThreadPoolExecutor.runWorker(ThreadPoolExecutor.java:1136)
	at java.util.concurrent.ThreadPoolExecutor$Worker.run(ThreadPoolExecutor.java:635)
	at java.lang.Thread.run(Thread.java:840)
Caused by: org.eclipse.lsp4j.jsonrpc.ResponseErrorException: Internal error.
	at org.eclipse.lsp4j.jsonrpc.RemoteEndpoint.handleResponse(RemoteEndpoint.java:214)
	at org.eclipse.lsp4j.jsonrpc.RemoteEndpoint.consume(RemoteEndpoint.java:198)
	at scala.meta.internal.metals.RequestMonitorImpl$$anon$1.consume(ServerLivenessMonitor.scala:41)
	at org.eclipse.lsp4j.jsonrpc.json.StreamMessageProducer.handleMessage(StreamMessageProducer.java:189)
	at org.eclipse.lsp4j.jsonrpc.json.StreamMessageProducer.listen(StreamMessageProducer.java:97)
	at org.eclipse.lsp4j.jsonrpc.json.ConcurrentMessageProcessor.run(ConcurrentMessageProcessor.java:97)
	at java.util.concurrent.Executors$RunnableAdapter.call(Executors.java:539)
	at java.util.concurrent.FutureTask.run(FutureTask.java:264)
	at java.util.concurrent.ThreadPoolExecutor.runWorker(ThreadPoolExecutor.java:1136)
	at java.util.concurrent.ThreadPoolExecutor$Worker.run(ThreadPoolExecutor.java:635)
	at java.lang.Thread.run(Thread.java:840)

2026.07.15 10:59:06 INFO  BSP server: [3-workspaceBuildTargets] 	at mill.api.Evaluator.executeApi$(Evaluator.scala:22)
2026.07.15 10:59:06 INFO  BSP server: [3-workspaceBuildTargets] 	at mill.eval.EvaluatorImpl.executeApi(EvaluatorImpl.scala:24)
2026.07.15 10:59:06 INFO  Shut down connection with build server.
2026.07.15 10:59:06 INFO  BSP server: [3-workspaceBuildTargets] 	at mill.bsp.worker.MillBuildServer.evaluate(MillBuildServer.scala:1012)
2026.07.15 10:59:06 INFO  BSP server: [3-workspaceBuildTargets] 	at mill.bsp.worker.MillBuildServer.$anonfun$37(MillBuildServer.scala:814)
2026.07.15 10:59:06 INFO  BSP server: [3-workspaceBuildTargets] 	at scala.collection.immutable.List.flatMap(List.scala:294)
2026.07.15 10:59:06 INFO  BSP server: [3-workspaceBuildTargets] 	at scala.collection.immutable.List.flatMap(List.scala:79)
2026.07.15 10:59:06 INFO  BSP server: [3-workspaceBuildTargets] 	at mill.bsp.worker.MillBuildServer.handlerTasksEvaluators$$anonfun$1(MillBuildServer.scala:808)
2026.07.15 10:59:06 INFO  BSP server: [3-workspaceBuildTargets] 	at mill.bsp.worker.MillBuildServer.$anonfun$41(MillBuildServer.scala:922)
2026.07.15 10:59:06 INFO  BSP server: [3-workspaceBuildTargets] 	at scala.runtime.function.JProcedure1.apply(JProcedure1.java:15)
2026.07.15 10:59:06 INFO  BSP server: [3-workspaceBuildTargets] 	at scala.runtime.function.JProcedure1.apply(JProcedure1.java:10)
2026.07.15 10:59:06 INFO  BSP server: [3-workspaceBuildTargets] 	at mill.bsp.worker.MillBuildServer$$anon$1.run$$anonfun$1$$anonfun$1$$anonfun$1(MillBuildServer.scala:876)
2026.07.15 10:59:06 INFO  BSP server: [3-workspaceBuildTargets] 	at scala.Option.foreach(Option.scala:437)
2026.07.15 10:59:06 INFO  BSP server: [3-workspaceBuildTargets] 	at mill.bsp.worker.MillBuildServer$$anon$1.run$$anonfun$1$$anonfun$1(MillBuildServer.scala:873)
2026.07.15 10:59:06 INFO  BSP server: [3-workspaceBuildTargets] 	at mill.bsp.worker.MillBuildServer$$anon$1.run$$anonfun$1$$anonfun$adapted$1(MillBuildServer.scala:886)
2026.07.15 10:59:06 INFO  BSP server: [3-workspaceBuildTargets] 	at mill.server.MillDaemonServer$.withOutLock$$anonfun$1(MillDaemonServer.scala:188)
2026.07.15 10:59:06 INFO  BSP server: [3-workspaceBuildTargets] 	at scala.util.Using$.resource(Using.scala:296)
2026.07.15 10:59:06 INFO  BSP server: [3-workspaceBuildTargets] 	at mill.server.MillDaemonServer$.withOutLock(MillDaemonServer.scala:190)
2026.07.15 10:59:06 INFO  BSP server: [3-workspaceBuildTargets] 	at mill.bsp.worker.MillBuildServer$$anon$1.run$$anonfun$1(MillBuildServer.scala:886)
2026.07.15 10:59:06 INFO  BSP server: [3-workspaceBuildTargets] 	at scala.runtime.function.JProcedure1.apply(JProcedure1.java:15)
2026.07.15 10:59:06 INFO  BSP server: [3-workspaceBuildTargets] 	at scala.runtime.function.JProcedure1.apply(JProcedure1.java:10)
2026.07.15 10:59:06 INFO  BSP server: [3-workspaceBuildTargets] 	at scala.Option.foreach(Option.scala:437)
2026.07.15 10:59:06 INFO  BSP server: [3-workspaceBuildTargets] 	at mill.bsp.worker.MillBuildServer$$anon$1.run(MillBuildServer.scala:863)
2026.07.15 10:59:06 INFO  BSP server: Jul 15, 2026 10:59:06 AM org.eclipse.lsp4j.jsonrpc.RemoteEndpoint fallbackResponseError
2026.07.15 10:59:06 INFO  BSP server: SEVERE: Internal error: java.util.concurrent.RejectedExecutionException: Task mill.exec.ExecutionContexts$ThreadPool$PriorityRunnable@673bfb rejected from java.util.concurrent.ThreadPoolExecutor@2785da42[Terminated, pool size = 0, active threads = 0, queued tasks = 0, completed tasks = 266]
2026.07.15 10:59:06 INFO  BSP server: java.util.concurrent.CompletionException: java.util.concurrent.RejectedExecutionException: Task mill.exec.ExecutionContexts$ThreadPool$PriorityRunnable@673bfb rejected from java.util.concurrent.ThreadPoolExecutor@2785da42[Terminated, pool size = 0, active threads = 0, queued tasks = 0, completed tasks = 266]
2026.07.15 10:59:06 INFO  BSP server: 	at java.base/java.util.concurrent.CompletableFuture.encodeThrowable(CompletableFuture.java:331)
2026.07.15 10:59:06 INFO  BSP server: 	at java.base/java.util.concurrent.CompletableFuture.completeThrowable(CompletableFuture.java:346)
2026.07.15 10:59:06 INFO  BSP server: 	at java.base/java.util.concurrent.CompletableFuture$UniAccept.tryFire(CompletableFuture.java:704)
2026.07.15 10:59:06 INFO  BSP server: 	at java.base/java.util.concurrent.CompletableFuture.postComplete(CompletableFuture.java:506)
2026.07.15 10:59:06 INFO  BSP server: 	at java.base/java.util.concurrent.CompletableFuture.completeExceptionally(CompletableFuture.java:2088)
2026.07.15 10:59:06 INFO  BSP server: 	at mill.bsp.worker.MillBuildServer.$anonfun$41(MillBuildServer.scala:936)
2026.07.15 10:59:06 INFO  BSP server: 	at scala.runtime.function.JProcedure1.apply(JProcedure1.java:15)
2026.07.15 10:59:06 INFO  BSP server: 	at scala.runtime.function.JProcedure1.apply(JProcedure1.java:10)
2026.07.15 10:59:06 INFO  BSP server: 	at mill.bsp.worker.MillBuildServer$$anon$1.run$$anonfun$1$$anonfun$1$$anonfun$1(MillBuildServer.scala:876)
2026.07.15 10:59:06 INFO  BSP server: 	at scala.Option.foreach(Option.scala:437)
2026.07.15 10:59:06 INFO  BSP server: 	at mill.bsp.worker.MillBuildServer$$anon$1.run$$anonfun$1$$anonfun$1(MillBuildServer.scala:873)
2026.07.15 10:59:06 INFO  BSP server: 	at mill.bsp.worker.MillBuildServer$$anon$1.run$$anonfun$1$$anonfun$adapted$1(MillBuildServer.scala:886)
2026.07.15 10:59:06 INFO  BSP server: 	at mill.server.MillDaemonServer$.withOutLock$$anonfun$1(MillDaemonServer.scala:188)
2026.07.15 10:59:06 INFO  BSP server: 	at scala.util.Using$.resource(Using.scala:296)
2026.07.15 10:59:06 INFO  BSP server: 	at mill.server.MillDaemonServer$.withOutLock(MillDaemonServer.scala:190)
2026.07.15 10:59:06 INFO  BSP server: 	at mill.bsp.worker.MillBuildServer$$anon$1.run$$anonfun$1(MillBuildServer.scala:886)
2026.07.15 10:59:06 INFO  BSP server: 	at scala.runtime.function.JProcedure1.apply(JProcedure1.java:15)
2026.07.15 10:59:06 INFO  BSP server: 	at scala.runtime.function.JProcedure1.apply(JProcedure1.java:10)
2026.07.15 10:59:06 INFO  BSP server: 	at scala.Option.foreach(Option.scala:437)
2026.07.15 10:59:06 INFO  BSP server: 	at mill.bsp.worker.MillBuildServer$$anon$1.run(MillBuildServer.scala:863)
2026.07.15 10:59:06 INFO  BSP server: Caused by: java.util.concurrent.RejectedExecutionException: Task mill.exec.ExecutionContexts$ThreadPool$PriorityRunnable@673bfb rejected from java.util.concurrent.ThreadPoolExecutor@2785da42[Terminated, pool size = 0, active threads = 0, queued tasks = 0, completed tasks = 266]
2026.07.15 10:59:06 INFO  BSP server: 	at java.base/java.util.concurrent.ThreadPoolExecutor$AbortPolicy.rejectedExecution(ThreadPoolExecutor.java:2055)
2026.07.15 10:59:06 INFO  BSP server: 	at java.base/java.util.concurrent.ThreadPoolExecutor.reject(ThreadPoolExecutor.java:825)
2026.07.15 10:59:06 INFO  BSP server: 	at java.base/java.util.concurrent.ThreadPoolExecutor.execute(ThreadPoolExecutor.java:1355)
2026.07.15 10:59:06 INFO  BSP server: 	at mill.exec.ExecutionContexts$ThreadPool.execute(ExecutionContexts.scala:63)
2026.07.15 10:59:06 INFO  BSP server: 	at scala.concurrent.impl.Promise$Transformation.submitWithValue(Promise.scala:429)
2026.07.15 10:59:06 INFO  BSP server: 	at scala.concurrent.impl.Promise$DefaultPromise.submitWithValue(Promise.scala:338)
2026.07.15 10:59:06 INFO  BSP server: 	at scala.concurrent.impl.Promise$DefaultPromise.dispatchOrAddCallbacks(Promise.scala:312)
2026.07.15 10:59:06 INFO  BSP server: 	at scala.concurrent.impl.Promise$DefaultPromise.map(Promise.scala:182)
2026.07.15 10:59:06 INFO  BSP server: 	at mill.exec.Execution.evaluateTerminals$1$$anonfun$1(Execution.scala:271)
2026.07.15 10:59:06 INFO  BSP server: 	at scala.runtime.function.JProcedure1.apply(JProcedure1.java:15)
2026.07.15 10:59:06 INFO  BSP server: 	at scala.runtime.function.JProcedure1.apply(JProcedure1.java:10)
2026.07.15 10:59:06 INFO  BSP server: 	at scala.collection.IterableOnceOps.foreach(IterableOnce.scala:619)
2026.07.15 10:59:06 INFO  BSP server: 	at scala.collection.IterableOnceOps.foreach$(IterableOnce.scala:617)
2026.07.15 10:59:06 INFO  BSP server: 	at scala.collection.AbstractIterable.foreach(Iterable.scala:935)
2026.07.15 10:59:06 INFO  BSP server: 	at mill.exec.Execution.evaluateTerminals$1(Execution.scala:160)
2026.07.15 10:59:06 INFO  BSP server: 	at mill.exec.Execution.execute0$$anonfun$1(Execution.scala:293)
2026.07.15 10:59:06 INFO  BSP server: 	at mill.api.daemon.Logger.withChromeProfile(Logger.scala:50)
2026.07.15 10:59:06 INFO  BSP server: 	at mill.api.daemon.Logger.withChromeProfile$(Logger.scala:12)
2026.07.15 10:59:06 INFO  BSP server: 	at mill.internal.PrefixLogger.withChromeProfile(PrefixLogger.scala:21)
2026.07.15 10:59:06 INFO  BSP server: 	at mill.exec.Execution.execute0(Execution.scala:334)
2026.07.15 10:59:06 INFO  BSP server: 	at mill.exec.Execution.executeTasks$$anonfun$1$$anonfun$1(Execution.scala:97)
2026.07.15 10:59:06 INFO  BSP server: 	at scala.util.DynamicVariable.withValue(DynamicVariable.scala:59)
2026.07.15 10:59:06 INFO  BSP server: 	at mill.exec.Execution.executeTasks$$anonfun$1(Execution.scala:98)
2026.07.15 10:59:06 INFO  BSP server: 	at mill.api.daemon.Logger$Prompt$NoOp.withPromptUnpaused(Logger.scala:191)
2026.07.15 10:59:06 INFO  BSP server: 	at mill.exec.Execution.executeTasks(Execution.scala:99)
2026.07.15 10:59:06 INFO  BSP server: 	at mill.eval.EvaluatorImpl.execute(EvaluatorImpl.scala:194)
2026.07.15 10:59:06 INFO  BSP server: 	at mill.api.Evaluator.executeApi$$anonfun$2(Evaluator.scala:128)
2026.07.15 10:59:06 INFO  BSP server: 	at mill.api.BuildCtx$.withFilesystemCheckerDisabled$$anonfun$1(BuildCtx.scala:31)
2026.07.15 10:59:06 INFO  BSP server: 	at scala.util.DynamicVariable.withValue(DynamicVariable.scala:59)
2026.07.15 10:59:06 INFO  BSP server: 	at mill.api.BuildCtx$.withFilesystemCheckerDisabled(BuildCtx.scala:31)
2026.07.15 10:59:06 INFO  BSP server: 	at mill.api.Evaluator.executeApi(Evaluator.scala:130)
2026.07.15 10:59:06 INFO  BSP server: 	at mill.api.Evaluator.executeApi$(Evaluator.scala:22)
2026.07.15 10:59:06 INFO  BSP server: 	at mill.eval.EvaluatorImpl.executeApi(EvaluatorImpl.scala:24)
2026.07.15 10:59:06 INFO  BSP server: 	at mill.bsp.worker.MillBuildServer.evaluate(MillBuildServer.scala:1012)
2026.07.15 10:59:06 INFO  BSP server: 	at mill.bsp.worker.MillBuildServer.$anonfun$37(MillBuildServer.scala:814)
2026.07.15 10:59:06 INFO  BSP server: 	at scala.collection.immutable.List.flatMap(List.scala:294)
2026.07.15 10:59:06 INFO  BSP server: 	at scala.collection.immutable.List.flatMap(List.scala:79)
2026.07.15 10:59:06 INFO  BSP server: 	at mill.bsp.worker.MillBuildServer.handlerTasksEvaluators$$anonfun$1(MillBuildServer.scala:808)
2026.07.15 10:59:06 INFO  BSP server: 	at mill.bsp.worker.MillBuildServer.$anonfun$41(MillBuildServer.scala:922)
2026.07.15 10:59:06 INFO  BSP server: 	... 14 more
2026.07.15 10:59:06 INFO  BSP server: 
2026.07.15 10:59:06 INFO  BSP server: [4-buildShutdown] Entered buildShutdown
2026.07.15 10:59:06 INFO  BSP server: [5-onBuildExit] Entered onBuildExit
2026.07.15 10:59:06 INFO  BSP server: Shutting down executor
2026.07.15 11:04:08 INFO  Shutting down server
2026.07.15 11:04:08 INFO  Memory monitor stopped
2026.07.15 11:04:08 INFO  shutting down Metals
2026.07.15 11:04:08 INFO  Exiting server
